coin_id,year,tags
'afg_abbasi_1_1',1880,'none'
'afg_abbasi_1_1',1881,'none'
'afg_abbasi_1_1',1882,'none'
'afg_abbasi_1_1',1883,'none'
'afg_abbasi_1_1',1884,'none'
'afg_abbasi_1_1',1885,'none'
'afg_abbasi_1_1',1886,'none'
'afg_abbasi_1_1',1887,'none'
'afg_abbasi_1_1',1888,'none'
'afg_abbasi_1_1',1889,'none'
'afg_abbasi_1_1',1890,'none'
'afg_abbasi_1_1',1891,'none'
'afg_abbasi_1_1',1892,'none'
'afg_abbasi_1_1',1893,'none'
'afg_abbasi_1_1',1894,'none'
'afg_abbasi_1_1',1895,'none'
'afg_abbasi_1_1',1896,'none'
'afg_abbasi_1_1',1897,'none'
'afg_abbasi_1_1',1898,'none'
'afg_abbasi_1_1',1899,'none'
'afg_abbasi_1_1',1900,'none'
'afg_abbasi_1_1',1901,'none'
'afg_abbasi_1_1',1902,'none'
'afg_abbasi_1_1',1903,'none'
'afg_abbasi_1_1',1904,'none'
'afg_abbasi_1_1',1905,'none'
'afg_abbasi_1_1',1906,'none'
'afg_abbasi_1_1',1907,'none'
'afg_abbasi_1_1',1908,'none'
'afg_abbasi_1_1',1909,'none'
'afg_abbasi_1_1',1910,'none'
'afg_abbasi_1_1',1911,'none'
'afg_abbasi_1_1',1912,'none'
'afg_abbasi_1_1',1913,'none'
'afg_abbasi_1_1',1914,'none'
'afg_abbasi_1_1',1915,'none'
'afg_abbasi_1_1',1916,'none'
'afg_abbasi_1_1',1917,'none'
'afg_abbasi_1_1',1918,'none'
'afg_abbasi_1_1',1919,'none'
'afg_afghani_1_1',1919,'none'
'afg_afghani_1_1',1920,'none'
'afg_afghani_1_1',1921,'none'
'afg_afghani_1_1',1922,'none'
'afg_afghani_1_1',1923,'none'
'afg_afghani_1_1',1924,'none'
'afg_afghani_1_1',1925,'none'
'afg_afghani_1_1',1926,'none'
'afg_afghani_1_1',1927,'none'
'afg_afghani_1_1',1928,'none'
'afg_afghani_1_1',1929,'none'
'afg_afghani_1_1',1930,'none'
'afg_afghani_1_1',1931,'none'
'afg_afghani_1_1',1932,'none'
'afg_afghani_1_1',1933,'none'
'afg_afghani_20_1',1929,'none'
'afg_afghani_20_1',1930,'none'
'afg_afghani_20_1',1931,'none'
'afg_afghani_fractional_1_2_1',1919,'none'
'afg_afghani_fractional_1_2_1',1920,'none'
'afg_afghani_fractional_1_2_1',1921,'none'
'afg_afghani_fractional_1_2_1',1922,'none'
'afg_afghani_fractional_1_2_1',1923,'none'
'afg_afghani_fractional_1_2_1',1924,'none'
'afg_afghani_fractional_1_2_1',1925,'none'
'afg_afghani_fractional_1_2_1',1926,'none'
'afg_afghani_fractional_1_2_1',1927,'none'
'afg_afghani_fractional_1_2_1',1928,'none'
'afg_afghani_fractional_1_2_1',1929,'none'
'afg_afghani_fractional_1_2_1',1930,'none'
'afg_afghani_fractional_1_2_1',1931,'none'
'afg_afghani_fractional_1_2_1',1932,'none'
'afg_afghani_fractional_1_2_1',1933,'none'
'afg_afghani_fractional_1_2_2',1933,'none'
'afg_afghani_fractional_1_2_2',1934,'none'
'afg_afghani_fractional_1_2_2',1935,'none'
'afg_afghani_fractional_1_2_2',1936,'none'
'afg_afghani_fractional_1_2_2',1937,'none'
'afg_afghani_fractional_2_1_2_1',1919,'none'
'afg_afghani_fractional_2_1_2_1',1920,'none'
'afg_afghani_fractional_2_1_2_1',1921,'none'
'afg_afghani_fractional_2_1_2_1',1922,'none'
'afg_afghani_fractional_2_1_2_1',1923,'none'
'afg_afghani_fractional_2_1_2_1',1924,'none'
'afg_afghani_fractional_2_1_2_1',1925,'none'
'afg_afghani_fractional_2_1_2_1',1926,'none'
'afg_afghani_fractional_2_1_2_1',1927,'none'
'afg_afghani_fractional_2_1_2_1',1928,'none'
'afg_afghani_fractional_2_1_2_1',1929,'none'
'afg_afghani_fractional_2_1_2_1',1930,'none'
'afg_afghani_fractional_2_1_2_1',1931,'none'
'afg_afghani_fractional_2_1_2_1',1932,'none'
'afg_afghani_fractional_2_1_2_1',1933,'none'
'afg_habibi_1_1',1929,'none'
'afg_habibi_1_1',1930,'none'
'afg_habibi_1_1',1931,'none'
'afg_qiran_1_1',1880,'none'
'afg_qiran_1_1',1881,'none'
'afg_qiran_1_1',1882,'none'
'afg_qiran_1_1',1883,'none'
'afg_qiran_1_1',1884,'none'
'afg_qiran_1_1',1885,'none'
'afg_qiran_1_1',1886,'none'
'afg_qiran_1_1',1887,'none'
'afg_qiran_1_1',1888,'none'
'afg_qiran_1_1',1889,'none'
'afg_qiran_1_1',1890,'none'
'afg_qiran_1_1',1891,'none'
'afg_qiran_1_1',1892,'none'
'afg_qiran_1_1',1893,'none'
'afg_qiran_1_1',1894,'none'
'afg_qiran_1_1',1895,'none'
'afg_qiran_1_1',1896,'none'
'afg_qiran_1_1',1897,'none'
'afg_qiran_1_1',1898,'none'
'afg_qiran_1_1',1899,'none'
'afg_qiran_1_1',1900,'none'
'afg_qiran_1_1',1901,'none'
'afg_qiran_1_1',1902,'none'
'afg_qiran_1_1',1903,'none'
'afg_qiran_1_1',1904,'none'
'afg_qiran_1_1',1905,'none'
'afg_qiran_1_1',1906,'none'
'afg_qiran_1_1',1907,'none'
'afg_qiran_1_1',1908,'none'
'afg_qiran_1_1',1909,'none'
'afg_qiran_1_1',1910,'none'
'afg_qiran_1_1',1911,'none'
'afg_qiran_1_1',1912,'none'
'afg_qiran_1_1',1913,'none'
'afg_qiran_1_1',1914,'none'
'afg_qiran_1_1',1915,'none'
'afg_qiran_1_1',1916,'none'
'afg_qiran_1_1',1917,'none'
'afg_qiran_1_1',1918,'none'
'afg_qiran_1_1',1919,'none'
'afg_qiran_1_2',1919,'none'
'afg_qiran_1_2',1920,'none'
'afg_qiran_1_2',1921,'none'
'afg_qiran_1_2',1922,'none'
'afg_qiran_1_2',1923,'none'
'afg_qiran_1_2',1924,'none'
'afg_qiran_1_2',1925,'none'
'afg_qiran_1_2',1926,'none'
'afg_qiran_1_2',1927,'none'
'afg_qiran_1_2',1928,'none'
'afg_qiran_1_2',1929,'none'
'afg_qiran_1_2',1930,'none'
'afg_qiran_1_2',1931,'none'
'afg_qiran_1_2',1932,'none'
'afg_qiran_1_2',1933,'none'
'afg_rupee_1_1',1880,'none'
'afg_rupee_1_1',1881,'none'
'afg_rupee_1_1',1882,'none'
'afg_rupee_1_1',1883,'none'
'afg_rupee_1_1',1884,'none'
'afg_rupee_1_1',1885,'none'
'afg_rupee_1_1',1886,'none'
'afg_rupee_1_1',1887,'none'
'afg_rupee_1_1',1888,'none'
'afg_rupee_1_1',1889,'none'
'afg_rupee_1_1',1890,'none'
'afg_rupee_1_1',1891,'none'
'afg_rupee_1_1',1892,'none'
'afg_rupee_1_1',1893,'none'
'afg_rupee_1_1',1894,'none'
'afg_rupee_1_1',1895,'none'
'afg_rupee_1_1',1896,'none'
'afg_rupee_1_1',1897,'none'
'afg_rupee_1_1',1898,'none'
'afg_rupee_1_1',1899,'none'
'afg_rupee_1_1',1900,'none'
'afg_rupee_1_1',1901,'none'
'afg_rupee_1_1',1902,'none'
'afg_rupee_1_1',1903,'none'
'afg_rupee_1_1',1904,'none'
'afg_rupee_1_1',1905,'none'
'afg_rupee_1_1',1906,'none'
'afg_rupee_1_1',1907,'none'
'afg_rupee_1_1',1908,'none'
'afg_rupee_1_1',1909,'none'
'afg_rupee_1_1',1910,'none'
'afg_rupee_1_1',1911,'none'
'afg_rupee_1_1',1912,'none'
'afg_rupee_1_1',1913,'none'
'afg_rupee_1_1',1914,'none'
'afg_rupee_1_1',1915,'none'
'afg_rupee_1_1',1916,'none'
'afg_rupee_1_1',1917,'none'
'afg_rupee_1_1',1918,'none'
'afg_rupee_1_1',1919,'none'
'afg_rupee_1_2',1919,'none'
'afg_rupee_1_2',1920,'none'
'afg_rupee_1_2',1921,'none'
'afg_rupee_1_2',1922,'none'
'afg_rupee_1_2',1923,'none'
'afg_rupee_1_2',1924,'none'
'afg_rupee_1_2',1925,'none'
'afg_rupee_1_2',1926,'none'
'afg_rupee_1_2',1927,'none'
'afg_rupee_1_2',1928,'none'
'afg_rupee_1_2',1929,'none'
'afg_rupee_1_2',1930,'none'
'afg_rupee_1_2',1931,'none'
'afg_rupee_1_2',1932,'none'
'afg_rupee_1_2',1933,'none'
'afg_rupee_5_1',1880,'none'
'afg_rupee_5_1',1881,'none'
'afg_rupee_5_1',1882,'none'
'afg_rupee_5_1',1883,'none'
'afg_rupee_5_1',1884,'none'
'afg_rupee_5_1',1885,'none'
'afg_rupee_5_1',1886,'none'
'afg_rupee_5_1',1887,'none'
'afg_rupee_5_1',1888,'none'
'afg_rupee_5_1',1889,'none'
'afg_rupee_5_1',1890,'none'
'afg_rupee_5_1',1891,'none'
'afg_rupee_5_1',1892,'none'
'afg_rupee_5_1',1893,'none'
'afg_rupee_5_1',1894,'none'
'afg_rupee_5_1',1895,'none'
'afg_rupee_5_1',1896,'none'
'afg_rupee_5_1',1897,'none'
'afg_rupee_5_1',1898,'none'
'afg_rupee_5_1',1899,'none'
'afg_rupee_5_1',1900,'none'
'afg_rupee_5_1',1901,'none'
'afg_rupee_5_1',1902,'none'
'afg_rupee_5_1',1903,'none'
'afg_rupee_5_1',1904,'none'
'afg_rupee_5_1',1905,'none'
'afg_rupee_5_1',1906,'none'
'afg_rupee_5_1',1907,'none'
'afg_rupee_5_1',1908,'none'
'afg_rupee_5_1',1909,'none'
'afg_rupee_5_1',1910,'none'
'afg_rupee_5_1',1911,'none'
'afg_rupee_5_1',1912,'none'
'afg_rupee_5_1',1913,'none'
'afg_rupee_5_1',1914,'none'
'afg_rupee_5_1',1915,'none'
'afg_rupee_5_1',1916,'none'
'afg_rupee_5_1',1917,'none'
'afg_rupee_5_1',1918,'none'
'afg_rupee_5_1',1919,'none'
'afg_rupee_fractional_2_1_2_1',1919,'none'
'afg_rupee_fractional_2_1_2_1',1920,'none'
'afg_rupee_fractional_2_1_2_1',1921,'none'
'afg_rupee_fractional_2_1_2_1',1922,'none'
'afg_rupee_fractional_2_1_2_1',1923,'none'
'afg_rupee_fractional_2_1_2_1',1924,'none'
'afg_rupee_fractional_2_1_2_1',1925,'none'
'afg_rupee_fractional_2_1_2_1',1926,'none'
'afg_rupee_fractional_2_1_2_1',1927,'none'
'afg_rupee_fractional_2_1_2_1',1928,'none'
'afg_rupee_fractional_2_1_2_1',1929,'none'
'afg_rupee_fractional_2_1_2_1',1930,'none'
'afg_rupee_fractional_2_1_2_1',1931,'none'
'afg_rupee_fractional_2_1_2_1',1932,'none'
'afg_rupee_fractional_2_1_2_1',1933,'none'
'afg_sanar_1_1',1880,'none'
'afg_sanar_1_1',1881,'none'
'afg_sanar_1_1',1882,'none'
'afg_sanar_1_1',1883,'none'
'afg_sanar_1_1',1884,'none'
'afg_sanar_1_1',1885,'none'
'afg_sanar_1_1',1886,'none'
'afg_sanar_1_1',1887,'none'
'afg_sanar_1_1',1888,'none'
'afg_sanar_1_1',1889,'none'
'afg_sanar_1_1',1890,'none'
'afg_sanar_1_1',1891,'none'
'afg_sanar_1_1',1892,'none'
'afg_sanar_1_1',1893,'none'
'afg_sanar_1_1',1894,'none'
'afg_sanar_1_1',1895,'none'
'afg_sanar_1_1',1896,'none'
'afg_sanar_1_1',1897,'none'
'afg_sanar_1_1',1898,'none'
'afg_sanar_1_1',1899,'none'
'afg_sanar_1_1',1900,'none'
'afg_sanar_1_1',1901,'none'
'afg_sanar_1_1',1902,'none'
'afg_sanar_1_1',1903,'none'
'afg_sanar_1_1',1904,'none'
'afg_sanar_1_1',1905,'none'
'afg_sanar_1_1',1906,'none'
'afg_sanar_1_1',1907,'none'
'afg_sanar_1_1',1908,'none'
'afg_sanar_1_1',1909,'none'
'afg_sanar_1_1',1910,'none'
'afg_sanar_1_1',1911,'none'
'afg_sanar_1_1',1912,'none'
'afg_sanar_1_1',1913,'none'
'afg_sanar_1_1',1914,'none'
'afg_sanar_1_1',1915,'none'
'afg_sanar_1_1',1916,'none'
'afg_sanar_1_1',1917,'none'
'afg_sanar_1_1',1918,'none'
'afg_sanar_1_1',1919,'none'
'afg_tilla_1_1',1880,'none'
'afg_tilla_1_1',1881,'none'
'afg_tilla_1_1',1882,'none'
'afg_tilla_1_1',1883,'none'
'afg_tilla_1_1',1884,'none'
'afg_tilla_1_1',1885,'none'
'afg_tilla_1_1',1886,'none'
'afg_tilla_1_1',1887,'none'
'afg_tilla_1_1',1888,'none'
'afg_tilla_1_1',1889,'none'
'afg_tilla_1_1',1890,'none'
'afg_tilla_1_1',1891,'none'
'afg_tilla_1_1',1892,'none'
'afg_tilla_1_1',1893,'none'
'afg_tilla_1_1',1894,'none'
'afg_tilla_1_1',1895,'none'
'afg_tilla_1_1',1896,'none'
'afg_tilla_1_1',1897,'none'
'afg_tilla_1_1',1898,'none'
'afg_tilla_1_1',1899,'none'
'afg_tilla_1_1',1900,'none'
'afg_tilla_1_1',1901,'none'
'afg_tilla_1_1',1902,'none'
'afg_tilla_1_1',1903,'none'
'afg_tilla_1_1',1904,'none'
'afg_tilla_1_1',1905,'none'
'afg_tilla_1_1',1906,'none'
'afg_tilla_1_1',1907,'none'
'afg_tilla_1_1',1908,'none'
'afg_tilla_1_1',1909,'none'
'afg_tilla_1_1',1910,'none'
'afg_tilla_1_1',1911,'none'
'afg_tilla_1_1',1912,'none'
'afg_tilla_1_1',1913,'none'
'afg_tilla_1_1',1914,'none'
'afg_tilla_1_1',1915,'none'
'afg_tilla_1_1',1916,'none'
'afg_tilla_1_1',1917,'none'
'afg_tilla_1_1',1918,'none'
'afg_tilla_1_1',1919,'none'
'afg_tilla_1_2',1920,'none'
'afg_tilla_1_3',1921,'none'
'afg_tilla_1_3',1922,'none'
'afg_tilla_1_3',1923,'none'
'afg_tilla_1_3',1924,'none'
'afg_tilla_1_3',1925,'none'
'afg_tilla_1_3',1926,'none'
'afg_tilla_1_3',1927,'none'
'afg_tilla_1_4',1934,'none'
'afg_tilla_1_5',1935,'none'
'afg_tilla_1_5',1936,'none'
'afg_tilla_1_5',1937,'none'
'afg_tilla_1_5',1938,'none'
'afg_tilla_2_1',1880,'none'
'afg_tilla_2_1',1881,'none'
'afg_tilla_2_1',1882,'none'
'afg_tilla_2_1',1883,'none'
'afg_tilla_2_1',1884,'none'
'afg_tilla_2_1',1885,'none'
'afg_tilla_2_1',1886,'none'
'afg_tilla_2_1',1887,'none'
'afg_tilla_2_1',1888,'none'
'afg_tilla_2_1',1889,'none'
'afg_tilla_2_1',1890,'none'
'afg_tilla_2_1',1891,'none'
'afg_tilla_2_1',1892,'none'
'afg_tilla_2_1',1893,'none'
'afg_tilla_2_1',1894,'none'
'afg_tilla_2_1',1895,'none'
'afg_tilla_2_1',1896,'none'
'afg_tilla_2_1',1897,'none'
'afg_tilla_2_1',1898,'none'
'afg_tilla_2_1',1899,'none'
'afg_tilla_2_1',1900,'none'
'afg_tilla_2_1',1901,'none'
'afg_tilla_2_1',1902,'none'
'afg_tilla_2_1',1903,'none'
'afg_tilla_2_1',1904,'none'
'afg_tilla_2_1',1905,'none'
'afg_tilla_2_1',1906,'none'
'afg_tilla_2_1',1907,'none'
'afg_tilla_2_1',1908,'none'
'afg_tilla_2_1',1909,'none'
'afg_tilla_2_1',1910,'none'
'afg_tilla_2_1',1911,'none'
'afg_tilla_2_1',1912,'none'
'afg_tilla_2_1',1913,'none'
'afg_tilla_2_1',1914,'none'
'afg_tilla_2_1',1915,'none'
'afg_tilla_2_1',1916,'none'
'afg_tilla_2_1',1917,'none'
'afg_tilla_2_1',1918,'none'
'afg_tilla_2_1',1919,'none'
'afg_tilla_2_2',1920,'none'
'afg_tilla_2_3',1921,'none'
'afg_tilla_2_3',1922,'none'
'afg_tilla_2_3',1923,'none'
'afg_tilla_2_3',1924,'none'
'afg_tilla_2_3',1925,'none'
'afg_tilla_2_3',1926,'none'
'afg_tilla_2_3',1927,'none'
'afg_tilla_2_4',1935,'none'
'afg_tilla_2_4',1936,'none'
'afg_tilla_2_4',1937,'none'
'afg_tilla_2_4',1938,'none'
'afg_tilla_5_1',1920,'none'
'afg_tilla_fractional_1_2_1',1920,'none'
'afg_tilla_fractional_1_2_2',1921,'none'
'afg_tilla_fractional_1_2_2',1922,'none'
'afg_tilla_fractional_1_2_2',1923,'none'
'afg_tilla_fractional_1_2_2',1924,'none'
'afg_tilla_fractional_1_2_2',1925,'none'
'afg_tilla_fractional_1_2_2',1926,'none'
'afg_tilla_fractional_1_2_2',1927,'none'
'afg_tilla_fractional_2_1_2_1',1921,'none'
'afg_tilla_fractional_2_1_2_1',1922,'none'
'afg_tilla_fractional_2_1_2_1',1923,'none'
'afg_tilla_fractional_2_1_2_1',1924,'none'
'afg_tilla_fractional_2_1_2_1',1925,'none'
'afg_tilla_fractional_2_1_2_1',1926,'none'
'afg_tilla_fractional_2_1_2_1',1927,'none'
'alb_frang ar_100_1',1926,'none'
'alb_frang ar_100_1',1927,'none'
'alb_frang ar_100_1',1928,'none'
'alb_frang ar_100_1',1929,'none'
'alb_frang ar_100_1',1930,'none'
'alb_frang ar_100_1',1931,'none'
'alb_frang ar_100_1',1932,'none'
'alb_frang ar_100_1',1933,'none'
'alb_frang ar_100_1',1934,'none'
'alb_frang ar_100_1',1935,'none'
'alb_frang ar_100_1',1936,'none'
'alb_frang ar_100_1',1937,'none'
'alb_frang ar_100_1',1938,'none'
'alb_frang ar_10_1',1926,'none'
'alb_frang ar_10_1',1927,'none'
'alb_frang ar_10_1',1928,'none'
'alb_frang ar_10_1',1929,'none'
'alb_frang ar_10_1',1930,'none'
'alb_frang ar_10_1',1931,'none'
'alb_frang ar_10_1',1932,'none'
'alb_frang ar_10_1',1933,'none'
'alb_frang ar_10_1',1934,'none'
'alb_frang ar_10_1',1935,'none'
'alb_frang ar_10_1',1936,'none'
'alb_frang ar_10_1',1937,'none'
'alb_frang ar_10_1',1938,'none'
'alb_frang ar_1_1',1925,'none'
'alb_frang ar_1_1',1926,'none'
'alb_frang ar_1_1',1927,'none'
'alb_frang ar_1_1',1928,'none'
'alb_frang ar_1_1',1929,'none'
'alb_frang ar_1_1',1930,'none'
'alb_frang ar_1_1',1931,'none'
'alb_frang ar_1_1',1932,'none'
'alb_frang ar_1_1',1933,'none'
'alb_frang ar_1_1',1934,'none'
'alb_frang ar_1_1',1935,'none'
'alb_frang ar_1_1',1936,'none'
'alb_frang ar_1_1',1937,'none'
'alb_frang ar_20_1',1926,'none'
'alb_frang ar_20_1',1927,'none'
'alb_frang ar_20_1',1928,'none'
'alb_frang ar_20_1',1929,'none'
'alb_frang ar_20_1',1930,'none'
'alb_frang ar_20_1',1931,'none'
'alb_frang ar_20_1',1932,'none'
'alb_frang ar_20_1',1933,'none'
'alb_frang ar_20_1',1934,'none'
'alb_frang ar_20_1',1935,'none'
'alb_frang ar_20_1',1936,'none'
'alb_frang ar_20_1',1937,'none'
'alb_frang ar_20_1',1938,'none'
'alb_frang ar_2_1',1925,'none'
'alb_frang ar_2_1',1926,'none'
'alb_frang ar_2_1',1927,'none'
'alb_frang ar_2_1',1928,'none'
'alb_frang ar_2_1',1929,'none'
'alb_frang ar_2_1',1930,'none'
'alb_frang ar_2_1',1931,'none'
'alb_frang ar_2_1',1932,'none'
'alb_frang ar_2_1',1933,'none'
'alb_frang ar_2_1',1934,'none'
'alb_frang ar_2_1',1935,'none'
'alb_frang ar_2_1',1936,'none'
'alb_frang ar_2_1',1937,'none'
'alb_frang ar_50_1',1926,'none'
'alb_frang ar_50_1',1927,'none'
'alb_frang ar_50_1',1928,'none'
'alb_frang ar_50_1',1929,'none'
'alb_frang ar_50_1',1930,'none'
'alb_frang ar_50_1',1931,'none'
'alb_frang ar_50_1',1932,'none'
'alb_frang ar_50_1',1933,'none'
'alb_frang ar_50_1',1934,'none'
'alb_frang ar_50_1',1935,'none'
'alb_frang ar_50_1',1936,'none'
'alb_frang ar_50_1',1937,'none'
'alb_frang ar_50_1',1938,'none'
'alb_frang ar_5_1',1925,'none'
'alb_frang ar_5_1',1926,'none'
'alb_frang ar_5_1',1927,'none'
'alb_frang ar_5_1',1928,'none'
'alb_frang ar_5_1',1929,'none'
'alb_frang ar_5_1',1930,'none'
'alb_frang ar_5_1',1931,'none'
'alb_frang ar_5_1',1932,'none'
'alb_frang ar_5_1',1933,'none'
'alb_frang ar_5_1',1934,'none'
'alb_frang ar_5_1',1935,'none'
'alb_frang ar_5_1',1936,'none'
'alb_frang ar_5_1',1937,'none'
'alb_lek_10_1',1937,'none'
'alb_lek_5_1',1937,'none'
'arg_argentino_1_1',1881,'none'
'arg_argentino_1_1',1882,'none'
'arg_argentino_1_1',1883,'none'
'arg_argentino_1_1',1884,'none'
'arg_argentino_1_1',1885,'none'
'arg_argentino_1_1',1886,'none'
'arg_argentino_1_1',1887,'none'
'arg_argentino_1_1',1888,'none'
'arg_argentino_1_1',1889,'none'
'arg_argentino_1_1',1890,'none'
'arg_argentino_1_1',1891,'none'
'arg_argentino_1_1',1892,'none'
'arg_argentino_1_1',1893,'none'
'arg_argentino_1_1',1894,'none'
'arg_argentino_1_1',1895,'none'
'arg_argentino_1_1',1896,'none'
'arg_argentino_fractional_1_2_1',1884,'none'
'arg_centavo_10_1',1881,'none'
'arg_centavo_10_1',1882,'none'
'arg_centavo_10_1',1883,'none'
'arg_centavo_20_1',1881,'none'
'arg_centavo_20_1',1882,'none'
'arg_centavo_20_1',1883,'none'
'arg_centavo_50_1',1881,'none'
'arg_centavo_50_1',1882,'none'
'arg_centavo_50_1',1883,'none'
'arg_peso_1_1',1881,'none'
'arg_peso_1_1',1882,'none'
'arg_peso_1_1',1883,'none'
'aus_crown_1_1',1937,'none'
'aus_crown_1_1',1938,'none'
'aus_florin_1_1',1910,'none'
'aus_florin_1_1',1911,'none'
'aus_florin_1_1',1912,'none'
'aus_florin_1_1',1913,'none'
'aus_florin_1_1',1914,'none'
'aus_florin_1_1',1915,'none'
'aus_florin_1_1',1916,'none'
'aus_florin_1_1',1917,'none'
'aus_florin_1_1',1918,'none'
'aus_florin_1_1',1919,'none'
'aus_florin_1_1',1920,'none'
'aus_florin_1_1',1921,'none'
'aus_florin_1_1',1922,'none'
'aus_florin_1_1',1923,'none'
'aus_florin_1_1',1924,'none'
'aus_florin_1_1',1925,'none'
'aus_florin_1_1',1926,'none'
'aus_florin_1_1',1927,'none'
'aus_florin_1_1',1928,'none'
'aus_florin_1_1',1929,'none'
'aus_florin_1_1',1930,'none'
'aus_florin_1_1',1931,'none'
'aus_florin_1_1',1932,'none'
'aus_florin_1_1',1933,'none'
'aus_florin_1_1',1934,'none'
'aus_florin_1_1',1935,'none'
'aus_florin_1_1',1936,'none'
'aus_florin_1_1',1938,'none'
'aus_florin_1_1',1939,'none'
'aus_florin_1_1',1940,'none'
'aus_florin_1_1',1941,'none'
'aus_florin_1_1',1942,'none'
'aus_florin_1_1',1943,'none'
'aus_florin_1_1',1944,'none'
'aus_florin_1_1',1945,'none'
'aus_florin_1_2',1946,'none'
'aus_florin_1_2',1947,'none'
'aus_florin_1_2',1951,'none'
'aus_florin_1_2',1952,'none'
'aus_florin_1_2',1953,'none'
'aus_florin_1_2',1954,'none'
'aus_florin_1_2',1956,'none'
'aus_florin_1_2',1957,'none'
'aus_florin_1_2',1958,'none'
'aus_florin_1_2',1959,'none'
'aus_florin_1_2',1960,'none'
'aus_florin_1_2',1961,'none'
'aus_florin_1_2',1962,'none'
'aus_florin_1_2',1963,'none'
'aus_penny_3_1',1910,'none'
'aus_penny_3_1',1911,'none'
'aus_penny_3_1',1912,'none'
'aus_penny_3_1',1913,'none'
'aus_penny_3_1',1914,'none'
'aus_penny_3_1',1915,'none'
'aus_penny_3_1',1916,'none'
'aus_penny_3_1',1917,'none'
'aus_penny_3_1',1918,'none'
'aus_penny_3_1',1919,'none'
'aus_penny_3_1',1920,'none'
'aus_penny_3_1',1921,'none'
'aus_penny_3_1',1922,'none'
'aus_penny_3_1',1923,'none'
'aus_penny_3_1',1924,'none'
'aus_penny_3_1',1925,'none'
'aus_penny_3_1',1926,'none'
'aus_penny_3_1',1927,'none'
'aus_penny_3_1',1928,'none'
'aus_penny_3_1',1929,'none'
'aus_penny_3_1',1930,'none'
'aus_penny_3_1',1931,'none'
'aus_penny_3_1',1932,'none'
'aus_penny_3_1',1933,'none'
'aus_penny_3_1',1934,'none'
'aus_penny_3_1',1935,'none'
'aus_penny_3_1',1936,'none'
'aus_penny_3_1',1938,'none'
'aus_penny_3_1',1939,'none'
'aus_penny_3_1',1940,'none'
'aus_penny_3_1',1941,'none'
'aus_penny_3_1',1942,'none'
'aus_penny_3_1',1943,'none'
'aus_penny_3_1',1944,'none'
'aus_penny_3_2',1947,'none'
'aus_penny_3_2',1948,'none'
'aus_penny_3_2',1949,'none'
'aus_penny_3_2',1950,'none'
'aus_penny_3_2',1951,'none'
'aus_penny_3_2',1952,'none'
'aus_penny_3_2',1953,'none'
'aus_penny_3_2',1954,'none'
'aus_penny_3_2',1955,'none'
'aus_penny_3_2',1956,'none'
'aus_penny_3_2',1957,'none'
'aus_penny_3_2',1958,'none'
'aus_penny_3_2',1959,'none'
'aus_penny_3_2',1960,'none'
'aus_penny_3_2',1961,'none'
'aus_penny_3_2',1962,'none'
'aus_penny_3_2',1963,'none'
'aus_penny_3_2',1964,'none'
'aus_penny_6_1',1910,'none'
'aus_penny_6_1',1911,'none'
'aus_penny_6_1',1912,'none'
'aus_penny_6_1',1913,'none'
'aus_penny_6_1',1914,'none'
'aus_penny_6_1',1915,'none'
'aus_penny_6_1',1916,'none'
'aus_penny_6_1',1917,'none'
'aus_penny_6_1',1918,'none'
'aus_penny_6_1',1919,'none'
'aus_penny_6_1',1920,'none'
'aus_penny_6_1',1921,'none'
'aus_penny_6_1',1922,'none'
'aus_penny_6_1',1923,'none'
'aus_penny_6_1',1924,'none'
'aus_penny_6_1',1925,'none'
'aus_penny_6_1',1926,'none'
'aus_penny_6_1',1927,'none'
'aus_penny_6_1',1928,'none'
'aus_penny_6_1',1929,'none'
'aus_penny_6_1',1930,'none'
'aus_penny_6_1',1931,'none'
'aus_penny_6_1',1932,'none'
'aus_penny_6_1',1933,'none'
'aus_penny_6_1',1934,'none'
'aus_penny_6_1',1935,'none'
'aus_penny_6_1',1936,'none'
'aus_penny_6_1',1938,'none'
'aus_penny_6_1',1939,'none'
'aus_penny_6_1',1940,'none'
'aus_penny_6_1',1941,'none'
'aus_penny_6_1',1942,'none'
'aus_penny_6_1',1943,'none'
'aus_penny_6_1',1944,'none'
'aus_penny_6_1',1945,'none'
'aus_penny_6_2',1946,'none'
'aus_penny_6_2',1948,'none'
'aus_penny_6_2',1950,'none'
'aus_penny_6_2',1951,'none'
'aus_penny_6_2',1952,'none'
'aus_penny_6_2',1953,'none'
'aus_penny_6_2',1954,'none'
'aus_penny_6_2',1955,'none'
'aus_penny_6_2',1956,'none'
'aus_penny_6_2',1957,'none'
'aus_penny_6_2',1958,'none'
'aus_penny_6_2',1959,'none'
'aus_penny_6_2',1960,'none'
'aus_penny_6_2',1961,'none'
'aus_penny_6_2',1962,'none'
'aus_penny_6_2',1963,'none'
'aus_shilling_1_1',1910,'none'
'aus_shilling_1_1',1911,'none'
'aus_shilling_1_1',1912,'none'
'aus_shilling_1_1',1913,'none'
'aus_shilling_1_1',1914,'none'
'aus_shilling_1_1',1915,'none'
'aus_shilling_1_1',1916,'none'
'aus_shilling_1_1',1917,'none'
'aus_shilling_1_1',1918,'none'
'aus_shilling_1_1',1919,'none'
'aus_shilling_1_1',1920,'none'
'aus_shilling_1_1',1921,'none'
'aus_shilling_1_1',1922,'none'
'aus_shilling_1_1',1923,'none'
'aus_shilling_1_1',1924,'none'
'aus_shilling_1_1',1925,'none'
'aus_shilling_1_1',1926,'none'
'aus_shilling_1_1',1927,'none'
'aus_shilling_1_1',1928,'none'
'aus_shilling_1_1',1929,'none'
'aus_shilling_1_1',1930,'none'
'aus_shilling_1_1',1931,'none'
'aus_shilling_1_1',1932,'none'
'aus_shilling_1_1',1933,'none'
'aus_shilling_1_1',1934,'none'
'aus_shilling_1_1',1935,'none'
'aus_shilling_1_1',1936,'none'
'aus_shilling_1_1',1938,'none'
'aus_shilling_1_1',1939,'none'
'aus_shilling_1_1',1940,'none'
'aus_shilling_1_1',1941,'none'
'aus_shilling_1_1',1942,'none'
'aus_shilling_1_1',1943,'none'
'aus_shilling_1_1',1944,'none'
'aus_shilling_1_2',1946,'none'
'aus_shilling_1_2',1948,'none'
'aus_shilling_1_2',1950,'none'
'aus_shilling_1_2',1952,'none'
'aus_shilling_1_2',1953,'none'
'aus_shilling_1_2',1954,'none'
'aus_shilling_1_2',1955,'none'
'aus_shilling_1_2',1956,'none'
'aus_shilling_1_2',1957,'none'
'aus_shilling_1_2',1958,'none'
'aus_shilling_1_2',1959,'none'
'aus_shilling_1_2',1960,'none'
'aus_shilling_1_2',1961,'none'
'aus_shilling_1_2',1962,'none'
'aus_shilling_1_2',1963,'none'
'aus_sovereign_1_1',1871,'none'
'aus_sovereign_1_1',1872,'none'
'aus_sovereign_1_1',1873,'none'
'aus_sovereign_1_1',1874,'none'
'aus_sovereign_1_1',1875,'none'
'aus_sovereign_1_1',1876,'none'
'aus_sovereign_1_1',1877,'none'
'aus_sovereign_1_1',1878,'none'
'aus_sovereign_1_1',1879,'none'
'aus_sovereign_1_1',1880,'none'
'aus_sovereign_1_1',1881,'none'
'aus_sovereign_1_1',1882,'none'
'aus_sovereign_1_1',1883,'none'
'aus_sovereign_1_1',1884,'none'
'aus_sovereign_1_1',1885,'none'
'aus_sovereign_1_1',1886,'none'
'aus_sovereign_1_1',1887,'none'
'aus_sovereign_1_1',1888,'none'
'aus_sovereign_1_1',1889,'none'
'aus_sovereign_1_1',1890,'none'
'aus_sovereign_1_1',1891,'none'
'aus_sovereign_1_1',1892,'none'
'aus_sovereign_1_1',1893,'none'
'aus_sovereign_1_1',1894,'none'
'aus_sovereign_1_1',1895,'none'
'aus_sovereign_1_1',1896,'none'
'aus_sovereign_1_1',1897,'none'
'aus_sovereign_1_1',1898,'none'
'aus_sovereign_1_1',1899,'none'
'aus_sovereign_1_1',1900,'none'
'aus_sovereign_1_1',1901,'none'
'aus_sovereign_1_1',1902,'none'
'aus_sovereign_1_1',1903,'none'
'aus_sovereign_1_1',1904,'none'
'aus_sovereign_1_1',1905,'none'
'aus_sovereign_1_1',1906,'none'
'aus_sovereign_1_1',1907,'none'
'aus_sovereign_1_1',1908,'none'
'aus_sovereign_1_1',1909,'none'
'aus_sovereign_1_1',1910,'none'
'aus_sovereign_1_1',1911,'none'
'aus_sovereign_1_1',1912,'none'
'aus_sovereign_1_1',1913,'none'
'aus_sovereign_1_1',1914,'none'
'aus_sovereign_1_1',1915,'none'
'aus_sovereign_1_1',1916,'none'
'aus_sovereign_1_1',1917,'none'
'aus_sovereign_1_1',1918,'none'
'aus_sovereign_1_1',1919,'none'
'aus_sovereign_1_1',1920,'none'
'aus_sovereign_1_1',1921,'none'
'aus_sovereign_1_1',1922,'none'
'aus_sovereign_1_1',1923,'none'
'aus_sovereign_1_1',1924,'none'
'aus_sovereign_1_1',1925,'none'
'aus_sovereign_1_1',1926,'none'
'aus_sovereign_1_1',1927,'none'
'aus_sovereign_1_1',1928,'none'
'aus_sovereign_1_1',1929,'none'
'aus_sovereign_1_1',1930,'none'
'aus_sovereign_1_1',1931,'none'
'aus_sovereign_fractional_1_2_1',1871,'none'
'aus_sovereign_fractional_1_2_1',1872,'none'
'aus_sovereign_fractional_1_2_1',1873,'none'
'aus_sovereign_fractional_1_2_1',1874,'none'
'aus_sovereign_fractional_1_2_1',1875,'none'
'aus_sovereign_fractional_1_2_1',1876,'none'
'aus_sovereign_fractional_1_2_1',1877,'none'
'aus_sovereign_fractional_1_2_1',1878,'none'
'aus_sovereign_fractional_1_2_1',1879,'none'
'aus_sovereign_fractional_1_2_1',1880,'none'
'aus_sovereign_fractional_1_2_1',1881,'none'
'aus_sovereign_fractional_1_2_1',1882,'none'
'aus_sovereign_fractional_1_2_1',1883,'none'
'aus_sovereign_fractional_1_2_1',1884,'none'
'aus_sovereign_fractional_1_2_1',1885,'none'
'aus_sovereign_fractional_1_2_1',1886,'none'
'aus_sovereign_fractional_1_2_1',1887,'none'
'aus_sovereign_fractional_1_2_1',1888,'none'
'aus_sovereign_fractional_1_2_1',1889,'none'
'aus_sovereign_fractional_1_2_1',1890,'none'
'aus_sovereign_fractional_1_2_1',1891,'none'
'aus_sovereign_fractional_1_2_1',1892,'none'
'aus_sovereign_fractional_1_2_1',1893,'none'
'aus_sovereign_fractional_1_2_1',1894,'none'
'aus_sovereign_fractional_1_2_1',1895,'none'
'aus_sovereign_fractional_1_2_1',1896,'none'
'aus_sovereign_fractional_1_2_1',1897,'none'
'aus_sovereign_fractional_1_2_1',1898,'none'
'aus_sovereign_fractional_1_2_1',1899,'none'
'aus_sovereign_fractional_1_2_1',1900,'none'
'aus_sovereign_fractional_1_2_1',1901,'none'
'aus_sovereign_fractional_1_2_1',1902,'none'
'aus_sovereign_fractional_1_2_1',1903,'none'
'aus_sovereign_fractional_1_2_1',1904,'none'
'aus_sovereign_fractional_1_2_1',1905,'none'
'aus_sovereign_fractional_1_2_1',1906,'none'
'aus_sovereign_fractional_1_2_1',1907,'none'
'aus_sovereign_fractional_1_2_1',1908,'none'
'aus_sovereign_fractional_1_2_1',1909,'none'
'aus_sovereign_fractional_1_2_1',1910,'none'
'aus_sovereign_fractional_1_2_1',1911,'none'
'aus_sovereign_fractional_1_2_1',1912,'none'
'aus_sovereign_fractional_1_2_1',1913,'none'
'aus_sovereign_fractional_1_2_1',1914,'none'
'aus_sovereign_fractional_1_2_1',1915,'none'
'aus_sovereign_fractional_1_2_1',1916,'none'
'aus_sovereign_fractional_1_2_1',1917,'none'
'aus_sovereign_fractional_1_2_1',1918,'none'
'aut_dukat_1_1',1857,'none'
'aut_dukat_1_1',1858,'none'
'aut_dukat_1_1',1859,'none'
'aut_dukat_1_1',1860,'none'
'aut_dukat_1_1',1861,'none'
'aut_dukat_1_1',1862,'none'
'aut_dukat_1_1',1863,'none'
'aut_dukat_1_1',1864,'none'
'aut_dukat_1_1',1865,'none'
'aut_dukat_1_1',1866,'none'
'aut_dukat_1_1',1867,'none'
'aut_dukat_1_1',1868,'none'
'aut_dukat_1_1',1869,'none'
'aut_dukat_1_1',1870,'none'
'aut_dukat_1_1',1871,'none'
'aut_dukat_1_1',1872,'none'
'aut_dukat_1_1',1873,'none'
'aut_dukat_1_1',1874,'none'
'aut_dukat_1_1',1875,'none'
'aut_dukat_1_1',1876,'none'
'aut_dukat_1_1',1877,'none'
'aut_dukat_1_1',1878,'none'
'aut_dukat_1_1',1879,'none'
'aut_dukat_1_1',1880,'none'
'aut_dukat_1_1',1881,'none'
'aut_dukat_1_1',1882,'none'
'aut_dukat_1_1',1883,'none'
'aut_dukat_1_1',1884,'none'
'aut_dukat_1_1',1885,'none'
'aut_dukat_1_1',1886,'none'
'aut_dukat_1_1',1887,'none'
'aut_dukat_1_1',1888,'none'
'aut_dukat_1_1',1889,'none'
'aut_dukat_1_1',1890,'none'
'aut_dukat_1_1',1891,'none'
'aut_dukat_1_1',1892,'none'
'aut_dukat_1_1',1893,'none'
'aut_dukat_1_1',1894,'none'
'aut_dukat_1_1',1895,'none'
'aut_dukat_1_1',1896,'none'
'aut_dukat_1_1',1897,'none'
'aut_dukat_1_1',1898,'none'
'aut_dukat_1_1',1899,'none'
'aut_dukat_1_1',1900,'none'
'aut_dukat_1_1',1901,'none'
'aut_dukat_1_1',1902,'none'
'aut_dukat_1_1',1903,'none'
'aut_dukat_1_1',1904,'none'
'aut_dukat_1_1',1905,'none'
'aut_dukat_1_1',1906,'none'
'aut_dukat_1_1',1907,'none'
'aut_dukat_1_1',1908,'none'
'aut_dukat_1_1',1909,'none'
'aut_dukat_1_1',1910,'none'
'aut_dukat_1_1',1911,'none'
'aut_dukat_1_1',1912,'none'
'aut_dukat_1_1',1913,'none'
'aut_dukat_1_1',1914,'none'
'aut_dukat_1_1',1915,'none'
'aut_dukat_4_1',1857,'none'
'aut_dukat_4_1',1858,'none'
'aut_dukat_4_1',1859,'none'
'aut_dukat_4_1',1860,'none'
'aut_dukat_4_1',1861,'none'
'aut_dukat_4_1',1862,'none'
'aut_dukat_4_1',1863,'none'
'aut_dukat_4_1',1864,'none'
'aut_dukat_4_1',1865,'none'
'aut_dukat_4_1',1866,'none'
'aut_dukat_4_1',1867,'none'
'aut_dukat_4_1',1868,'none'
'aut_dukat_4_1',1869,'none'
'aut_dukat_4_1',1870,'none'
'aut_dukat_4_1',1871,'none'
'aut_dukat_4_1',1872,'none'
'aut_dukat_4_1',1873,'none'
'aut_dukat_4_1',1874,'none'
'aut_dukat_4_1',1875,'none'
'aut_dukat_4_1',1876,'none'
'aut_dukat_4_1',1877,'none'
'aut_dukat_4_1',1878,'none'
'aut_dukat_4_1',1879,'none'
'aut_dukat_4_1',1880,'none'
'aut_dukat_4_1',1881,'none'
'aut_dukat_4_1',1882,'none'
'aut_dukat_4_1',1883,'none'
'aut_dukat_4_1',1884,'none'
'aut_dukat_4_1',1885,'none'
'aut_dukat_4_1',1886,'none'
'aut_dukat_4_1',1887,'none'
'aut_dukat_4_1',1888,'none'
'aut_dukat_4_1',1889,'none'
'aut_dukat_4_1',1890,'none'
'aut_dukat_4_1',1891,'none'
'aut_dukat_4_1',1892,'none'
'aut_dukat_4_1',1893,'none'
'aut_dukat_4_1',1894,'none'
'aut_dukat_4_1',1895,'none'
'aut_dukat_4_1',1896,'none'
'aut_dukat_4_1',1897,'none'
'aut_dukat_4_1',1898,'none'
'aut_dukat_4_1',1899,'none'
'aut_dukat_4_1',1900,'none'
'aut_dukat_4_1',1901,'none'
'aut_dukat_4_1',1902,'none'
'aut_dukat_4_1',1903,'none'
'aut_dukat_4_1',1904,'none'
'aut_dukat_4_1',1905,'none'
'aut_dukat_4_1',1906,'none'
'aut_dukat_4_1',1907,'none'
'aut_dukat_4_1',1908,'none'
'aut_dukat_4_1',1909,'none'
'aut_dukat_4_1',1910,'none'
'aut_dukat_4_1',1911,'none'
'aut_dukat_4_1',1912,'none'
'aut_dukat_4_1',1913,'none'
'aut_dukat_4_1',1914,'none'
'aut_dukat_4_1',1915,'none'
'aut_florin_1_1',1857,'none'
'aut_florin_1_1',1858,'none'
'aut_florin_1_1',1859,'none'
'aut_florin_1_1',1860,'none'
'aut_florin_1_1',1861,'none'
'aut_florin_1_1',1862,'none'
'aut_florin_1_1',1863,'none'
'aut_florin_1_1',1864,'none'
'aut_florin_1_1',1865,'none'
'aut_florin_1_1',1866,'none'
'aut_florin_1_1',1867,'none'
'aut_florin_1_1',1868,'none'
'aut_florin_1_1',1869,'none'
'aut_florin_1_1',1870,'none'
'aut_florin_1_1',1871,'none'
'aut_florin_1_1',1872,'none'
'aut_florin_1_1',1873,'none'
'aut_florin_1_1',1874,'none'
'aut_florin_1_1',1875,'none'
'aut_florin_1_1',1876,'none'
'aut_florin_1_1',1877,'none'
'aut_florin_1_1',1878,'none'
'aut_florin_1_1',1879,'none'
'aut_florin_1_1',1880,'none'
'aut_florin_1_1',1881,'none'
'aut_florin_1_1',1882,'none'
'aut_florin_1_1',1883,'none'
'aut_florin_1_1',1884,'none'
'aut_florin_1_1',1885,'none'
'aut_florin_1_1',1886,'none'
'aut_florin_1_1',1887,'none'
'aut_florin_1_1',1888,'none'
'aut_florin_1_1',1889,'none'
'aut_florin_1_1',1890,'none'
'aut_florin_1_1',1891,'none'
'aut_florin_1_1',1892,'none'
'aut_florin_2_1',1857,'none'
'aut_florin_2_1',1858,'none'
'aut_florin_2_1',1859,'none'
'aut_florin_2_1',1860,'none'
'aut_florin_2_1',1861,'none'
'aut_florin_2_1',1862,'none'
'aut_florin_2_1',1863,'none'
'aut_florin_2_1',1864,'none'
'aut_florin_2_1',1865,'none'
'aut_florin_2_1',1866,'none'
'aut_florin_2_1',1867,'none'
'aut_florin_2_1',1868,'none'
'aut_florin_2_1',1869,'none'
'aut_florin_2_1',1870,'none'
'aut_florin_2_1',1871,'none'
'aut_florin_2_1',1872,'none'
'aut_florin_2_1',1873,'none'
'aut_florin_2_1',1874,'none'
'aut_florin_2_1',1875,'none'
'aut_florin_2_1',1876,'none'
'aut_florin_2_1',1877,'none'
'aut_florin_2_1',1878,'none'
'aut_florin_2_1',1879,'none'
'aut_florin_2_1',1880,'none'
'aut_florin_2_1',1881,'none'
'aut_florin_2_1',1882,'none'
'aut_florin_2_1',1883,'none'
'aut_florin_2_1',1884,'none'
'aut_florin_2_1',1885,'none'
'aut_florin_2_1',1886,'none'
'aut_florin_2_1',1887,'none'
'aut_florin_2_1',1888,'none'
'aut_florin_2_1',1889,'none'
'aut_florin_2_1',1890,'none'
'aut_florin_2_1',1891,'none'
'aut_florin_2_1',1892,'none'
'aut_florin_4_1',1870,'none'
'aut_florin_4_1',1871,'none'
'aut_florin_4_1',1872,'none'
'aut_florin_4_1',1873,'none'
'aut_florin_4_1',1874,'none'
'aut_florin_4_1',1875,'none'
'aut_florin_4_1',1876,'none'
'aut_florin_4_1',1877,'none'
'aut_florin_4_1',1878,'none'
'aut_florin_4_1',1879,'none'
'aut_florin_4_1',1880,'none'
'aut_florin_4_1',1881,'none'
'aut_florin_4_1',1882,'none'
'aut_florin_4_1',1883,'none'
'aut_florin_4_1',1884,'none'
'aut_florin_4_1',1885,'none'
'aut_florin_4_1',1886,'none'
'aut_florin_4_1',1887,'none'
'aut_florin_4_1',1888,'none'
'aut_florin_4_1',1889,'none'
'aut_florin_4_1',1890,'none'
'aut_florin_4_1',1891,'none'
'aut_florin_4_1',1892,'none'
'aut_florin_8_1',1870,'none'
'aut_florin_8_1',1871,'none'
'aut_florin_8_1',1872,'none'
'aut_florin_8_1',1873,'none'
'aut_florin_8_1',1874,'none'
'aut_florin_8_1',1875,'none'
'aut_florin_8_1',1876,'none'
'aut_florin_8_1',1877,'none'
'aut_florin_8_1',1878,'none'
'aut_florin_8_1',1879,'none'
'aut_florin_8_1',1880,'none'
'aut_florin_8_1',1881,'none'
'aut_florin_8_1',1882,'none'
'aut_florin_8_1',1883,'none'
'aut_florin_8_1',1884,'none'
'aut_florin_8_1',1885,'none'
'aut_florin_8_1',1886,'none'
'aut_florin_8_1',1887,'none'
'aut_florin_8_1',1888,'none'
'aut_florin_8_1',1889,'none'
'aut_florin_8_1',1890,'none'
'aut_florin_8_1',1891,'none'
'aut_florin_8_1',1892,'none'
'aut_florin_fractional_1_4_1',1857,'none'
'aut_florin_fractional_1_4_1',1858,'none'
'aut_florin_fractional_1_4_1',1859,'none'
'aut_florin_fractional_1_4_1',1860,'none'
'aut_florin_fractional_1_4_1',1861,'none'
'aut_florin_fractional_1_4_1',1862,'none'
'aut_florin_fractional_1_4_1',1863,'none'
'aut_florin_fractional_1_4_1',1864,'none'
'aut_florin_fractional_1_4_1',1865,'none'
'aut_florin_fractional_1_4_1',1866,'none'
'aut_florin_fractional_1_4_1',1867,'none'
'aut_florin_fractional_1_4_1',1868,'none'
'aut_florin_fractional_1_4_1',1869,'none'
'aut_florin_fractional_1_4_1',1870,'none'
'aut_florin_fractional_1_4_1',1871,'none'
'aut_florin_fractional_1_4_1',1872,'none'
'aut_florin_fractional_1_4_1',1873,'none'
'aut_florin_fractional_1_4_1',1874,'none'
'aut_florin_fractional_1_4_1',1875,'none'
'aut_florin_fractional_1_4_1',1876,'none'
'aut_florin_fractional_1_4_1',1877,'none'
'aut_florin_fractional_1_4_1',1878,'none'
'aut_florin_fractional_1_4_1',1879,'none'
'aut_florin_fractional_1_4_1',1880,'none'
'aut_florin_fractional_1_4_1',1881,'none'
'aut_florin_fractional_1_4_1',1882,'none'
'aut_florin_fractional_1_4_1',1883,'none'
'aut_florin_fractional_1_4_1',1884,'none'
'aut_florin_fractional_1_4_1',1885,'none'
'aut_florin_fractional_1_4_1',1886,'none'
'aut_florin_fractional_1_4_1',1887,'none'
'aut_florin_fractional_1_4_1',1888,'none'
'aut_florin_fractional_1_4_1',1889,'none'
'aut_florin_fractional_1_4_1',1890,'none'
'aut_florin_fractional_1_4_1',1891,'none'
'aut_florin_fractional_1_4_1',1892,'none'
'aut_kreuzer_10_1',1858,'none'
'aut_kreuzer_10_1',1859,'none'
'aut_kreuzer_10_1',1860,'none'
'aut_kreuzer_10_1',1861,'none'
'aut_kreuzer_10_1',1862,'none'
'aut_kreuzer_10_1',1863,'none'
'aut_kreuzer_10_1',1864,'none'
'aut_kreuzer_10_1',1865,'none'
'aut_kreuzer_10_1',1866,'none'
'aut_kreuzer_10_1',1867,'none'
'aut_kreuzer_10_2',1868,'none'
'aut_kreuzer_10_2',1869,'none'
'aut_kreuzer_10_2',1870,'none'
'aut_kreuzer_10_2',1871,'none'
'aut_kreuzer_10_2',1872,'none'
'aut_kreuzer_20_1',1868,'none'
'aut_kreuzer_20_1',1869,'none'
'aut_kreuzer_20_1',1870,'none'
'aut_kreuzer_20_1',1871,'none'
'aut_kreuzer_20_1',1872,'none'
'aut_kreuzer_5_1',1858,'none'
'aut_kreuzer_5_1',1859,'none'
'aut_kreuzer_5_1',1860,'none'
'aut_kreuzer_5_1',1861,'none'
'aut_kreuzer_5_1',1862,'none'
'aut_kreuzer_5_1',1863,'none'
'aut_kreuzer_5_1',1864,'none'
'aut_kreuzer_5_1',1865,'none'
'aut_kreuzer_5_1',1866,'none'
'aut_kreuzer_5_1',1867,'none'
'aut_krone_100_1',1892,'none'
'aut_krone_100_1',1893,'none'
'aut_krone_100_1',1894,'none'
'aut_krone_100_1',1895,'none'
'aut_krone_100_1',1896,'none'
'aut_krone_100_1',1897,'none'
'aut_krone_100_1',1898,'none'
'aut_krone_100_1',1899,'none'
'aut_krone_100_1',1900,'none'
'aut_krone_100_1',1901,'none'
'aut_krone_100_1',1902,'none'
'aut_krone_100_1',1903,'none'
'aut_krone_100_1',1904,'none'
'aut_krone_100_1',1905,'none'
'aut_krone_100_1',1906,'none'
'aut_krone_100_1',1907,'none'
'aut_krone_100_1',1908,'none'
'aut_krone_100_1',1909,'none'
'aut_krone_100_1',1910,'none'
'aut_krone_100_1',1911,'none'
'aut_krone_100_1',1912,'none'
'aut_krone_100_1',1913,'none'
'aut_krone_100_1',1914,'none'
'aut_krone_100_1',1915,'none'
'aut_krone_100_1',1916,'none'
'aut_krone_100_1',1917,'none'
'aut_krone_100_1',1918,'none'
'aut_krone_100_1',1919,'none'
'aut_krone_100_1',1920,'none'
'aut_krone_100_1',1921,'none'
'aut_krone_100_1',1922,'none'
'aut_krone_100_1',1923,'none'
'aut_krone_100_1',1924,'none'
'aut_krone_10_1',1892,'none'
'aut_krone_10_1',1893,'none'
'aut_krone_10_1',1894,'none'
'aut_krone_10_1',1895,'none'
'aut_krone_10_1',1896,'none'
'aut_krone_10_1',1897,'none'
'aut_krone_10_1',1898,'none'
'aut_krone_10_1',1899,'none'
'aut_krone_10_1',1900,'none'
'aut_krone_10_1',1901,'none'
'aut_krone_10_1',1902,'none'
'aut_krone_10_1',1903,'none'
'aut_krone_10_1',1904,'none'
'aut_krone_10_1',1905,'none'
'aut_krone_10_1',1906,'none'
'aut_krone_10_1',1907,'none'
'aut_krone_10_1',1908,'none'
'aut_krone_10_1',1909,'none'
'aut_krone_10_1',1910,'none'
'aut_krone_10_1',1911,'none'
'aut_krone_10_1',1912,'none'
'aut_krone_10_1',1913,'none'
'aut_krone_10_1',1914,'none'
'aut_krone_10_1',1915,'none'
'aut_krone_10_1',1916,'none'
'aut_krone_10_1',1917,'none'
'aut_krone_10_1',1918,'none'
'aut_krone_10_1',1919,'none'
'aut_krone_10_1',1920,'none'
'aut_krone_10_1',1921,'none'
'aut_krone_10_1',1922,'none'
'aut_krone_10_1',1923,'none'
'aut_krone_10_1',1924,'none'
'aut_krone_1_1',1892,'none'
'aut_krone_1_1',1893,'none'
'aut_krone_1_1',1894,'none'
'aut_krone_1_1',1895,'none'
'aut_krone_1_1',1896,'none'
'aut_krone_1_1',1897,'none'
'aut_krone_1_1',1898,'none'
'aut_krone_1_1',1899,'none'
'aut_krone_1_1',1900,'none'
'aut_krone_1_1',1901,'none'
'aut_krone_1_1',1902,'none'
'aut_krone_1_1',1903,'none'
'aut_krone_1_1',1904,'none'
'aut_krone_1_1',1905,'none'
'aut_krone_1_1',1906,'none'
'aut_krone_1_1',1907,'none'
'aut_krone_1_1',1908,'none'
'aut_krone_1_1',1909,'none'
'aut_krone_1_1',1910,'none'
'aut_krone_1_1',1911,'none'
'aut_krone_1_1',1912,'none'
'aut_krone_1_1',1913,'none'
'aut_krone_1_1',1914,'none'
'aut_krone_1_1',1915,'none'
'aut_krone_1_1',1916,'none'
'aut_krone_1_2',1858,'none'
'aut_krone_1_2',1859,'none'
'aut_krone_1_2',1860,'none'
'aut_krone_1_2',1861,'none'
'aut_krone_1_2',1862,'none'
'aut_krone_1_2',1863,'none'
'aut_krone_1_2',1864,'none'
'aut_krone_1_2',1865,'none'
'aut_krone_1_2',1866,'none'
'aut_krone_20_1',1892,'none'
'aut_krone_20_1',1893,'none'
'aut_krone_20_1',1894,'none'
'aut_krone_20_1',1895,'none'
'aut_krone_20_1',1896,'none'
'aut_krone_20_1',1897,'none'
'aut_krone_20_1',1898,'none'
'aut_krone_20_1',1899,'none'
'aut_krone_20_1',1900,'none'
'aut_krone_20_1',1901,'none'
'aut_krone_20_1',1902,'none'
'aut_krone_20_1',1903,'none'
'aut_krone_20_1',1904,'none'
'aut_krone_20_1',1905,'none'
'aut_krone_20_1',1906,'none'
'aut_krone_20_1',1907,'none'
'aut_krone_20_1',1908,'none'
'aut_krone_20_1',1909,'none'
'aut_krone_20_1',1910,'none'
'aut_krone_20_1',1911,'none'
'aut_krone_20_1',1912,'none'
'aut_krone_20_1',1913,'none'
'aut_krone_20_1',1914,'none'
'aut_krone_20_1',1915,'none'
'aut_krone_20_1',1916,'none'
'aut_krone_20_1',1917,'none'
'aut_krone_20_1',1918,'none'
'aut_krone_20_1',1919,'none'
'aut_krone_20_1',1920,'none'
'aut_krone_20_1',1921,'none'
'aut_krone_20_1',1922,'none'
'aut_krone_20_1',1923,'none'
'aut_krone_20_1',1924,'none'
'aut_krone_2_1',1892,'none'
'aut_krone_2_1',1893,'none'
'aut_krone_2_1',1894,'none'
'aut_krone_2_1',1895,'none'
'aut_krone_2_1',1896,'none'
'aut_krone_2_1',1897,'none'
'aut_krone_2_1',1898,'none'
'aut_krone_2_1',1899,'none'
'aut_krone_2_1',1900,'none'
'aut_krone_2_1',1901,'none'
'aut_krone_2_1',1902,'none'
'aut_krone_2_1',1903,'none'
'aut_krone_2_1',1904,'none'
'aut_krone_2_1',1905,'none'
'aut_krone_2_1',1906,'none'
'aut_krone_2_1',1907,'none'
'aut_krone_2_1',1908,'none'
'aut_krone_2_1',1909,'none'
'aut_krone_2_1',1910,'none'
'aut_krone_2_1',1911,'none'
'aut_krone_2_1',1912,'none'
'aut_krone_2_1',1913,'none'
'aut_krone_2_1',1914,'none'
'aut_krone_2_1',1915,'none'
'aut_krone_2_1',1916,'none'
'aut_krone_5_1',1892,'none'
'aut_krone_5_1',1893,'none'
'aut_krone_5_1',1894,'none'
'aut_krone_5_1',1895,'none'
'aut_krone_5_1',1896,'none'
'aut_krone_5_1',1897,'none'
'aut_krone_5_1',1898,'none'
'aut_krone_5_1',1899,'none'
'aut_krone_5_1',1900,'none'
'aut_krone_5_1',1901,'none'
'aut_krone_5_1',1902,'none'
'aut_krone_5_1',1903,'none'
'aut_krone_5_1',1904,'none'
'aut_krone_5_1',1905,'none'
'aut_krone_5_1',1906,'none'
'aut_krone_5_1',1907,'none'
'aut_krone_5_1',1908,'none'
'aut_krone_5_1',1909,'none'
'aut_krone_5_1',1910,'none'
'aut_krone_5_1',1911,'none'
'aut_krone_5_1',1912,'none'
'aut_krone_5_1',1913,'none'
'aut_krone_5_1',1914,'none'
'aut_krone_5_1',1915,'none'
'aut_krone_5_1',1916,'none'
'aut_krone_fractional_1_2_1',1858,'none'
'aut_krone_fractional_1_2_1',1859,'none'
'aut_krone_fractional_1_2_1',1860,'none'
'aut_krone_fractional_1_2_1',1861,'none'
'aut_krone_fractional_1_2_1',1862,'none'
'aut_krone_fractional_1_2_1',1863,'none'
'aut_krone_fractional_1_2_1',1864,'none'
'aut_krone_fractional_1_2_1',1865,'none'
'aut_krone_fractional_1_2_1',1866,'none'
'aut_schilling_100_1',1926,'none'
'aut_schilling_100_1',1927,'none'
'aut_schilling_100_1',1928,'none'
'aut_schilling_100_1',1929,'none'
'aut_schilling_100_1',1930,'none'
'aut_schilling_100_1',1931,'none'
'aut_schilling_100_1',1932,'none'
'aut_schilling_100_1',1933,'none'
'aut_schilling_100_1',1934,'none'
'aut_schilling_100_1',1935,'none'
'aut_schilling_100_1',1936,'none'
'aut_schilling_100_1',1937,'none'
'aut_schilling_100_1',1938,'none'
'aut_schilling_10_1',1957,'none'
'aut_schilling_10_1',1958,'none'
'aut_schilling_10_1',1959,'none'
'aut_schilling_10_1',1960,'none'
'aut_schilling_10_1',1961,'none'
'aut_schilling_10_1',1962,'none'
'aut_schilling_10_1',1963,'none'
'aut_schilling_10_1',1964,'none'
'aut_schilling_10_1',1965,'none'
'aut_schilling_10_1',1966,'none'
'aut_schilling_10_1',1967,'none'
'aut_schilling_10_1',1968,'none'
'aut_schilling_10_1',1969,'none'
'aut_schilling_10_1',1970,'none'
'aut_schilling_10_1',1971,'none'
'aut_schilling_10_1',1972,'none'
'aut_schilling_10_1',1973,'none'
'aut_schilling_1_1',1924,'none'
'aut_schilling_1_2',1925,'none'
'aut_schilling_1_2',1926,'none'
'aut_schilling_1_2',1927,'none'
'aut_schilling_1_2',1928,'none'
'aut_schilling_1_2',1929,'none'
'aut_schilling_1_2',1930,'none'
'aut_schilling_1_2',1931,'none'
'aut_schilling_1_2',1932,'none'
'aut_schilling_1_2',1933,'none'
'aut_schilling_1_2',1934,'none'
'aut_schilling_1_2',1935,'none'
'aut_schilling_1_2',1936,'none'
'aut_schilling_1_2',1937,'none'
'aut_schilling_1_2',1938,'none'
'aut_schilling_25_1',1955,'none'
'aut_schilling_25_1',1956,'none'
'aut_schilling_25_1',1957,'none'
'aut_schilling_25_1',1958,'none'
'aut_schilling_25_1',1959,'none'
'aut_schilling_25_1',1960,'none'
'aut_schilling_25_1',1961,'none'
'aut_schilling_25_1',1962,'none'
'aut_schilling_25_1',1963,'none'
'aut_schilling_25_1',1964,'none'
'aut_schilling_25_1',1965,'none'
'aut_schilling_25_1',1966,'none'
'aut_schilling_25_1',1967,'none'
'aut_schilling_25_1',1968,'none'
'aut_schilling_25_1',1969,'none'
'aut_schilling_25_1',1970,'none'
'aut_schilling_25_1',1971,'none'
'aut_schilling_25_1',1972,'none'
'aut_schilling_25_1',1973,'none'
'aut_schilling_25_2',1926,'none'
'aut_schilling_25_2',1927,'none'
'aut_schilling_25_2',1928,'none'
'aut_schilling_25_2',1929,'none'
'aut_schilling_25_2',1930,'none'
'aut_schilling_25_2',1931,'none'
'aut_schilling_25_2',1932,'none'
'aut_schilling_25_2',1933,'none'
'aut_schilling_25_2',1934,'none'
'aut_schilling_25_2',1935,'none'
'aut_schilling_25_2',1936,'none'
'aut_schilling_25_2',1937,'none'
'aut_schilling_25_2',1938,'none'
'aut_schilling_2_1',1925,'none'
'aut_schilling_2_1',1926,'none'
'aut_schilling_2_1',1927,'none'
'aut_schilling_2_1',1928,'none'
'aut_schilling_2_1',1929,'none'
'aut_schilling_2_1',1930,'none'
'aut_schilling_2_1',1931,'none'
'aut_schilling_2_1',1932,'none'
'aut_schilling_2_1',1933,'none'
'aut_schilling_2_1',1934,'none'
'aut_schilling_2_1',1935,'none'
'aut_schilling_2_1',1936,'none'
'aut_schilling_2_1',1937,'none'
'aut_schilling_2_1',1938,'none'
'aut_schilling_50_1',1959,'none'
'aut_schilling_50_1',1960,'none'
'aut_schilling_50_1',1961,'none'
'aut_schilling_50_1',1962,'none'
'aut_schilling_50_1',1963,'none'
'aut_schilling_50_1',1964,'none'
'aut_schilling_50_1',1965,'none'
'aut_schilling_50_1',1966,'none'
'aut_schilling_50_1',1967,'none'
'aut_schilling_50_1',1968,'none'
'aut_schilling_50_1',1969,'none'
'aut_schilling_50_1',1970,'none'
'aut_schilling_50_1',1971,'none'
'aut_schilling_50_1',1972,'none'
'aut_schilling_50_1',1973,'none'
'aut_schilling_5_1',1925,'none'
'aut_schilling_5_1',1926,'none'
'aut_schilling_5_1',1927,'none'
'aut_schilling_5_1',1928,'none'
'aut_schilling_5_1',1929,'none'
'aut_schilling_5_1',1930,'none'
'aut_schilling_5_1',1931,'none'
'aut_schilling_5_1',1932,'none'
'aut_schilling_5_1',1933,'none'
'aut_schilling_5_1',1934,'none'
'aut_schilling_5_1',1935,'none'
'aut_schilling_5_1',1936,'none'
'aut_schilling_5_1',1937,'none'
'aut_schilling_5_1',1938,'none'
'aut_schilling_5_2',1960,'none'
'aut_schilling_5_2',1961,'none'
'aut_schilling_5_2',1962,'none'
'aut_schilling_5_2',1963,'none'
'aut_schilling_5_2',1964,'none'
'aut_schilling_5_2',1965,'none'
'aut_schilling_5_2',1966,'none'
'aut_schilling_5_2',1967,'none'
'aut_schilling_5_2',1968,'none'
'aut_schilling_fractional_1_2_1',1925,'none'
'aut_schilling_fractional_1_2_1',1926,'none'
'aut_schilling_fractional_1_2_1',1927,'none'
'aut_schilling_fractional_1_2_1',1928,'none'
'aut_schilling_fractional_1_2_1',1929,'none'
'aut_schilling_fractional_1_2_1',1930,'none'
'aut_schilling_fractional_1_2_1',1931,'none'
'aut_schilling_fractional_1_2_1',1932,'none'
'aut_schilling_fractional_1_2_1',1933,'none'
'aut_schilling_fractional_1_2_1',1934,'none'
'aut_schilling_fractional_1_2_1',1935,'none'
'aut_schilling_fractional_1_2_1',1936,'none'
'aut_schilling_fractional_1_2_1',1937,'none'
'aut_schilling_fractional_1_2_1',1938,'none'
'aut_vereinsthaler_1_1',1857,'none'
'aut_vereinsthaler_1_1',1858,'none'
'aut_vereinsthaler_1_1',1859,'none'
'aut_vereinsthaler_1_1',1860,'none'
'aut_vereinsthaler_1_1',1861,'none'
'aut_vereinsthaler_1_1',1862,'none'
'aut_vereinsthaler_1_1',1863,'none'
'aut_vereinsthaler_1_1',1864,'none'
'aut_vereinsthaler_1_1',1865,'none'
'aut_vereinsthaler_1_1',1866,'none'
'aut_vereinsthaler_1_1',1867,'none'
'aut_vereinsthaler_1_1',1868,'none'
'aut_vereinsthaler_2_1',1857,'none'
'aut_vereinsthaler_2_1',1858,'none'
'aut_vereinsthaler_2_1',1859,'none'
'aut_vereinsthaler_2_1',1860,'none'
'aut_vereinsthaler_2_1',1861,'none'
'aut_vereinsthaler_2_1',1862,'none'
'aut_vereinsthaler_2_1',1863,'none'
'aut_vereinsthaler_2_1',1864,'none'
'aut_vereinsthaler_2_1',1865,'none'
'aut_vereinsthaler_2_1',1866,'none'
'aut_vereinsthaler_2_1',1867,'none'
'aut_vereinsthaler_2_1',1868,'none'
'bel_centime_50_1',1866,'none'
'bel_centime_50_1',1867,'none'
'bel_centime_50_1',1868,'none'
'bel_centime_50_1',1869,'none'
'bel_centime_50_1',1870,'none'
'bel_centime_50_1',1871,'none'
'bel_centime_50_1',1872,'none'
'bel_centime_50_1',1873,'none'
'bel_centime_50_1',1874,'none'
'bel_centime_50_1',1875,'none'
'bel_centime_50_1',1876,'none'
'bel_centime_50_1',1877,'none'
'bel_centime_50_1',1878,'none'
'bel_centime_50_1',1879,'none'
'bel_centime_50_1',1880,'none'
'bel_centime_50_1',1881,'none'
'bel_centime_50_1',1882,'none'
'bel_centime_50_1',1883,'none'
'bel_centime_50_1',1884,'none'
'bel_centime_50_1',1885,'none'
'bel_centime_50_1',1886,'none'
'bel_centime_50_1',1887,'none'
'bel_centime_50_1',1888,'none'
'bel_centime_50_1',1889,'none'
'bel_centime_50_1',1890,'none'
'bel_centime_50_1',1891,'none'
'bel_centime_50_1',1892,'none'
'bel_centime_50_1',1893,'none'
'bel_centime_50_1',1894,'none'
'bel_centime_50_1',1895,'none'
'bel_centime_50_1',1896,'none'
'bel_centime_50_1',1897,'none'
'bel_centime_50_1',1898,'none'
'bel_centime_50_1',1899,'none'
'bel_centime_50_1',1901,'none'
'bel_centime_50_1',1907,'none'
'bel_centime_50_1',1909,'none'
'bel_centime_50_1',1910,'none'
'bel_centime_50_1',1911,'none'
'bel_centime_50_1',1912,'none'
'bel_centime_50_1',1913,'none'
'bel_centime_50_1',1914,'none'
'bel_franc_100_1',1849,'none'
'bel_franc_100_1',1850,'none'
'bel_franc_100_1',1851,'none'
'bel_franc_100_1',1852,'none'
'bel_franc_100_1',1853,'none'
'bel_franc_100_1',1854,'none'
'bel_franc_1_1',1866,'none'
'bel_franc_1_1',1867,'none'
'bel_franc_1_1',1868,'none'
'bel_franc_1_1',1869,'none'
'bel_franc_1_1',1870,'none'
'bel_franc_1_1',1871,'none'
'bel_franc_1_1',1872,'none'
'bel_franc_1_1',1873,'none'
'bel_franc_1_1',1874,'none'
'bel_franc_1_1',1875,'none'
'bel_franc_1_1',1876,'none'
'bel_franc_1_1',1877,'none'
'bel_franc_1_1',1878,'none'
'bel_franc_1_1',1879,'none'
'bel_franc_1_1',1880,'none'
'bel_franc_1_1',1881,'none'
'bel_franc_1_1',1882,'none'
'bel_franc_1_1',1883,'none'
'bel_franc_1_1',1884,'none'
'bel_franc_1_1',1885,'none'
'bel_franc_1_1',1886,'none'
'bel_franc_1_1',1887,'none'
'bel_franc_1_1',1904,'none'
'bel_franc_1_1',1909,'none'
'bel_franc_1_1',1910,'none'
'bel_franc_1_1',1911,'none'
'bel_franc_1_1',1912,'none'
'bel_franc_1_1',1913,'none'
'bel_franc_1_1',1914,'none'
'bel_franc_1_1',1915,'none'
'bel_franc_1_1',1916,'none'
'bel_franc_1_1',1917,'none'
'bel_franc_1_1',1918,'none'
'bel_franc_20_1',1933,'none'
'bel_franc_20_1',1934,'none'
'bel_franc_20_2',1949,'none'
'bel_franc_20_2',1950,'none'
'bel_franc_20_2',1951,'none'
'bel_franc_20_2',1952,'none'
'bel_franc_20_2',1953,'none'
'bel_franc_20_2',1954,'none'
'bel_franc_20_2',1955,'none'
'bel_franc_20_3',1867,'none'
'bel_franc_20_3',1868,'none'
'bel_franc_20_3',1869,'none'
'bel_franc_20_3',1870,'none'
'bel_franc_20_3',1871,'none'
'bel_franc_20_3',1872,'none'
'bel_franc_20_3',1873,'none'
'bel_franc_20_3',1874,'none'
'bel_franc_20_3',1875,'none'
'bel_franc_20_3',1876,'none'
'bel_franc_20_3',1877,'none'
'bel_franc_20_3',1878,'none'
'bel_franc_20_3',1879,'none'
'bel_franc_20_3',1880,'none'
'bel_franc_20_3',1881,'none'
'bel_franc_20_3',1882,'none'
'bel_franc_20_3',1914,'none'
'bel_franc_2_1',1866,'none'
'bel_franc_2_1',1867,'none'
'bel_franc_2_1',1868,'none'
'bel_franc_2_1',1869,'none'
'bel_franc_2_1',1870,'none'
'bel_franc_2_1',1871,'none'
'bel_franc_2_1',1872,'none'
'bel_franc_2_1',1873,'none'
'bel_franc_2_1',1874,'none'
'bel_franc_2_1',1875,'none'
'bel_franc_2_1',1876,'none'
'bel_franc_2_1',1877,'none'
'bel_franc_2_1',1878,'none'
'bel_franc_2_1',1879,'none'
'bel_franc_2_1',1880,'none'
'bel_franc_2_1',1881,'none'
'bel_franc_2_1',1882,'none'
'bel_franc_2_1',1883,'none'
'bel_franc_2_1',1884,'none'
'bel_franc_2_1',1885,'none'
'bel_franc_2_1',1886,'none'
'bel_franc_2_1',1887,'none'
'bel_franc_2_1',1904,'none'
'bel_franc_2_1',1909,'none'
'bel_franc_2_1',1910,'none'
'bel_franc_2_1',1911,'none'
'bel_franc_2_1',1912,'none'
'bel_franc_50_1',1935,'none'
'bel_franc_50_2',1939,'none'
'bel_franc_50_2',1940,'none'
'bel_franc_50_3',1948,'none'
'bel_franc_50_3',1949,'none'
'bel_franc_50_3',1950,'none'
'bel_franc_50_3',1951,'none'
'bel_franc_50_3',1952,'none'
'bel_franc_50_3',1953,'none'
'bel_franc_50_3',1954,'none'
'bel_franc_50_3',1958,'none'
'bel_franc_50_3',1960,'none'
'bel_franc_5_1',1865,'none'
'bel_franc_5_1',1866,'none'
'bel_franc_5_1',1867,'none'
'bel_franc_5_1',1868,'none'
'bel_franc_5_1',1869,'none'
'bel_franc_5_1',1870,'none'
'bel_franc_5_1',1871,'none'
'bel_franc_5_1',1872,'none'
'bel_franc_5_1',1873,'none'
'bel_franc_5_1',1874,'none'
'bel_franc_5_1',1875,'none'
'bel_franc_5_1',1876,'none'
'bgr_lev_100_1',1930,'none'
'bgr_lev_100_1',1931,'none'
'bgr_lev_100_1',1932,'none'
'bgr_lev_100_1',1933,'none'
'bgr_lev_100_1',1934,'none'
'bgr_lev_100_1',1935,'none'
'bgr_lev_100_1',1936,'none'
'bgr_lev_100_1',1937,'none'
'bgr_lev_100_2',1894,'none'
'bgr_lev_100_2',1895,'none'
'bgr_lev_100_2',1896,'none'
'bgr_lev_100_2',1897,'none'
'bgr_lev_100_2',1898,'none'
'bgr_lev_100_2',1899,'none'
'bgr_lev_100_2',1900,'none'
'bgr_lev_100_2',1901,'none'
'bgr_lev_100_2',1902,'none'
'bgr_lev_100_2',1903,'none'
'bgr_lev_100_2',1904,'none'
'bgr_lev_100_2',1905,'none'
'bgr_lev_100_2',1906,'none'
'bgr_lev_100_2',1907,'none'
'bgr_lev_100_2',1908,'none'
'bgr_lev_100_2',1909,'none'
'bgr_lev_100_2',1910,'none'
'bgr_lev_100_2',1911,'none'
'bgr_lev_100_2',1912,'none'
'bgr_lev_10_1',1894,'none'
'bgr_lev_10_1',1895,'none'
'bgr_lev_10_1',1896,'none'
'bgr_lev_10_1',1897,'none'
'bgr_lev_10_1',1898,'none'
'bgr_lev_10_1',1899,'none'
'bgr_lev_10_1',1900,'none'
'bgr_lev_10_1',1901,'none'
'bgr_lev_10_1',1902,'none'
'bgr_lev_10_1',1903,'none'
'bgr_lev_10_1',1904,'none'
'bgr_lev_10_1',1905,'none'
'bgr_lev_10_1',1906,'none'
'bgr_lev_10_1',1907,'none'
'bgr_lev_10_1',1908,'none'
'bgr_lev_10_1',1909,'none'
'bgr_lev_10_1',1910,'none'
'bgr_lev_10_1',1911,'none'
'bgr_lev_10_1',1912,'none'
'bgr_lev_10_3',1963,'none'
'bgr_lev_10_3',1964,'none'
'bgr_lev_1_1',1882,'none'
'bgr_lev_1_1',1883,'none'
'bgr_lev_1_1',1884,'none'
'bgr_lev_1_1',1885,'none'
'bgr_lev_1_1',1886,'none'
'bgr_lev_1_1',1887,'none'
'bgr_lev_1_1',1888,'none'
'bgr_lev_1_1',1889,'none'
'bgr_lev_1_1',1890,'none'
'bgr_lev_1_1',1891,'none'
'bgr_lev_1_1',1892,'none'
'bgr_lev_1_1',1893,'none'
'bgr_lev_1_1',1894,'none'
'bgr_lev_1_1',1895,'none'
'bgr_lev_1_1',1896,'none'
'bgr_lev_1_1',1897,'none'
'bgr_lev_1_1',1898,'none'
'bgr_lev_1_1',1899,'none'
'bgr_lev_1_1',1900,'none'
'bgr_lev_1_1',1901,'none'
'bgr_lev_1_1',1902,'none'
'bgr_lev_1_1',1903,'none'
'bgr_lev_1_1',1904,'none'
'bgr_lev_1_1',1905,'none'
'bgr_lev_1_1',1906,'none'
'bgr_lev_1_1',1907,'none'
'bgr_lev_1_1',1908,'none'
'bgr_lev_1_1',1909,'none'
'bgr_lev_1_1',1910,'none'
'bgr_lev_1_1',1911,'none'
'bgr_lev_1_1',1912,'none'
'bgr_lev_1_1',1913,'none'
'bgr_lev_1_1',1914,'none'
'bgr_lev_1_1',1915,'none'
'bgr_lev_1_1',1916,'none'
'bgr_lev_20_1',1930,'none'
'bgr_lev_20_1',1931,'none'
'bgr_lev_20_1',1932,'none'
'bgr_lev_20_1',1933,'none'
'bgr_lev_20_1',1934,'none'
'bgr_lev_20_1',1935,'none'
'bgr_lev_20_1',1936,'none'
'bgr_lev_20_1',1937,'none'
'bgr_lev_20_2',1894,'none'
'bgr_lev_20_2',1895,'none'
'bgr_lev_20_2',1896,'none'
'bgr_lev_20_2',1897,'none'
'bgr_lev_20_2',1898,'none'
'bgr_lev_20_2',1899,'none'
'bgr_lev_20_2',1900,'none'
'bgr_lev_20_2',1901,'none'
'bgr_lev_20_2',1902,'none'
'bgr_lev_20_2',1903,'none'
'bgr_lev_20_2',1904,'none'
'bgr_lev_20_2',1905,'none'
'bgr_lev_20_2',1906,'none'
'bgr_lev_20_2',1907,'none'
'bgr_lev_20_2',1908,'none'
'bgr_lev_20_2',1909,'none'
'bgr_lev_20_2',1910,'none'
'bgr_lev_20_2',1911,'none'
'bgr_lev_20_2',1912,'none'
'bgr_lev_20_3',1963,'none'
'bgr_lev_20_3',1964,'none'
'bgr_lev_2_1',1882,'none'
'bgr_lev_2_1',1883,'none'
'bgr_lev_2_1',1884,'none'
'bgr_lev_2_1',1885,'none'
'bgr_lev_2_1',1886,'none'
'bgr_lev_2_1',1887,'none'
'bgr_lev_2_1',1888,'none'
'bgr_lev_2_1',1889,'none'
'bgr_lev_2_1',1890,'none'
'bgr_lev_2_1',1891,'none'
'bgr_lev_2_1',1892,'none'
'bgr_lev_2_1',1893,'none'
'bgr_lev_2_1',1894,'none'
'bgr_lev_2_1',1895,'none'
'bgr_lev_2_1',1896,'none'
'bgr_lev_2_1',1897,'none'
'bgr_lev_2_1',1898,'none'
'bgr_lev_2_1',1899,'none'
'bgr_lev_2_1',1900,'none'
'bgr_lev_2_1',1901,'none'
'bgr_lev_2_1',1902,'none'
'bgr_lev_2_1',1903,'none'
'bgr_lev_2_1',1904,'none'
'bgr_lev_2_1',1905,'none'
'bgr_lev_2_1',1906,'none'
'bgr_lev_2_1',1907,'none'
'bgr_lev_2_1',1908,'none'
'bgr_lev_2_1',1909,'none'
'bgr_lev_2_1',1910,'none'
'bgr_lev_2_1',1911,'none'
'bgr_lev_2_1',1912,'none'
'bgr_lev_2_1',1913,'none'
'bgr_lev_2_1',1914,'none'
'bgr_lev_2_1',1915,'none'
'bgr_lev_2_1',1916,'none'
'bgr_lev_2_2',1963,'none'
'bgr_lev_2_2',1964,'none'
'bgr_lev_50_1',1930,'none'
'bgr_lev_50_1',1931,'none'
'bgr_lev_50_1',1932,'none'
'bgr_lev_50_1',1933,'none'
'bgr_lev_50_1',1934,'none'
'bgr_lev_50_1',1935,'none'
'bgr_lev_50_1',1936,'none'
'bgr_lev_50_1',1937,'none'
'bgr_lev_5_1',1882,'none'
'bgr_lev_5_1',1883,'none'
'bgr_lev_5_1',1884,'none'
'bgr_lev_5_1',1885,'none'
'bgr_lev_5_1',1886,'none'
'bgr_lev_5_1',1887,'none'
'bgr_lev_5_1',1888,'none'
'bgr_lev_5_1',1889,'none'
'bgr_lev_5_1',1890,'none'
'bgr_lev_5_1',1891,'none'
'bgr_lev_5_1',1892,'none'
'bgr_lev_5_1',1893,'none'
'bgr_lev_5_1',1894,'none'
'bgr_lev_5_1',1895,'none'
'bgr_lev_5_1',1896,'none'
'bgr_lev_5_1',1897,'none'
'bgr_lev_5_1',1898,'none'
'bgr_lev_5_1',1899,'none'
'bgr_lev_5_1',1900,'none'
'bgr_lev_5_1',1901,'none'
'bgr_lev_5_1',1902,'none'
'bgr_lev_5_1',1903,'none'
'bgr_lev_5_1',1904,'none'
'bgr_lev_5_1',1905,'none'
'bgr_lev_5_1',1906,'none'
'bgr_lev_5_1',1907,'none'
'bgr_lev_5_1',1908,'none'
'bgr_lev_5_1',1909,'none'
'bgr_lev_5_1',1910,'none'
'bgr_lev_5_1',1911,'none'
'bgr_lev_5_1',1912,'none'
'bgr_lev_5_1',1913,'none'
'bgr_lev_5_1',1914,'none'
'bgr_lev_5_1',1915,'none'
'bgr_lev_5_1',1916,'none'
'bgr_lev_5_2',1963,'none'
'bgr_lev_5_2',1964,'none'
'bgr_stotinka_50_1',1882,'none'
'bgr_stotinka_50_1',1883,'none'
'bgr_stotinka_50_1',1884,'none'
'bgr_stotinka_50_1',1885,'none'
'bgr_stotinka_50_1',1886,'none'
'bgr_stotinka_50_1',1887,'none'
'bgr_stotinka_50_1',1888,'none'
'bgr_stotinka_50_1',1889,'none'
'bgr_stotinka_50_1',1890,'none'
'bgr_stotinka_50_1',1891,'none'
'bgr_stotinka_50_1',1892,'none'
'bgr_stotinka_50_1',1893,'none'
'bgr_stotinka_50_1',1894,'none'
'bgr_stotinka_50_1',1895,'none'
'bgr_stotinka_50_1',1896,'none'
'bgr_stotinka_50_1',1897,'none'
'bgr_stotinka_50_1',1898,'none'
'bgr_stotinka_50_1',1899,'none'
'bgr_stotinka_50_1',1900,'none'
'bgr_stotinka_50_1',1901,'none'
'bgr_stotinka_50_1',1902,'none'
'bgr_stotinka_50_1',1903,'none'
'bgr_stotinka_50_1',1904,'none'
'bgr_stotinka_50_1',1905,'none'
'bgr_stotinka_50_1',1906,'none'
'bgr_stotinka_50_1',1907,'none'
'bgr_stotinka_50_1',1908,'none'
'bgr_stotinka_50_1',1909,'none'
'bgr_stotinka_50_1',1910,'none'
'bgr_stotinka_50_1',1911,'none'
'bgr_stotinka_50_1',1912,'none'
'bgr_stotinka_50_1',1913,'none'
'bgr_stotinka_50_1',1914,'none'
'bgr_stotinka_50_1',1915,'none'
'bgr_stotinka_50_1',1916,'none'
'bmu_crown_1_1',1959,'none'
'bmu_crown_1_2',1964,'none'
'bol_boliviano_1_1',1864,'none'
'bol_boliviano_1_1',1865,'none'
'bol_boliviano_1_1',1866,'none'
'bol_boliviano_1_1',1867,'none'
'bol_boliviano_1_1',1868,'none'
'bol_boliviano_1_1',1869,'none'
'bol_boliviano_1_1',1870,'none'
'bol_boliviano_1_1',1871,'none'
'bol_boliviano_1_1',1872,'none'
'bol_boliviano_1_1',1873,'none'
'bol_boliviano_1_1',1874,'none'
'bol_boliviano_1_1',1875,'none'
'bol_boliviano_1_1',1876,'none'
'bol_boliviano_1_1',1877,'none'
'bol_boliviano_1_1',1878,'none'
'bol_boliviano_1_1',1879,'none'
'bol_boliviano_fractional_1_10_1',1864,'none'
'bol_boliviano_fractional_1_10_1',1865,'none'
'bol_boliviano_fractional_1_10_1',1866,'none'
'bol_boliviano_fractional_1_10_1',1867,'none'
'bol_boliviano_fractional_1_10_1',1868,'none'
'bol_boliviano_fractional_1_10_1',1869,'none'
'bol_boliviano_fractional_1_10_1',1870,'none'
'bol_boliviano_fractional_1_10_1',1871,'none'
'bol_boliviano_fractional_1_20_1',1864,'none'
'bol_boliviano_fractional_1_20_1',1865,'none'
'bol_boliviano_fractional_1_20_1',1866,'none'
'bol_boliviano_fractional_1_20_1',1867,'none'
'bol_boliviano_fractional_1_20_1',1868,'none'
'bol_boliviano_fractional_1_20_1',1869,'none'
'bol_boliviano_fractional_1_20_1',1870,'none'
'bol_boliviano_fractional_1_20_1',1871,'none'
'bol_boliviano_fractional_1_2_1',1873,'none'
'bol_boliviano_fractional_1_2_1',1874,'none'
'bol_boliviano_fractional_1_2_1',1875,'none'
'bol_boliviano_fractional_1_2_1',1876,'none'
'bol_boliviano_fractional_1_2_1',1877,'none'
'bol_boliviano_fractional_1_2_1',1878,'none'
'bol_boliviano_fractional_1_2_1',1879,'none'
'bol_boliviano_fractional_1_2_1',1880,'none'
'bol_boliviano_fractional_1_2_1',1881,'none'
'bol_boliviano_fractional_1_2_1',1882,'none'
'bol_boliviano_fractional_1_2_1',1883,'none'
'bol_boliviano_fractional_1_2_1',1884,'none'
'bol_boliviano_fractional_1_2_1',1885,'none'
'bol_boliviano_fractional_1_2_1',1886,'none'
'bol_boliviano_fractional_1_2_1',1887,'none'
'bol_boliviano_fractional_1_2_1',1888,'none'
'bol_boliviano_fractional_1_2_1',1889,'none'
'bol_boliviano_fractional_1_2_1',1890,'none'
'bol_boliviano_fractional_1_2_1',1891,'none'
'bol_boliviano_fractional_1_5_1',1864,'none'
'bol_boliviano_fractional_1_5_1',1865,'none'
'bol_boliviano_fractional_1_5_1',1866,'none'
'bol_boliviano_fractional_1_5_1',1867,'none'
'bol_boliviano_fractional_1_5_1',1868,'none'
'bol_boliviano_fractional_1_5_1',1869,'none'
'bol_boliviano_fractional_1_5_1',1870,'none'
'bol_boliviano_fractional_1_5_1',1871,'none'
'bol_centavo_20_1',1909,'none'
'bol_centavo_50_1',1909,'none'
'bol_escudo_1_1',1852,'none'
'bol_escudo_1_1',1853,'none'
'bol_escudo_1_1',1854,'none'
'bol_escudo_1_1',1855,'none'
'bol_escudo_1_1',1856,'none'
'bol_escudo_1_1',1857,'none'
'bol_escudo_1_2',1868,'none'
'bol_escudo_8_1',1852,'none'
'bol_escudo_8_1',1853,'none'
'bol_escudo_8_1',1854,'none'
'bol_escudo_8_1',1855,'none'
'bol_escudo_8_1',1856,'none'
'bol_escudo_8_1',1857,'none'
'bol_escudo_fractional_1_2_1',1852,'none'
'bol_escudo_fractional_1_2_1',1853,'none'
'bol_escudo_fractional_1_2_1',1854,'none'
'bol_escudo_fractional_1_2_1',1855,'none'
'bol_escudo_fractional_1_2_1',1856,'none'
'bol_escudo_fractional_1_2_1',1857,'none'
'bol_escudo_fractional_1_2_2',1868,'none'
'bol_melgarejo_1_1',1865,'none'
'bol_melgarejo_fractional_1_2_1',1865,'none'
'bol_melgarejo_fractional_1_2_1',1868,'none'
'bol_melgarejo_fractional_1_4_1',1865,'none'
'bol_onza_1_1',1868,'none'
'bol_sol_1_1',1853,'none'
'bol_sol_1_1',1854,'none'
'bol_sol_1_1',1855,'none'
'bol_sol_1_1',1856,'none'
'bol_sol_1_1',1857,'none'
'bol_sol_1_1',1858,'none'
'bol_sol_1_1',1859,'none'
'bol_sol_2_1',1853,'none'
'bol_sol_2_1',1854,'none'
'bol_sol_2_1',1855,'none'
'bol_sol_2_1',1856,'none'
'bol_sol_4_1',1853,'none'
'bol_sol_4_1',1854,'none'
'bol_sol_4_1',1855,'none'
'bol_sol_4_1',1856,'none'
'bol_sol_4_1',1857,'none'
'bol_sol_4_1',1858,'none'
'bol_sol_4_1',1859,'none'
'bol_sol_8_1',1853,'none'
'bol_sol_8_1',1854,'none'
'bol_sol_8_1',1855,'none'
'bol_sol_8_1',1856,'none'
'bol_sol_8_1',1857,'none'
'bol_sol_8_1',1858,'none'
'bol_sol_8_1',1859,'none'
'bol_sol_fractional_1_2_1',1853,'none'
'bol_sol_fractional_1_2_1',1854,'none'
'bol_sol_fractional_1_2_1',1855,'none'
'bol_sol_fractional_1_2_1',1856,'none'
'bol_sol_fractional_1_2_1',1857,'none'
'bol_sol_fractional_1_2_1',1858,'none'
'bol_sol_fractional_1_4_1',1852,'none'
'bol_sol_fractional_1_4_1',1853,'none'
'bra_real_10000_1',1849,'none'
'bra_real_10000_1',1850,'none'
'bra_real_10000_1',1851,'none'
'bra_real_10000_1',1852,'none'
'bra_real_10000_1',1853,'none'
'bra_real_10000_1',1854,'none'
'bra_real_10000_1',1855,'none'
'bra_real_10000_1',1856,'none'
'bra_real_10000_1',1857,'none'
'bra_real_10000_1',1858,'none'
'bra_real_10000_1',1859,'none'
'bra_real_10000_1',1860,'none'
'bra_real_10000_1',1861,'none'
'bra_real_10000_1',1862,'none'
'bra_real_10000_1',1863,'none'
'bra_real_10000_1',1864,'none'
'bra_real_10000_1',1865,'none'
'bra_real_10000_1',1866,'none'
'bra_real_10000_1',1867,'none'
'bra_real_10000_1',1868,'none'
'bra_real_10000_1',1869,'none'
'bra_real_10000_1',1870,'none'
'bra_real_10000_1',1871,'none'
'bra_real_10000_1',1872,'none'
'bra_real_10000_1',1873,'none'
'bra_real_10000_1',1874,'none'
'bra_real_10000_1',1875,'none'
'bra_real_10000_1',1876,'none'
'bra_real_10000_1',1877,'none'
'bra_real_10000_1',1878,'none'
'bra_real_10000_1',1879,'none'
'bra_real_10000_1',1880,'none'
'bra_real_10000_1',1881,'none'
'bra_real_10000_1',1882,'none'
'bra_real_10000_1',1883,'none'
'bra_real_10000_1',1884,'none'
'bra_real_10000_1',1885,'none'
'bra_real_10000_1',1886,'none'
'bra_real_10000_1',1887,'none'
'bra_real_10000_1',1888,'none'
'bra_real_10000_1',1889,'none'
'bra_real_10000_1',1890,'none'
'bra_real_10000_1',1891,'none'
'bra_real_10000_1',1892,'none'
'bra_real_10000_1',1893,'none'
'bra_real_10000_1',1894,'none'
'bra_real_10000_1',1895,'none'
'bra_real_10000_1',1896,'none'
'bra_real_10000_1',1897,'none'
'bra_real_10000_1',1898,'none'
'bra_real_10000_1',1899,'none'
'bra_real_10000_1',1900,'none'
'bra_real_10000_1',1901,'none'
'bra_real_10000_1',1902,'none'
'bra_real_10000_1',1903,'none'
'bra_real_10000_1',1904,'none'
'bra_real_10000_1',1905,'none'
'bra_real_10000_1',1906,'none'
'bra_real_10000_1',1907,'none'
'bra_real_10000_1',1908,'none'
'bra_real_10000_1',1909,'none'
'bra_real_10000_1',1910,'none'
'bra_real_10000_1',1911,'none'
'bra_real_10000_1',1912,'none'
'bra_real_10000_1',1913,'none'
'bra_real_10000_1',1914,'none'
'bra_real_10000_1',1915,'none'
'bra_real_10000_1',1916,'none'
'bra_real_10000_1',1917,'none'
'bra_real_10000_1',1918,'none'
'bra_real_10000_1',1919,'none'
'bra_real_10000_1',1920,'none'
'bra_real_10000_1',1921,'none'
'bra_real_10000_1',1922,'none'
'bra_real_1000_1',1867,'none'
'bra_real_1000_1',1868,'none'
'bra_real_1000_1',1869,'none'
'bra_real_1000_2',1875,'none'
'bra_real_1000_2',1876,'none'
'bra_real_1000_2',1877,'none'
'bra_real_1000_2',1878,'none'
'bra_real_1000_2',1879,'none'
'bra_real_1000_2',1880,'none'
'bra_real_1000_2',1881,'none'
'bra_real_1000_2',1882,'none'
'bra_real_1000_2',1883,'none'
'bra_real_1000_2',1884,'none'
'bra_real_1000_2',1885,'none'
'bra_real_1000_2',1886,'none'
'bra_real_1000_2',1887,'none'
'bra_real_1000_2',1888,'none'
'bra_real_1000_2',1889,'none'
'bra_real_1000_2',1890,'none'
'bra_real_1000_2',1891,'none'
'bra_real_1000_2',1892,'none'
'bra_real_1000_2',1893,'none'
'bra_real_1000_2',1894,'none'
'bra_real_1000_2',1895,'none'
'bra_real_1000_2',1896,'none'
'bra_real_1000_2',1897,'none'
'bra_real_1000_2',1898,'none'
'bra_real_1000_2',1899,'none'
'bra_real_1000_2',1900,'none'
'bra_real_1000_3',1906,'none'
'bra_real_1000_3',1907,'none'
'bra_real_1000_3',1908,'none'
'bra_real_1000_3',1909,'none'
'bra_real_1000_3',1910,'none'
'bra_real_1000_3',1911,'none'
'bra_real_1000_3',1912,'none'
'bra_real_1000_3',1913,'none'
'bra_real_20000_1',1849,'none'
'bra_real_20000_1',1850,'none'
'bra_real_20000_1',1851,'none'
'bra_real_20000_1',1852,'none'
'bra_real_20000_1',1853,'none'
'bra_real_20000_1',1854,'none'
'bra_real_20000_1',1855,'none'
'bra_real_20000_1',1856,'none'
'bra_real_20000_1',1857,'none'
'bra_real_20000_1',1858,'none'
'bra_real_20000_1',1859,'none'
'bra_real_20000_1',1860,'none'
'bra_real_20000_1',1861,'none'
'bra_real_20000_1',1862,'none'
'bra_real_20000_1',1863,'none'
'bra_real_20000_1',1864,'none'
'bra_real_20000_1',1865,'none'
'bra_real_20000_1',1866,'none'
'bra_real_20000_1',1867,'none'
'bra_real_20000_1',1868,'none'
'bra_real_20000_1',1869,'none'
'bra_real_20000_1',1870,'none'
'bra_real_20000_1',1871,'none'
'bra_real_20000_1',1872,'none'
'bra_real_20000_1',1873,'none'
'bra_real_20000_1',1874,'none'
'bra_real_20000_1',1875,'none'
'bra_real_20000_1',1876,'none'
'bra_real_20000_1',1877,'none'
'bra_real_20000_1',1878,'none'
'bra_real_20000_1',1879,'none'
'bra_real_20000_1',1880,'none'
'bra_real_20000_1',1881,'none'
'bra_real_20000_1',1882,'none'
'bra_real_20000_1',1883,'none'
'bra_real_20000_1',1884,'none'
'bra_real_20000_1',1885,'none'
'bra_real_20000_1',1886,'none'
'bra_real_20000_1',1887,'none'
'bra_real_20000_1',1888,'none'
'bra_real_20000_1',1889,'none'
'bra_real_20000_1',1890,'none'
'bra_real_20000_1',1891,'none'
'bra_real_20000_1',1892,'none'
'bra_real_20000_1',1893,'none'
'bra_real_20000_1',1894,'none'
'bra_real_20000_1',1895,'none'
'bra_real_20000_1',1896,'none'
'bra_real_20000_1',1897,'none'
'bra_real_20000_1',1898,'none'
'bra_real_20000_1',1899,'none'
'bra_real_20000_1',1900,'none'
'bra_real_20000_1',1901,'none'
'bra_real_20000_1',1902,'none'
'bra_real_20000_1',1903,'none'
'bra_real_20000_1',1904,'none'
'bra_real_20000_1',1905,'none'
'bra_real_20000_1',1906,'none'
'bra_real_20000_1',1907,'none'
'bra_real_20000_1',1908,'none'
'bra_real_20000_1',1909,'none'
'bra_real_20000_1',1910,'none'
'bra_real_20000_1',1911,'none'
'bra_real_20000_1',1912,'none'
'bra_real_20000_1',1913,'none'
'bra_real_20000_1',1914,'none'
'bra_real_20000_1',1915,'none'
'bra_real_20000_1',1916,'none'
'bra_real_20000_1',1917,'none'
'bra_real_20000_1',1918,'none'
'bra_real_20000_1',1919,'none'
'bra_real_20000_1',1920,'none'
'bra_real_20000_1',1921,'none'
'bra_real_20000_1',1922,'none'
'bra_real_2000_1',1867,'none'
'bra_real_2000_1',1868,'none'
'bra_real_2000_1',1869,'none'
'bra_real_2000_2',1875,'none'
'bra_real_2000_2',1876,'none'
'bra_real_2000_2',1877,'none'
'bra_real_2000_2',1878,'none'
'bra_real_2000_2',1879,'none'
'bra_real_2000_2',1880,'none'
'bra_real_2000_2',1881,'none'
'bra_real_2000_2',1882,'none'
'bra_real_2000_2',1883,'none'
'bra_real_2000_2',1884,'none'
'bra_real_2000_2',1885,'none'
'bra_real_2000_2',1886,'none'
'bra_real_2000_2',1887,'none'
'bra_real_2000_2',1888,'none'
'bra_real_2000_2',1889,'none'
'bra_real_2000_2',1890,'none'
'bra_real_2000_2',1891,'none'
'bra_real_2000_2',1892,'none'
'bra_real_2000_2',1893,'none'
'bra_real_2000_2',1894,'none'
'bra_real_2000_2',1895,'none'
'bra_real_2000_2',1896,'none'
'bra_real_2000_2',1897,'none'
'bra_real_2000_2',1898,'none'
'bra_real_2000_2',1899,'none'
'bra_real_2000_2',1900,'none'
'bra_real_2000_3',1906,'none'
'bra_real_2000_3',1907,'none'
'bra_real_2000_3',1908,'none'
'bra_real_2000_3',1909,'none'
'bra_real_2000_3',1910,'none'
'bra_real_2000_3',1911,'none'
'bra_real_2000_3',1912,'none'
'bra_real_2000_3',1913,'none'
'bra_real_2000_4',1922,'none'
'bra_real_2000_5',1922,'none'
'bra_real_2000_5',1923,'none'
'bra_real_2000_5',1924,'none'
'bra_real_2000_5',1925,'none'
'bra_real_2000_5',1926,'none'
'bra_real_2000_5',1927,'none'
'bra_real_2000_5',1928,'none'
'bra_real_2000_5',1929,'none'
'bra_real_2000_5',1930,'none'
'bra_real_2000_5',1931,'none'
'bra_real_2000_5',1932,'none'
'bra_real_2000_5',1933,'none'
'bra_real_2000_5',1934,'none'
'bra_real_2000_5',1935,'none'
'bra_real_200_1',1867,'none'
'bra_real_200_1',1868,'none'
'bra_real_200_1',1869,'none'
'bra_real_4000_1',1875,'none'
'bra_real_4000_1',1876,'none'
'bra_real_4000_1',1877,'none'
'bra_real_4000_1',1878,'none'
'bra_real_4000_1',1879,'none'
'bra_real_4000_1',1880,'none'
'bra_real_4000_1',1881,'none'
'bra_real_4000_1',1882,'none'
'bra_real_4000_1',1883,'none'
'bra_real_4000_1',1884,'none'
'bra_real_4000_1',1885,'none'
'bra_real_4000_1',1886,'none'
'bra_real_4000_1',1887,'none'
'bra_real_4000_1',1888,'none'
'bra_real_4000_1',1889,'none'
'bra_real_4000_1',1890,'none'
'bra_real_4000_1',1891,'none'
'bra_real_4000_1',1892,'none'
'bra_real_4000_1',1893,'none'
'bra_real_4000_1',1894,'none'
'bra_real_4000_1',1895,'none'
'bra_real_4000_1',1896,'none'
'bra_real_4000_1',1897,'none'
'bra_real_4000_1',1898,'none'
'bra_real_4000_1',1899,'none'
'bra_real_4000_1',1900,'none'
'bra_real_400_1',1875,'none'
'bra_real_400_1',1876,'none'
'bra_real_400_1',1877,'none'
'bra_real_400_1',1878,'none'
'bra_real_400_1',1879,'none'
'bra_real_400_1',1880,'none'
'bra_real_400_1',1881,'none'
'bra_real_400_1',1882,'none'
'bra_real_400_1',1883,'none'
'bra_real_400_1',1884,'none'
'bra_real_400_1',1885,'none'
'bra_real_400_1',1886,'none'
'bra_real_400_1',1887,'none'
'bra_real_400_1',1888,'none'
'bra_real_400_1',1889,'none'
'bra_real_400_1',1890,'none'
'bra_real_400_1',1891,'none'
'bra_real_400_1',1892,'none'
'bra_real_400_1',1893,'none'
'bra_real_400_1',1894,'none'
'bra_real_400_1',1895,'none'
'bra_real_400_1',1896,'none'
'bra_real_400_1',1897,'none'
'bra_real_400_1',1898,'none'
'bra_real_400_1',1899,'none'
'bra_real_400_1',1900,'none'
'bra_real_5000_1',1936,'none'
'bra_real_5000_1',1937,'none'
'bra_real_5000_1',1938,'none'
'bra_real_5000_2',1849,'none'
'bra_real_5000_2',1850,'none'
'bra_real_5000_2',1851,'none'
'bra_real_5000_2',1852,'none'
'bra_real_5000_2',1853,'none'
'bra_real_5000_2',1854,'none'
'bra_real_5000_2',1855,'none'
'bra_real_5000_2',1856,'none'
'bra_real_5000_2',1857,'none'
'bra_real_5000_2',1858,'none'
'bra_real_5000_2',1859,'none'
'bra_real_5000_2',1860,'none'
'bra_real_5000_2',1861,'none'
'bra_real_5000_2',1862,'none'
'bra_real_5000_2',1863,'none'
'bra_real_5000_2',1864,'none'
'bra_real_5000_2',1865,'none'
'bra_real_5000_2',1866,'none'
'bra_real_5000_2',1867,'none'
'bra_real_5000_2',1868,'none'
'bra_real_5000_2',1869,'none'
'bra_real_5000_2',1870,'none'
'bra_real_5000_2',1871,'none'
'bra_real_5000_2',1872,'none'
'bra_real_5000_2',1873,'none'
'bra_real_5000_2',1874,'none'
'bra_real_5000_2',1875,'none'
'bra_real_5000_2',1876,'none'
'bra_real_5000_2',1877,'none'
'bra_real_5000_2',1878,'none'
'bra_real_5000_2',1879,'none'
'bra_real_5000_2',1880,'none'
'bra_real_5000_2',1881,'none'
'bra_real_5000_2',1882,'none'
'bra_real_5000_2',1883,'none'
'bra_real_5000_2',1884,'none'
'bra_real_5000_2',1885,'none'
'bra_real_5000_2',1886,'none'
'bra_real_5000_2',1887,'none'
'bra_real_5000_2',1888,'none'
'bra_real_5000_2',1889,'none'
'bra_real_5000_2',1890,'none'
'bra_real_5000_2',1891,'none'
'bra_real_5000_2',1892,'none'
'bra_real_5000_2',1893,'none'
'bra_real_5000_2',1894,'none'
'bra_real_5000_2',1895,'none'
'bra_real_5000_2',1896,'none'
'bra_real_5000_2',1897,'none'
'bra_real_5000_2',1898,'none'
'bra_real_5000_2',1899,'none'
'bra_real_5000_2',1900,'none'
'bra_real_5000_2',1901,'none'
'bra_real_5000_2',1902,'none'
'bra_real_5000_2',1903,'none'
'bra_real_5000_2',1904,'none'
'bra_real_5000_2',1905,'none'
'bra_real_5000_2',1906,'none'
'bra_real_5000_2',1907,'none'
'bra_real_5000_2',1908,'none'
'bra_real_5000_2',1909,'none'
'bra_real_5000_2',1910,'none'
'bra_real_5000_2',1911,'none'
'bra_real_5000_2',1912,'none'
'bra_real_5000_2',1913,'none'
'bra_real_5000_2',1914,'none'
'bra_real_5000_2',1915,'none'
'bra_real_5000_2',1916,'none'
'bra_real_5000_2',1917,'none'
'bra_real_5000_2',1918,'none'
'bra_real_5000_2',1919,'none'
'bra_real_5000_2',1920,'none'
'bra_real_5000_2',1921,'none'
'bra_real_5000_2',1922,'none'
'bra_real_500_1',1867,'none'
'bra_real_500_1',1868,'none'
'bra_real_500_1',1869,'none'
'bra_real_500_2',1875,'none'
'bra_real_500_2',1876,'none'
'bra_real_500_2',1877,'none'
'bra_real_500_2',1878,'none'
'bra_real_500_2',1879,'none'
'bra_real_500_2',1880,'none'
'bra_real_500_2',1881,'none'
'bra_real_500_2',1882,'none'
'bra_real_500_2',1883,'none'
'bra_real_500_2',1884,'none'
'bra_real_500_2',1885,'none'
'bra_real_500_2',1886,'none'
'bra_real_500_2',1887,'none'
'bra_real_500_2',1888,'none'
'bra_real_500_2',1889,'none'
'bra_real_500_2',1890,'none'
'bra_real_500_2',1891,'none'
'bra_real_500_2',1892,'none'
'bra_real_500_2',1893,'none'
'bra_real_500_2',1894,'none'
'bra_real_500_2',1895,'none'
'bra_real_500_2',1896,'none'
'bra_real_500_2',1897,'none'
'bra_real_500_2',1898,'none'
'bra_real_500_2',1899,'none'
'bra_real_500_2',1900,'none'
'bra_real_500_3',1906,'none'
'bra_real_500_3',1907,'none'
'bra_real_500_3',1908,'none'
'bra_real_500_3',1909,'none'
'bra_real_500_3',1910,'none'
'bra_real_500_3',1911,'none'
'bra_real_500_3',1912,'none'
'bra_real_500_3',1913,'none'
'can_cent_10_1',1858,'none'
'can_cent_10_1',1859,'none'
'can_cent_10_1',1860,'none'
'can_cent_10_1',1861,'none'
'can_cent_10_1',1862,'none'
'can_cent_10_1',1863,'none'
'can_cent_10_1',1864,'none'
'can_cent_10_1',1865,'none'
'can_cent_10_1',1866,'none'
'can_cent_10_1',1867,'none'
'can_cent_10_1',1868,'none'
'can_cent_10_1',1869,'none'
'can_cent_10_1',1870,'none'
'can_cent_10_1',1871,'none'
'can_cent_10_1',1872,'none'
'can_cent_10_1',1873,'none'
'can_cent_10_1',1874,'none'
'can_cent_10_1',1875,'none'
'can_cent_10_1',1876,'none'
'can_cent_10_1',1877,'none'
'can_cent_10_1',1878,'none'
'can_cent_10_1',1879,'none'
'can_cent_10_1',1880,'none'
'can_cent_10_1',1881,'none'
'can_cent_10_1',1882,'none'
'can_cent_10_1',1883,'none'
'can_cent_10_1',1884,'none'
'can_cent_10_1',1885,'none'
'can_cent_10_1',1886,'none'
'can_cent_10_1',1887,'none'
'can_cent_10_1',1888,'none'
'can_cent_10_1',1889,'none'
'can_cent_10_1',1890,'none'
'can_cent_10_1',1891,'none'
'can_cent_10_1',1892,'none'
'can_cent_10_1',1893,'none'
'can_cent_10_1',1894,'none'
'can_cent_10_1',1895,'none'
'can_cent_10_1',1896,'none'
'can_cent_10_1',1897,'none'
'can_cent_10_1',1898,'none'
'can_cent_10_1',1899,'none'
'can_cent_10_1',1900,'none'
'can_cent_10_1',1901,'none'
'can_cent_10_1',1902,'none'
'can_cent_10_1',1903,'none'
'can_cent_10_1',1904,'none'
'can_cent_10_1',1905,'none'
'can_cent_10_1',1906,'none'
'can_cent_10_1',1907,'none'
'can_cent_10_1',1908,'none'
'can_cent_10_1',1909,'none'
'can_cent_10_1',1910,'none'
'can_cent_10_2',1910,'none'
'can_cent_10_2',1911,'none'
'can_cent_10_2',1912,'none'
'can_cent_10_2',1913,'none'
'can_cent_10_2',1914,'none'
'can_cent_10_2',1915,'none'
'can_cent_10_2',1916,'none'
'can_cent_10_2',1917,'none'
'can_cent_10_2',1918,'none'
'can_cent_10_2',1919,'none'
'can_cent_10_3',1920,'none'
'can_cent_10_3',1921,'none'
'can_cent_10_3',1922,'none'
'can_cent_10_3',1923,'none'
'can_cent_10_3',1924,'none'
'can_cent_10_3',1925,'none'
'can_cent_10_3',1926,'none'
'can_cent_10_3',1927,'none'
'can_cent_10_3',1928,'none'
'can_cent_10_3',1929,'none'
'can_cent_10_3',1930,'none'
'can_cent_10_3',1931,'none'
'can_cent_10_3',1932,'none'
'can_cent_10_3',1933,'none'
'can_cent_10_3',1934,'none'
'can_cent_10_3',1935,'none'
'can_cent_10_3',1936,'none'
'can_cent_10_3',1937,'none'
'can_cent_10_3',1938,'none'
'can_cent_10_3',1939,'none'
'can_cent_10_3',1940,'none'
'can_cent_10_3',1941,'none'
'can_cent_10_3',1942,'none'
'can_cent_10_3',1943,'none'
'can_cent_10_3',1944,'none'
'can_cent_10_3',1945,'none'
'can_cent_10_3',1946,'none'
'can_cent_10_3',1947,'none'
'can_cent_10_3',1948,'none'
'can_cent_10_3',1949,'none'
'can_cent_10_3',1950,'none'
'can_cent_10_3',1951,'none'
'can_cent_10_3',1952,'none'
'can_cent_10_3',1953,'none'
'can_cent_10_3',1954,'none'
'can_cent_10_3',1955,'none'
'can_cent_10_3',1956,'none'
'can_cent_10_3',1957,'none'
'can_cent_10_3',1958,'none'
'can_cent_10_3',1959,'none'
'can_cent_10_3',1960,'none'
'can_cent_10_3',1961,'none'
'can_cent_10_3',1962,'none'
'can_cent_10_3',1963,'none'
'can_cent_10_3',1964,'none'
'can_cent_10_3',1965,'none'
'can_cent_10_3',1966,'none'
'can_cent_10_3',1967,'none'
'can_cent_20_1',1858,'none'
'can_cent_20_1',1859,'none'
'can_cent_20_1',1860,'none'
'can_cent_20_1',1861,'none'
'can_cent_20_1',1862,'none'
'can_cent_20_1',1863,'none'
'can_cent_20_1',1864,'none'
'can_cent_20_1',1865,'none'
'can_cent_20_1',1866,'none'
'can_cent_20_1',1867,'none'
'can_cent_20_1',1868,'none'
'can_cent_20_1',1869,'none'
'can_cent_20_1',1870,'none'
'can_cent_20_1',1871,'none'
'can_cent_20_1',1872,'none'
'can_cent_20_1',1873,'none'
'can_cent_20_1',1874,'none'
'can_cent_20_1',1875,'none'
'can_cent_20_1',1876,'none'
'can_cent_20_1',1877,'none'
'can_cent_20_1',1878,'none'
'can_cent_20_1',1879,'none'
'can_cent_20_1',1880,'none'
'can_cent_20_1',1881,'none'
'can_cent_20_1',1882,'none'
'can_cent_20_1',1883,'none'
'can_cent_20_1',1884,'none'
'can_cent_20_1',1885,'none'
'can_cent_20_1',1886,'none'
'can_cent_20_1',1887,'none'
'can_cent_20_1',1888,'none'
'can_cent_20_1',1889,'none'
'can_cent_20_1',1890,'none'
'can_cent_20_1',1891,'none'
'can_cent_20_1',1892,'none'
'can_cent_20_1',1893,'none'
'can_cent_20_1',1894,'none'
'can_cent_20_1',1895,'none'
'can_cent_20_1',1896,'none'
'can_cent_20_1',1897,'none'
'can_cent_20_1',1898,'none'
'can_cent_20_1',1899,'none'
'can_cent_20_1',1900,'none'
'can_cent_20_1',1901,'none'
'can_cent_20_1',1902,'none'
'can_cent_20_1',1903,'none'
'can_cent_20_1',1904,'none'
'can_cent_20_1',1905,'none'
'can_cent_20_1',1906,'none'
'can_cent_20_1',1907,'none'
'can_cent_20_1',1908,'none'
'can_cent_20_1',1909,'none'
'can_cent_20_1',1910,'none'
'can_cent_25_1',1858,'none'
'can_cent_25_1',1859,'none'
'can_cent_25_1',1860,'none'
'can_cent_25_1',1861,'none'
'can_cent_25_1',1862,'none'
'can_cent_25_1',1863,'none'
'can_cent_25_1',1864,'none'
'can_cent_25_1',1865,'none'
'can_cent_25_1',1866,'none'
'can_cent_25_1',1867,'none'
'can_cent_25_1',1868,'none'
'can_cent_25_1',1869,'none'
'can_cent_25_1',1870,'none'
'can_cent_25_1',1871,'none'
'can_cent_25_1',1872,'none'
'can_cent_25_1',1873,'none'
'can_cent_25_1',1874,'none'
'can_cent_25_1',1875,'none'
'can_cent_25_1',1876,'none'
'can_cent_25_1',1877,'none'
'can_cent_25_1',1878,'none'
'can_cent_25_1',1879,'none'
'can_cent_25_1',1880,'none'
'can_cent_25_1',1881,'none'
'can_cent_25_1',1882,'none'
'can_cent_25_1',1883,'none'
'can_cent_25_1',1884,'none'
'can_cent_25_1',1885,'none'
'can_cent_25_1',1886,'none'
'can_cent_25_1',1887,'none'
'can_cent_25_1',1888,'none'
'can_cent_25_1',1889,'none'
'can_cent_25_1',1890,'none'
'can_cent_25_1',1891,'none'
'can_cent_25_1',1892,'none'
'can_cent_25_1',1893,'none'
'can_cent_25_1',1894,'none'
'can_cent_25_1',1895,'none'
'can_cent_25_1',1896,'none'
'can_cent_25_1',1897,'none'
'can_cent_25_1',1898,'none'
'can_cent_25_1',1899,'none'
'can_cent_25_1',1900,'none'
'can_cent_25_1',1901,'none'
'can_cent_25_1',1902,'none'
'can_cent_25_1',1903,'none'
'can_cent_25_1',1904,'none'
'can_cent_25_1',1905,'none'
'can_cent_25_1',1906,'none'
'can_cent_25_1',1907,'none'
'can_cent_25_1',1908,'none'
'can_cent_25_1',1909,'none'
'can_cent_25_1',1910,'none'
'can_cent_25_2',1910,'none'
'can_cent_25_2',1911,'none'
'can_cent_25_2',1912,'none'
'can_cent_25_2',1913,'none'
'can_cent_25_2',1914,'none'
'can_cent_25_2',1915,'none'
'can_cent_25_2',1916,'none'
'can_cent_25_2',1917,'none'
'can_cent_25_2',1918,'none'
'can_cent_25_2',1919,'none'
'can_cent_25_3',1920,'none'
'can_cent_25_3',1921,'none'
'can_cent_25_3',1922,'none'
'can_cent_25_3',1923,'none'
'can_cent_25_3',1924,'none'
'can_cent_25_3',1925,'none'
'can_cent_25_3',1926,'none'
'can_cent_25_3',1927,'none'
'can_cent_25_3',1928,'none'
'can_cent_25_3',1929,'none'
'can_cent_25_3',1930,'none'
'can_cent_25_3',1931,'none'
'can_cent_25_3',1932,'none'
'can_cent_25_3',1933,'none'
'can_cent_25_3',1934,'none'
'can_cent_25_3',1935,'none'
'can_cent_25_3',1936,'none'
'can_cent_25_3',1937,'none'
'can_cent_25_3',1938,'none'
'can_cent_25_3',1939,'none'
'can_cent_25_3',1940,'none'
'can_cent_25_3',1941,'none'
'can_cent_25_3',1942,'none'
'can_cent_25_3',1943,'none'
'can_cent_25_3',1944,'none'
'can_cent_25_3',1945,'none'
'can_cent_25_3',1946,'none'
'can_cent_25_3',1947,'none'
'can_cent_25_3',1948,'none'
'can_cent_25_3',1949,'none'
'can_cent_25_3',1950,'none'
'can_cent_25_3',1951,'none'
'can_cent_25_3',1952,'none'
'can_cent_25_3',1953,'none'
'can_cent_25_3',1954,'none'
'can_cent_25_3',1955,'none'
'can_cent_25_3',1956,'none'
'can_cent_25_3',1957,'none'
'can_cent_25_3',1958,'none'
'can_cent_25_3',1959,'none'
'can_cent_25_3',1960,'none'
'can_cent_25_3',1961,'none'
'can_cent_25_3',1962,'none'
'can_cent_25_3',1963,'none'
'can_cent_25_3',1964,'none'
'can_cent_25_3',1965,'none'
'can_cent_25_3',1966,'none'
'can_cent_25_3',1967,'none'
'can_cent_50_1',1858,'none'
'can_cent_50_1',1859,'none'
'can_cent_50_1',1860,'none'
'can_cent_50_1',1861,'none'
'can_cent_50_1',1862,'none'
'can_cent_50_1',1863,'none'
'can_cent_50_1',1864,'none'
'can_cent_50_1',1865,'none'
'can_cent_50_1',1866,'none'
'can_cent_50_1',1867,'none'
'can_cent_50_1',1868,'none'
'can_cent_50_1',1869,'none'
'can_cent_50_1',1870,'none'
'can_cent_50_1',1871,'none'
'can_cent_50_1',1872,'none'
'can_cent_50_1',1873,'none'
'can_cent_50_1',1874,'none'
'can_cent_50_1',1875,'none'
'can_cent_50_1',1876,'none'
'can_cent_50_1',1877,'none'
'can_cent_50_1',1878,'none'
'can_cent_50_1',1879,'none'
'can_cent_50_1',1880,'none'
'can_cent_50_1',1881,'none'
'can_cent_50_1',1882,'none'
'can_cent_50_1',1883,'none'
'can_cent_50_1',1884,'none'
'can_cent_50_1',1885,'none'
'can_cent_50_1',1886,'none'
'can_cent_50_1',1887,'none'
'can_cent_50_1',1888,'none'
'can_cent_50_1',1889,'none'
'can_cent_50_1',1890,'none'
'can_cent_50_1',1891,'none'
'can_cent_50_1',1892,'none'
'can_cent_50_1',1893,'none'
'can_cent_50_1',1894,'none'
'can_cent_50_1',1895,'none'
'can_cent_50_1',1896,'none'
'can_cent_50_1',1897,'none'
'can_cent_50_1',1898,'none'
'can_cent_50_1',1899,'none'
'can_cent_50_1',1900,'none'
'can_cent_50_1',1901,'none'
'can_cent_50_1',1902,'none'
'can_cent_50_1',1903,'none'
'can_cent_50_1',1904,'none'
'can_cent_50_1',1905,'none'
'can_cent_50_1',1906,'none'
'can_cent_50_1',1907,'none'
'can_cent_50_1',1908,'none'
'can_cent_50_1',1909,'none'
'can_cent_50_1',1910,'none'
'can_cent_50_2',1910,'none'
'can_cent_50_2',1911,'none'
'can_cent_50_2',1912,'none'
'can_cent_50_2',1913,'none'
'can_cent_50_2',1914,'none'
'can_cent_50_2',1915,'none'
'can_cent_50_2',1916,'none'
'can_cent_50_2',1917,'none'
'can_cent_50_2',1918,'none'
'can_cent_50_2',1919,'none'
'can_cent_50_3',1920,'none'
'can_cent_50_3',1921,'none'
'can_cent_50_3',1922,'none'
'can_cent_50_3',1923,'none'
'can_cent_50_3',1924,'none'
'can_cent_50_3',1925,'none'
'can_cent_50_3',1926,'none'
'can_cent_50_3',1927,'none'
'can_cent_50_3',1928,'none'
'can_cent_50_3',1929,'none'
'can_cent_50_3',1930,'none'
'can_cent_50_3',1931,'none'
'can_cent_50_3',1932,'none'
'can_cent_50_3',1933,'none'
'can_cent_50_3',1934,'none'
'can_cent_50_3',1935,'none'
'can_cent_50_3',1936,'none'
'can_cent_50_3',1937,'none'
'can_cent_50_3',1938,'none'
'can_cent_50_3',1939,'none'
'can_cent_50_3',1940,'none'
'can_cent_50_3',1941,'none'
'can_cent_50_3',1942,'none'
'can_cent_50_3',1943,'none'
'can_cent_50_3',1944,'none'
'can_cent_50_3',1945,'none'
'can_cent_50_3',1946,'none'
'can_cent_50_3',1947,'none'
'can_cent_50_3',1948,'none'
'can_cent_50_3',1949,'none'
'can_cent_50_3',1950,'none'
'can_cent_50_3',1951,'none'
'can_cent_50_3',1952,'none'
'can_cent_50_3',1953,'none'
'can_cent_50_3',1954,'none'
'can_cent_50_3',1955,'none'
'can_cent_50_3',1956,'none'
'can_cent_50_3',1957,'none'
'can_cent_50_3',1958,'none'
'can_cent_50_3',1959,'none'
'can_cent_50_3',1960,'none'
'can_cent_50_3',1961,'none'
'can_cent_50_3',1962,'none'
'can_cent_50_3',1963,'none'
'can_cent_50_3',1964,'none'
'can_cent_50_3',1965,'none'
'can_cent_50_3',1966,'none'
'can_cent_50_3',1967,'none'
'can_cent_5_1',1858,'none'
'can_cent_5_1',1859,'none'
'can_cent_5_1',1860,'none'
'can_cent_5_1',1861,'none'
'can_cent_5_1',1862,'none'
'can_cent_5_1',1863,'none'
'can_cent_5_1',1864,'none'
'can_cent_5_1',1865,'none'
'can_cent_5_1',1866,'none'
'can_cent_5_1',1867,'none'
'can_cent_5_1',1868,'none'
'can_cent_5_1',1869,'none'
'can_cent_5_1',1870,'none'
'can_cent_5_1',1871,'none'
'can_cent_5_1',1872,'none'
'can_cent_5_1',1873,'none'
'can_cent_5_1',1874,'none'
'can_cent_5_1',1875,'none'
'can_cent_5_1',1876,'none'
'can_cent_5_1',1877,'none'
'can_cent_5_1',1878,'none'
'can_cent_5_1',1879,'none'
'can_cent_5_1',1880,'none'
'can_cent_5_1',1881,'none'
'can_cent_5_1',1882,'none'
'can_cent_5_1',1883,'none'
'can_cent_5_1',1884,'none'
'can_cent_5_1',1885,'none'
'can_cent_5_1',1886,'none'
'can_cent_5_1',1887,'none'
'can_cent_5_1',1888,'none'
'can_cent_5_1',1889,'none'
'can_cent_5_1',1890,'none'
'can_cent_5_1',1891,'none'
'can_cent_5_1',1892,'none'
'can_cent_5_1',1893,'none'
'can_cent_5_1',1894,'none'
'can_cent_5_1',1895,'none'
'can_cent_5_1',1896,'none'
'can_cent_5_1',1897,'none'
'can_cent_5_1',1898,'none'
'can_cent_5_1',1899,'none'
'can_cent_5_1',1900,'none'
'can_cent_5_1',1901,'none'
'can_cent_5_1',1902,'none'
'can_cent_5_1',1903,'none'
'can_cent_5_1',1904,'none'
'can_cent_5_1',1905,'none'
'can_cent_5_1',1906,'none'
'can_cent_5_1',1907,'none'
'can_cent_5_1',1908,'none'
'can_cent_5_1',1909,'none'
'can_cent_5_1',1910,'none'
'can_cent_5_2',1910,'none'
'can_cent_5_2',1911,'none'
'can_cent_5_2',1912,'none'
'can_cent_5_2',1913,'none'
'can_cent_5_2',1914,'none'
'can_cent_5_2',1915,'none'
'can_cent_5_2',1916,'none'
'can_cent_5_2',1917,'none'
'can_cent_5_2',1918,'none'
'can_cent_5_2',1919,'none'
'can_cent_5_3',1920,'none'
'can_cent_5_3',1921,'none'
'can_cent_5_3',1922,'none'
'can_cent_5_3',1923,'none'
'can_cent_5_3',1924,'none'
'can_cent_5_3',1925,'none'
'can_cent_5_3',1926,'none'
'can_cent_5_3',1927,'none'
'can_cent_5_3',1928,'none'
'can_cent_5_3',1929,'none'
'can_cent_5_3',1930,'none'
'can_cent_5_3',1931,'none'
'can_cent_5_3',1932,'none'
'can_cent_5_3',1933,'none'
'can_cent_5_3',1934,'none'
'can_cent_5_3',1935,'none'
'can_cent_5_3',1936,'none'
'can_cent_5_3',1937,'none'
'can_cent_5_3',1938,'none'
'can_cent_5_3',1939,'none'
'can_cent_5_3',1940,'none'
'can_cent_5_3',1941,'none'
'can_cent_5_3',1942,'none'
'can_cent_5_3',1943,'none'
'can_cent_5_3',1944,'none'
'can_cent_5_3',1945,'none'
'can_cent_5_3',1946,'none'
'can_cent_5_3',1947,'none'
'can_cent_5_3',1948,'none'
'can_cent_5_3',1949,'none'
'can_cent_5_3',1950,'none'
'can_cent_5_3',1951,'none'
'can_cent_5_3',1952,'none'
'can_cent_5_3',1953,'none'
'can_cent_5_3',1954,'none'
'can_cent_5_3',1955,'none'
'can_cent_5_3',1956,'none'
'can_cent_5_3',1957,'none'
'can_cent_5_3',1958,'none'
'can_cent_5_3',1959,'none'
'can_cent_5_3',1960,'none'
'can_cent_5_3',1961,'none'
'can_cent_5_3',1962,'none'
'can_cent_5_3',1963,'none'
'can_cent_5_3',1964,'none'
'can_cent_5_3',1965,'none'
'can_cent_5_3',1966,'none'
'can_cent_5_3',1967,'none'
'can_dollar_1',1920,'none'
'can_dollar_1',1921,'none'
'can_dollar_1',1922,'none'
'can_dollar_1',1923,'none'
'can_dollar_1',1924,'none'
'can_dollar_1',1925,'none'
'can_dollar_1',1926,'none'
'can_dollar_1',1927,'none'
'can_dollar_1',1928,'none'
'can_dollar_1',1929,'none'
'can_dollar_1',1930,'none'
'can_dollar_1',1931,'none'
'can_dollar_1',1932,'none'
'can_dollar_1',1933,'none'
'can_dollar_1',1934,'none'
'can_dollar_1',1935,'none'
'can_dollar_1',1936,'none'
'can_dollar_1',1937,'none'
'can_dollar_1',1938,'none'
'can_dollar_1',1939,'none'
'can_dollar_1',1940,'none'
'can_dollar_1',1941,'none'
'can_dollar_1',1942,'none'
'can_dollar_1',1943,'none'
'can_dollar_1',1944,'none'
'can_dollar_1',1945,'none'
'can_dollar_1',1946,'none'
'can_dollar_1',1947,'none'
'can_dollar_1',1948,'none'
'can_dollar_1',1949,'none'
'can_dollar_1',1950,'none'
'can_dollar_1',1951,'none'
'can_dollar_1',1952,'none'
'can_dollar_1',1953,'none'
'can_dollar_1',1954,'none'
'can_dollar_1',1955,'none'
'can_dollar_1',1956,'none'
'can_dollar_1',1957,'none'
'can_dollar_1',1958,'none'
'can_dollar_1',1959,'none'
'can_dollar_1',1960,'none'
'can_dollar_1',1961,'none'
'can_dollar_1',1962,'none'
'can_dollar_1',1963,'none'
'can_dollar_1',1964,'none'
'can_dollar_1',1965,'none'
'can_dollar_1',1966,'none'
'can_dollar_1',1967,'none'
'can_dollar_10_1',1912,'none'
'can_dollar_10_1',1913,'none'
'can_dollar_10_1',1914,'none'
'can_dollar_5_1',1912,'none'
'can_dollar_5_1',1913,'none'
'can_dollar_5_1',1914,'none'
'can_sovereign_1_1',1908,'none'
'can_sovereign_1_1',1909,'none'
'can_sovereign_1_1',1910,'none'
'can_sovereign_1_1',1911,'none'
'can_sovereign_1_1',1912,'none'
'can_sovereign_1_1',1913,'none'
'can_sovereign_1_1',1914,'none'
'can_sovereign_1_1',1915,'none'
'can_sovereign_1_1',1916,'none'
'can_sovereign_1_1',1917,'none'
'can_sovereign_1_1',1918,'none'
'can_sovereign_1_1',1919,'none'
'che_franc_100_1',1883,'none'
'che_franc_100_1',1884,'none'
'che_franc_100_1',1885,'none'
'che_franc_100_1',1886,'none'
'che_franc_100_1',1887,'none'
'che_franc_100_1',1888,'none'
'che_franc_100_1',1889,'none'
'che_franc_100_1',1890,'none'
'che_franc_100_1',1891,'none'
'che_franc_100_1',1892,'none'
'che_franc_100_1',1893,'none'
'che_franc_100_1',1894,'none'
'che_franc_100_1',1895,'none'
'che_franc_100_1',1896,'none'
'che_franc_100_1',1897,'none'
'che_franc_100_1',1898,'none'
'che_franc_100_1',1899,'none'
'che_franc_100_1',1900,'none'
'che_franc_100_1',1901,'none'
'che_franc_100_1',1902,'none'
'che_franc_100_1',1903,'none'
'che_franc_100_1',1904,'none'
'che_franc_100_1',1905,'none'
'che_franc_100_1',1906,'none'
'che_franc_100_1',1907,'none'
'che_franc_100_1',1908,'none'
'che_franc_100_1',1909,'none'
'che_franc_100_1',1910,'none'
'che_franc_100_1',1911,'none'
'che_franc_100_1',1912,'none'
'che_franc_100_1',1913,'none'
'che_franc_100_1',1914,'none'
'che_franc_100_1',1915,'none'
'che_franc_100_1',1916,'none'
'che_franc_100_1',1917,'none'
'che_franc_100_1',1918,'none'
'che_franc_100_1',1919,'none'
'che_franc_100_1',1920,'none'
'che_franc_100_1',1921,'none'
'che_franc_100_1',1922,'none'
'che_franc_100_1',1923,'none'
'che_franc_100_1',1924,'none'
'che_franc_100_1',1925,'none'
'che_franc_100_1',1926,'none'
'che_franc_100_1',1927,'none'
'che_franc_100_1',1928,'none'
'che_franc_100_1',1929,'none'
'che_franc_100_1',1930,'none'
'che_franc_100_1',1931,'none'
'che_franc_100_1',1932,'none'
'che_franc_100_1',1933,'none'
'che_franc_100_1',1934,'none'
'che_franc_100_1',1935,'none'
'che_franc_100_1',1936,'none'
'che_franc_100_1',1937,'none'
'che_franc_100_1',1938,'none'
'che_franc_100_1',1939,'none'
'che_franc_100_1',1940,'none'
'che_franc_100_1',1941,'none'
'che_franc_100_1',1942,'none'
'che_franc_100_1',1943,'none'
'che_franc_100_1',1944,'none'
'che_franc_100_1',1945,'none'
'che_franc_100_1',1946,'none'
'che_franc_100_1',1947,'none'
'che_franc_100_1',1948,'none'
'che_franc_100_1',1949,'none'
'che_franc_100_2',1934,'none'
'che_franc_100_3',1939,'none'
'che_franc_10_1',1883,'none'
'che_franc_10_1',1884,'none'
'che_franc_10_1',1885,'none'
'che_franc_10_1',1886,'none'
'che_franc_10_1',1887,'none'
'che_franc_10_1',1888,'none'
'che_franc_10_1',1889,'none'
'che_franc_10_1',1890,'none'
'che_franc_10_1',1891,'none'
'che_franc_10_1',1892,'none'
'che_franc_10_1',1893,'none'
'che_franc_10_1',1894,'none'
'che_franc_10_1',1895,'none'
'che_franc_10_1',1896,'none'
'che_franc_10_1',1897,'none'
'che_franc_10_1',1898,'none'
'che_franc_10_1',1899,'none'
'che_franc_10_1',1900,'none'
'che_franc_10_1',1901,'none'
'che_franc_10_1',1902,'none'
'che_franc_10_1',1903,'none'
'che_franc_10_1',1904,'none'
'che_franc_10_1',1905,'none'
'che_franc_10_1',1906,'none'
'che_franc_10_1',1907,'none'
'che_franc_10_1',1908,'none'
'che_franc_10_1',1909,'none'
'che_franc_10_1',1910,'none'
'che_franc_10_1',1911,'none'
'che_franc_10_1',1912,'none'
'che_franc_10_1',1913,'none'
'che_franc_10_1',1914,'none'
'che_franc_10_1',1915,'none'
'che_franc_10_1',1916,'none'
'che_franc_10_1',1917,'none'
'che_franc_10_1',1918,'none'
'che_franc_10_1',1919,'none'
'che_franc_10_1',1920,'none'
'che_franc_10_1',1921,'none'
'che_franc_10_1',1922,'none'
'che_franc_10_1',1923,'none'
'che_franc_10_1',1924,'none'
'che_franc_10_1',1925,'none'
'che_franc_10_1',1926,'none'
'che_franc_10_1',1927,'none'
'che_franc_10_1',1928,'none'
'che_franc_10_1',1929,'none'
'che_franc_10_1',1930,'none'
'che_franc_10_1',1931,'none'
'che_franc_10_1',1932,'none'
'che_franc_10_1',1933,'none'
'che_franc_10_1',1934,'none'
'che_franc_10_1',1935,'none'
'che_franc_10_1',1936,'none'
'che_franc_10_1',1937,'none'
'che_franc_10_1',1938,'none'
'che_franc_10_1',1939,'none'
'che_franc_10_1',1940,'none'
'che_franc_10_1',1941,'none'
'che_franc_10_1',1942,'none'
'che_franc_10_1',1943,'none'
'che_franc_10_1',1944,'none'
'che_franc_10_1',1945,'none'
'che_franc_10_1',1946,'none'
'che_franc_10_1',1947,'none'
'che_franc_10_1',1948,'none'
'che_franc_10_1',1949,'none'
'che_franc_1_1',1850,'none'
'che_franc_1_1',1851,'none'
'che_franc_1_1',1852,'none'
'che_franc_1_1',1853,'none'
'che_franc_1_1',1854,'none'
'che_franc_1_1',1855,'none'
'che_franc_1_1',1856,'none'
'che_franc_1_1',1857,'none'
'che_franc_1_2',1860,'none'
'che_franc_1_2',1861,'none'
'che_franc_1_3',1874,'none'
'che_franc_1_3',1875,'none'
'che_franc_1_3',1876,'none'
'che_franc_1_3',1877,'none'
'che_franc_1_3',1878,'none'
'che_franc_1_3',1879,'none'
'che_franc_1_3',1880,'none'
'che_franc_1_3',1881,'none'
'che_franc_1_3',1882,'none'
'che_franc_1_3',1883,'none'
'che_franc_1_3',1884,'none'
'che_franc_1_3',1885,'none'
'che_franc_1_3',1886,'none'
'che_franc_1_3',1887,'none'
'che_franc_1_3',1888,'none'
'che_franc_1_3',1889,'none'
'che_franc_1_3',1890,'none'
'che_franc_1_3',1891,'none'
'che_franc_1_3',1892,'none'
'che_franc_1_3',1893,'none'
'che_franc_1_3',1894,'none'
'che_franc_1_3',1895,'none'
'che_franc_1_3',1896,'none'
'che_franc_1_3',1897,'none'
'che_franc_1_3',1898,'none'
'che_franc_1_3',1899,'none'
'che_franc_1_3',1900,'none'
'che_franc_1_3',1901,'none'
'che_franc_1_3',1902,'none'
'che_franc_1_3',1903,'none'
'che_franc_1_3',1904,'none'
'che_franc_1_3',1905,'none'
'che_franc_1_3',1906,'none'
'che_franc_1_3',1907,'none'
'che_franc_1_3',1908,'none'
'che_franc_1_3',1909,'none'
'che_franc_1_3',1910,'none'
'che_franc_1_3',1911,'none'
'che_franc_1_3',1912,'none'
'che_franc_1_3',1913,'none'
'che_franc_1_3',1914,'none'
'che_franc_1_3',1915,'none'
'che_franc_1_3',1916,'none'
'che_franc_1_3',1917,'none'
'che_franc_1_3',1918,'none'
'che_franc_1_3',1919,'none'
'che_franc_1_3',1920,'none'
'che_franc_1_3',1921,'none'
'che_franc_1_3',1922,'none'
'che_franc_1_3',1923,'none'
'che_franc_1_3',1924,'none'
'che_franc_1_3',1925,'none'
'che_franc_1_3',1926,'none'
'che_franc_1_3',1927,'none'
'che_franc_1_3',1928,'none'
'che_franc_1_3',1929,'none'
'che_franc_1_3',1930,'none'
'che_franc_1_3',1931,'none'
'che_franc_1_3',1932,'none'
'che_franc_1_3',1933,'none'
'che_franc_1_3',1934,'none'
'che_franc_1_3',1935,'none'
'che_franc_1_3',1936,'none'
'che_franc_1_3',1937,'none'
'che_franc_1_3',1938,'none'
'che_franc_1_3',1939,'none'
'che_franc_1_3',1940,'none'
'che_franc_1_3',1941,'none'
'che_franc_1_3',1942,'none'
'che_franc_1_3',1943,'none'
'che_franc_1_3',1944,'none'
'che_franc_1_3',1945,'none'
'che_franc_1_3',1946,'none'
'che_franc_1_3',1947,'none'
'che_franc_1_3',1948,'none'
'che_franc_1_3',1949,'none'
'che_franc_1_3',1950,'none'
'che_franc_1_3',1951,'none'
'che_franc_1_3',1952,'none'
'che_franc_1_3',1953,'none'
'che_franc_1_3',1954,'none'
'che_franc_1_3',1955,'none'
'che_franc_1_3',1956,'none'
'che_franc_1_3',1957,'none'
'che_franc_1_3',1958,'none'
'che_franc_1_3',1959,'none'
'che_franc_1_3',1960,'none'
'che_franc_1_3',1961,'none'
'che_franc_1_3',1962,'none'
'che_franc_1_3',1963,'none'
'che_franc_1_3',1964,'none'
'che_franc_1_3',1965,'none'
'che_franc_1_3',1966,'none'
'che_franc_1_3',1967,'none'
'che_franc_20_1',1883,'none'
'che_franc_20_1',1884,'none'
'che_franc_20_1',1885,'none'
'che_franc_20_1',1886,'none'
'che_franc_20_1',1887,'none'
'che_franc_20_1',1888,'none'
'che_franc_20_1',1889,'none'
'che_franc_20_1',1890,'none'
'che_franc_20_1',1891,'none'
'che_franc_20_1',1892,'none'
'che_franc_20_1',1893,'none'
'che_franc_20_1',1894,'none'
'che_franc_20_1',1895,'none'
'che_franc_20_1',1896,'none'
'che_franc_20_1',1897,'none'
'che_franc_20_1',1898,'none'
'che_franc_20_1',1899,'none'
'che_franc_20_1',1900,'none'
'che_franc_20_1',1901,'none'
'che_franc_20_1',1902,'none'
'che_franc_20_1',1903,'none'
'che_franc_20_1',1904,'none'
'che_franc_20_1',1905,'none'
'che_franc_20_1',1906,'none'
'che_franc_20_1',1907,'none'
'che_franc_20_1',1908,'none'
'che_franc_20_1',1909,'none'
'che_franc_20_1',1910,'none'
'che_franc_20_1',1911,'none'
'che_franc_20_1',1912,'none'
'che_franc_20_1',1913,'none'
'che_franc_20_1',1914,'none'
'che_franc_20_1',1915,'none'
'che_franc_20_1',1916,'none'
'che_franc_20_1',1917,'none'
'che_franc_20_1',1918,'none'
'che_franc_20_1',1919,'none'
'che_franc_20_1',1920,'none'
'che_franc_20_1',1921,'none'
'che_franc_20_1',1922,'none'
'che_franc_20_1',1923,'none'
'che_franc_20_1',1924,'none'
'che_franc_20_1',1925,'none'
'che_franc_20_1',1926,'none'
'che_franc_20_1',1927,'none'
'che_franc_20_1',1928,'none'
'che_franc_20_1',1929,'none'
'che_franc_20_1',1930,'none'
'che_franc_20_1',1931,'none'
'che_franc_20_1',1932,'none'
'che_franc_20_1',1933,'none'
'che_franc_20_1',1934,'none'
'che_franc_20_1',1935,'none'
'che_franc_20_1',1936,'none'
'che_franc_20_1',1937,'none'
'che_franc_20_1',1938,'none'
'che_franc_20_1',1939,'none'
'che_franc_20_1',1940,'none'
'che_franc_20_1',1941,'none'
'che_franc_20_1',1942,'none'
'che_franc_20_1',1943,'none'
'che_franc_20_1',1944,'none'
'che_franc_20_1',1945,'none'
'che_franc_20_1',1946,'none'
'che_franc_20_1',1947,'none'
'che_franc_20_1',1948,'none'
'che_franc_20_1',1949,'none'
'che_franc_2_1',1850,'none'
'che_franc_2_1',1851,'none'
'che_franc_2_1',1852,'none'
'che_franc_2_1',1853,'none'
'che_franc_2_1',1854,'none'
'che_franc_2_1',1855,'none'
'che_franc_2_1',1856,'none'
'che_franc_2_1',1857,'none'
'che_franc_2_2',1874,'none'
'che_franc_2_2',1875,'none'
'che_franc_2_2',1876,'none'
'che_franc_2_2',1877,'none'
'che_franc_2_2',1878,'none'
'che_franc_2_2',1879,'none'
'che_franc_2_2',1880,'none'
'che_franc_2_2',1881,'none'
'che_franc_2_2',1882,'none'
'che_franc_2_2',1883,'none'
'che_franc_2_2',1884,'none'
'che_franc_2_2',1885,'none'
'che_franc_2_2',1886,'none'
'che_franc_2_2',1887,'none'
'che_franc_2_2',1888,'none'
'che_franc_2_2',1889,'none'
'che_franc_2_2',1890,'none'
'che_franc_2_2',1891,'none'
'che_franc_2_2',1892,'none'
'che_franc_2_2',1893,'none'
'che_franc_2_2',1894,'none'
'che_franc_2_2',1895,'none'
'che_franc_2_2',1896,'none'
'che_franc_2_2',1897,'none'
'che_franc_2_2',1898,'none'
'che_franc_2_2',1899,'none'
'che_franc_2_2',1900,'none'
'che_franc_2_2',1901,'none'
'che_franc_2_2',1902,'none'
'che_franc_2_2',1903,'none'
'che_franc_2_2',1904,'none'
'che_franc_2_2',1905,'none'
'che_franc_2_2',1906,'none'
'che_franc_2_2',1907,'none'
'che_franc_2_2',1908,'none'
'che_franc_2_2',1909,'none'
'che_franc_2_2',1910,'none'
'che_franc_2_2',1911,'none'
'che_franc_2_2',1912,'none'
'che_franc_2_2',1913,'none'
'che_franc_2_2',1914,'none'
'che_franc_2_2',1915,'none'
'che_franc_2_2',1916,'none'
'che_franc_2_2',1917,'none'
'che_franc_2_2',1918,'none'
'che_franc_2_2',1919,'none'
'che_franc_2_2',1920,'none'
'che_franc_2_2',1921,'none'
'che_franc_2_2',1922,'none'
'che_franc_2_2',1923,'none'
'che_franc_2_2',1924,'none'
'che_franc_2_2',1925,'none'
'che_franc_2_2',1926,'none'
'che_franc_2_2',1927,'none'
'che_franc_2_2',1928,'none'
'che_franc_2_2',1929,'none'
'che_franc_2_2',1930,'none'
'che_franc_2_2',1931,'none'
'che_franc_2_2',1932,'none'
'che_franc_2_2',1933,'none'
'che_franc_2_2',1934,'none'
'che_franc_2_2',1935,'none'
'che_franc_2_2',1936,'none'
'che_franc_2_2',1937,'none'
'che_franc_2_2',1938,'none'
'che_franc_2_2',1939,'none'
'che_franc_2_2',1940,'none'
'che_franc_2_2',1941,'none'
'che_franc_2_2',1942,'none'
'che_franc_2_2',1943,'none'
'che_franc_2_2',1944,'none'
'che_franc_2_2',1945,'none'
'che_franc_2_2',1946,'none'
'che_franc_2_2',1947,'none'
'che_franc_2_2',1948,'none'
'che_franc_2_2',1949,'none'
'che_franc_2_2',1950,'none'
'che_franc_2_2',1951,'none'
'che_franc_2_2',1952,'none'
'che_franc_2_2',1953,'none'
'che_franc_2_2',1954,'none'
'che_franc_2_2',1955,'none'
'che_franc_2_2',1956,'none'
'che_franc_2_2',1957,'none'
'che_franc_2_2',1958,'none'
'che_franc_2_2',1959,'none'
'che_franc_2_2',1960,'none'
'che_franc_2_2',1961,'none'
'che_franc_2_2',1962,'none'
'che_franc_2_2',1963,'none'
'che_franc_2_2',1964,'none'
'che_franc_2_2',1965,'none'
'che_franc_2_2',1966,'none'
'che_franc_2_2',1967,'none'
'che_franc_5_1',1850,'none'
'che_franc_5_1',1851,'none'
'che_franc_5_1',1852,'none'
'che_franc_5_1',1853,'none'
'che_franc_5_1',1854,'none'
'che_franc_5_1',1855,'none'
'che_franc_5_1',1856,'none'
'che_franc_5_1',1857,'none'
'che_franc_5_1',1858,'none'
'che_franc_5_1',1859,'none'
'che_franc_5_1',1860,'none'
'che_franc_5_1',1861,'none'
'che_franc_5_1',1862,'none'
'che_franc_5_1',1863,'none'
'che_franc_5_1',1864,'none'
'che_franc_5_1',1865,'none'
'che_franc_5_1',1866,'none'
'che_franc_5_1',1867,'none'
'che_franc_5_1',1868,'none'
'che_franc_5_1',1869,'none'
'che_franc_5_1',1870,'none'
'che_franc_5_1',1871,'none'
'che_franc_5_1',1872,'none'
'che_franc_5_1',1873,'none'
'che_franc_5_1',1874,'none'
'che_franc_5_1',1875,'none'
'che_franc_5_1',1876,'none'
'che_franc_5_1',1877,'none'
'che_franc_5_1',1878,'none'
'che_franc_5_1',1879,'none'
'che_franc_5_1',1880,'none'
'che_franc_5_1',1881,'none'
'che_franc_5_1',1882,'none'
'che_franc_5_1',1883,'none'
'che_franc_5_1',1884,'none'
'che_franc_5_1',1885,'none'
'che_franc_5_1',1886,'none'
'che_franc_5_1',1887,'none'
'che_franc_5_1',1888,'none'
'che_franc_5_1',1889,'none'
'che_franc_5_1',1890,'none'
'che_franc_5_1',1891,'none'
'che_franc_5_1',1892,'none'
'che_franc_5_1',1893,'none'
'che_franc_5_1',1894,'none'
'che_franc_5_1',1895,'none'
'che_franc_5_1',1896,'none'
'che_franc_5_1',1897,'none'
'che_franc_5_1',1898,'none'
'che_franc_5_1',1899,'none'
'che_franc_5_1',1900,'none'
'che_franc_5_1',1901,'none'
'che_franc_5_1',1902,'none'
'che_franc_5_1',1903,'none'
'che_franc_5_1',1904,'none'
'che_franc_5_1',1905,'none'
'che_franc_5_1',1906,'none'
'che_franc_5_1',1907,'none'
'che_franc_5_1',1908,'none'
'che_franc_5_1',1909,'none'
'che_franc_5_1',1910,'none'
'che_franc_5_1',1911,'none'
'che_franc_5_1',1912,'none'
'che_franc_5_1',1913,'none'
'che_franc_5_1',1914,'none'
'che_franc_5_1',1915,'none'
'che_franc_5_1',1916,'none'
'che_franc_5_1',1917,'none'
'che_franc_5_1',1918,'none'
'che_franc_5_1',1919,'none'
'che_franc_5_1',1920,'none'
'che_franc_5_1',1921,'none'
'che_franc_5_1',1922,'none'
'che_franc_5_1',1923,'none'
'che_franc_5_1',1924,'none'
'che_franc_5_1',1925,'none'
'che_franc_5_1',1926,'none'
'che_franc_5_1',1927,'none'
'che_franc_5_1',1928,'none'
'che_franc_5_2',1931,'none'
'che_franc_5_2',1932,'none'
'che_franc_5_2',1933,'none'
'che_franc_5_2',1934,'none'
'che_franc_5_2',1935,'none'
'che_franc_5_2',1936,'none'
'che_franc_5_2',1937,'none'
'che_franc_5_2',1938,'none'
'che_franc_5_2',1939,'none'
'che_franc_5_2',1940,'none'
'che_franc_5_2',1941,'none'
'che_franc_5_2',1942,'none'
'che_franc_5_2',1943,'none'
'che_franc_5_2',1944,'none'
'che_franc_5_2',1945,'none'
'che_franc_5_2',1946,'none'
'che_franc_5_2',1947,'none'
'che_franc_5_2',1948,'none'
'che_franc_5_2',1949,'none'
'che_franc_5_2',1950,'none'
'che_franc_5_2',1951,'none'
'che_franc_5_2',1952,'none'
'che_franc_5_2',1953,'none'
'che_franc_5_2',1954,'none'
'che_franc_5_2',1955,'none'
'che_franc_5_2',1956,'none'
'che_franc_5_2',1957,'none'
'che_franc_5_2',1958,'none'
'che_franc_5_2',1959,'none'
'che_franc_5_2',1960,'none'
'che_franc_5_2',1961,'none'
'che_franc_5_2',1962,'none'
'che_franc_5_2',1963,'none'
'che_franc_5_2',1964,'none'
'che_franc_5_2',1965,'none'
'che_franc_5_2',1966,'none'
'che_franc_5_2',1967,'none'
'che_franc_5_2',1968,'none'
'che_franc_5_2',1969,'none'
'che_franc_fractional_1_2_1',1850,'none'
'che_franc_fractional_1_2_1',1851,'none'
'che_franc_fractional_1_2_1',1852,'none'
'che_franc_fractional_1_2_1',1853,'none'
'che_franc_fractional_1_2_1',1854,'none'
'che_franc_fractional_1_2_1',1855,'none'
'che_franc_fractional_1_2_1',1856,'none'
'che_franc_fractional_1_2_1',1857,'none'
'che_franc_fractional_1_2_2',1860,'none'
'che_franc_fractional_1_2_2',1861,'none'
'che_franc_fractional_1_2_3',1874,'none'
'che_franc_fractional_1_2_3',1875,'none'
'che_franc_fractional_1_2_3',1876,'none'
'che_franc_fractional_1_2_3',1877,'none'
'che_franc_fractional_1_2_3',1878,'none'
'che_franc_fractional_1_2_3',1879,'none'
'che_franc_fractional_1_2_3',1880,'none'
'che_franc_fractional_1_2_3',1881,'none'
'che_franc_fractional_1_2_3',1882,'none'
'che_franc_fractional_1_2_3',1883,'none'
'che_franc_fractional_1_2_3',1884,'none'
'che_franc_fractional_1_2_3',1885,'none'
'che_franc_fractional_1_2_3',1886,'none'
'che_franc_fractional_1_2_3',1887,'none'
'che_franc_fractional_1_2_3',1888,'none'
'che_franc_fractional_1_2_3',1889,'none'
'che_franc_fractional_1_2_3',1890,'none'
'che_franc_fractional_1_2_3',1891,'none'
'che_franc_fractional_1_2_3',1892,'none'
'che_franc_fractional_1_2_3',1893,'none'
'che_franc_fractional_1_2_3',1894,'none'
'che_franc_fractional_1_2_3',1895,'none'
'che_franc_fractional_1_2_3',1896,'none'
'che_franc_fractional_1_2_3',1897,'none'
'che_franc_fractional_1_2_3',1898,'none'
'che_franc_fractional_1_2_3',1899,'none'
'che_franc_fractional_1_2_3',1900,'none'
'che_franc_fractional_1_2_3',1901,'none'
'che_franc_fractional_1_2_3',1902,'none'
'che_franc_fractional_1_2_3',1903,'none'
'che_franc_fractional_1_2_3',1904,'none'
'che_franc_fractional_1_2_3',1905,'none'
'che_franc_fractional_1_2_3',1906,'none'
'che_franc_fractional_1_2_3',1907,'none'
'che_franc_fractional_1_2_3',1908,'none'
'che_franc_fractional_1_2_3',1909,'none'
'che_franc_fractional_1_2_3',1910,'none'
'che_franc_fractional_1_2_3',1911,'none'
'che_franc_fractional_1_2_3',1912,'none'
'che_franc_fractional_1_2_3',1913,'none'
'che_franc_fractional_1_2_3',1914,'none'
'che_franc_fractional_1_2_3',1915,'none'
'che_franc_fractional_1_2_3',1916,'none'
'che_franc_fractional_1_2_3',1917,'none'
'che_franc_fractional_1_2_3',1918,'none'
'che_franc_fractional_1_2_3',1919,'none'
'che_franc_fractional_1_2_3',1920,'none'
'che_franc_fractional_1_2_3',1921,'none'
'che_franc_fractional_1_2_3',1922,'none'
'che_franc_fractional_1_2_3',1923,'none'
'che_franc_fractional_1_2_3',1924,'none'
'che_franc_fractional_1_2_3',1925,'none'
'che_franc_fractional_1_2_3',1926,'none'
'che_franc_fractional_1_2_3',1927,'none'
'che_franc_fractional_1_2_3',1928,'none'
'che_franc_fractional_1_2_3',1929,'none'
'che_franc_fractional_1_2_3',1930,'none'
'che_franc_fractional_1_2_3',1931,'none'
'che_franc_fractional_1_2_3',1932,'none'
'che_franc_fractional_1_2_3',1933,'none'
'che_franc_fractional_1_2_3',1934,'none'
'che_franc_fractional_1_2_3',1935,'none'
'che_franc_fractional_1_2_3',1936,'none'
'che_franc_fractional_1_2_3',1937,'none'
'che_franc_fractional_1_2_3',1938,'none'
'che_franc_fractional_1_2_3',1939,'none'
'che_franc_fractional_1_2_3',1940,'none'
'che_franc_fractional_1_2_3',1941,'none'
'che_franc_fractional_1_2_3',1942,'none'
'che_franc_fractional_1_2_3',1943,'none'
'che_franc_fractional_1_2_3',1944,'none'
'che_franc_fractional_1_2_3',1945,'none'
'che_franc_fractional_1_2_3',1946,'none'
'che_franc_fractional_1_2_3',1947,'none'
'che_franc_fractional_1_2_3',1948,'none'
'che_franc_fractional_1_2_3',1949,'none'
'che_franc_fractional_1_2_3',1950,'none'
'che_franc_fractional_1_2_3',1951,'none'
'che_franc_fractional_1_2_3',1952,'none'
'che_franc_fractional_1_2_3',1953,'none'
'che_franc_fractional_1_2_3',1954,'none'
'che_franc_fractional_1_2_3',1955,'none'
'che_franc_fractional_1_2_3',1956,'none'
'che_franc_fractional_1_2_3',1957,'none'
'che_franc_fractional_1_2_3',1958,'none'
'che_franc_fractional_1_2_3',1959,'none'
'che_franc_fractional_1_2_3',1960,'none'
'che_franc_fractional_1_2_3',1961,'none'
'che_franc_fractional_1_2_3',1962,'none'
'che_franc_fractional_1_2_3',1963,'none'
'che_franc_fractional_1_2_3',1964,'none'
'che_franc_fractional_1_2_3',1965,'none'
'che_franc_fractional_1_2_3',1966,'none'
'che_franc_fractional_1_2_3',1967,'none'
'chl_centavo_10_1',1895,'none'
'chl_centavo_10_1',1896,'none'
'chl_centavo_10_1',1897,'none'
'chl_centavo_10_2',1899,'none'
'chl_centavo_10_2',1900,'none'
'chl_centavo_10_2',1901,'none'
'chl_centavo_10_2',1902,'none'
'chl_centavo_10_2',1903,'none'
'chl_centavo_10_2',1904,'none'
'chl_centavo_10_2',1905,'none'
'chl_centavo_10_2',1906,'none'
'chl_centavo_10_2',1907,'none'
'chl_centavo_10_3',1907,'none'
'chl_centavo_10_3',1908,'none'
'chl_centavo_10_3',1909,'none'
'chl_centavo_10_3',1910,'none'
'chl_centavo_10_3',1911,'none'
'chl_centavo_10_3',1912,'none'
'chl_centavo_10_3',1913,'none'
'chl_centavo_10_4',1915,'none'
'chl_centavo_10_4',1916,'none'
'chl_centavo_10_4',1917,'none'
'chl_centavo_10_4',1918,'none'
'chl_centavo_10_4',1919,'none'
'chl_centavo_10_5',1919,'none'
'chl_centavo_10_5',1920,'none'
'chl_centavo_20_1',1852,'none'
'chl_centavo_20_1',1853,'none'
'chl_centavo_20_1',1854,'none'
'chl_centavo_20_1',1855,'none'
'chl_centavo_20_1',1856,'none'
'chl_centavo_20_1',1857,'none'
'chl_centavo_20_1',1858,'none'
'chl_centavo_20_1',1859,'none'
'chl_centavo_20_10',1919,'none'
'chl_centavo_20_10',1920,'none'
'chl_centavo_20_2',1860,'none'
'chl_centavo_20_2',1861,'none'
'chl_centavo_20_2',1862,'none'
'chl_centavo_20_2',1863,'none'
'chl_centavo_20_2',1864,'none'
'chl_centavo_20_2',1865,'none'
'chl_centavo_20_2',1866,'none'
'chl_centavo_20_2',1867,'none'
'chl_centavo_20_2',1868,'none'
'chl_centavo_20_2',1869,'none'
'chl_centavo_20_2',1870,'none'
'chl_centavo_20_2',1871,'none'
'chl_centavo_20_2',1872,'none'
'chl_centavo_20_2',1873,'none'
'chl_centavo_20_2',1874,'none'
'chl_centavo_20_2',1875,'none'
'chl_centavo_20_2',1876,'none'
'chl_centavo_20_2',1877,'none'
'chl_centavo_20_2',1878,'none'
'chl_centavo_20_2',1879,'none'
'chl_centavo_20_2',1880,'none'
'chl_centavo_20_3',1879,'none'
'chl_centavo_20_3',1880,'none'
'chl_centavo_20_3',1881,'none'
'chl_centavo_20_3',1882,'none'
'chl_centavo_20_3',1883,'none'
'chl_centavo_20_3',1884,'none'
'chl_centavo_20_3',1885,'none'
'chl_centavo_20_3',1886,'none'
'chl_centavo_20_3',1887,'none'
'chl_centavo_20_3',1888,'none'
'chl_centavo_20_3',1889,'none'
'chl_centavo_20_3',1890,'none'
'chl_centavo_20_3',1891,'none'
'chl_centavo_20_3',1892,'none'
'chl_centavo_20_3',1893,'none'
'chl_centavo_20_3',1894,'none'
'chl_centavo_20_4',1891,'none'
'chl_centavo_20_5',1891,'none'
'chl_centavo_20_6',1895,'none'
'chl_centavo_20_6',1896,'none'
'chl_centavo_20_6',1897,'none'
'chl_centavo_20_7',1899,'none'
'chl_centavo_20_7',1900,'none'
'chl_centavo_20_7',1901,'none'
'chl_centavo_20_7',1902,'none'
'chl_centavo_20_7',1903,'none'
'chl_centavo_20_7',1904,'none'
'chl_centavo_20_7',1905,'none'
'chl_centavo_20_7',1906,'none'
'chl_centavo_20_7',1907,'none'
'chl_centavo_20_8',1907,'none'
'chl_centavo_20_8',1908,'none'
'chl_centavo_20_8',1909,'none'
'chl_centavo_20_8',1910,'none'
'chl_centavo_20_8',1911,'none'
'chl_centavo_20_8',1912,'none'
'chl_centavo_20_8',1913,'none'
'chl_centavo_20_9',1915,'none'
'chl_centavo_20_9',1916,'none'
'chl_centavo_20_9',1917,'none'
'chl_centavo_20_9',1918,'none'
'chl_centavo_20_9',1919,'none'
'chl_centavo_40_1',1907,'none'
'chl_centavo_40_1',1908,'none'
'chl_centavo_40_1',1909,'none'
'chl_centavo_40_1',1910,'none'
'chl_centavo_40_1',1911,'none'
'chl_centavo_40_1',1912,'none'
'chl_centavo_40_1',1913,'none'
'chl_centavo_50_1',1852,'none'
'chl_centavo_50_1',1853,'none'
'chl_centavo_50_1',1854,'none'
'chl_centavo_50_1',1855,'none'
'chl_centavo_50_1',1856,'none'
'chl_centavo_50_1',1857,'none'
'chl_centavo_50_1',1858,'none'
'chl_centavo_50_1',1859,'none'
'chl_centavo_50_2',1853,'none'
'chl_centavo_50_2',1854,'none'
'chl_centavo_50_2',1855,'none'
'chl_centavo_50_2',1856,'none'
'chl_centavo_50_2',1857,'none'
'chl_centavo_50_2',1858,'none'
'chl_centavo_50_2',1859,'none'
'chl_centavo_50_2',1860,'none'
'chl_centavo_50_2',1861,'none'
'chl_centavo_50_2',1862,'none'
'chl_centavo_50_2',1863,'none'
'chl_centavo_50_2',1864,'none'
'chl_centavo_50_2',1865,'none'
'chl_centavo_50_2',1866,'none'
'chl_centavo_50_2',1867,'none'
'chl_centavo_50_2',1868,'none'
'chl_centavo_50_2',1869,'none'
'chl_centavo_50_2',1870,'none'
'chl_centavo_50_2',1871,'none'
'chl_centavo_50_2',1872,'none'
'chl_centavo_50_2',1873,'none'
'chl_centavo_50_2',1874,'none'
'chl_centavo_50_2',1875,'none'
'chl_centavo_50_2',1876,'none'
'chl_centavo_50_2',1877,'none'
'chl_centavo_50_2',1878,'none'
'chl_centavo_50_2',1879,'none'
'chl_centavo_50_2',1880,'none'
'chl_centavo_50_2',1881,'none'
'chl_centavo_50_2',1882,'none'
'chl_centavo_50_2',1883,'none'
'chl_centavo_50_2',1884,'none'
'chl_centavo_50_2',1885,'none'
'chl_centavo_50_2',1886,'none'
'chl_centavo_50_2',1887,'none'
'chl_centavo_50_2',1888,'none'
'chl_centavo_50_2',1889,'none'
'chl_centavo_50_2',1890,'none'
'chl_centavo_50_2',1891,'none'
'chl_centavo_50_3',1899,'none'
'chl_centavo_50_3',1900,'none'
'chl_centavo_50_3',1901,'none'
'chl_centavo_50_3',1902,'none'
'chl_centavo_50_3',1903,'none'
'chl_centavo_50_3',1904,'none'
'chl_centavo_50_3',1905,'none'
'chl_centavo_50_3',1906,'none'
'chl_centavo_50_3',1907,'none'
'chl_centavo_5_1',1895,'none'
'chl_centavo_5_1',1896,'none'
'chl_centavo_5_1',1897,'none'
'chl_centavo_5_3',1899,'none'
'chl_centavo_5_3',1900,'none'
'chl_centavo_5_3',1901,'none'
'chl_centavo_5_3',1902,'none'
'chl_centavo_5_3',1903,'none'
'chl_centavo_5_3',1904,'none'
'chl_centavo_5_3',1905,'none'
'chl_centavo_5_3',1906,'none'
'chl_centavo_5_3',1907,'none'
'chl_centavo_5_4',1907,'none'
'chl_centavo_5_4',1908,'none'
'chl_centavo_5_4',1909,'none'
'chl_centavo_5_4',1910,'none'
'chl_centavo_5_4',1911,'none'
'chl_centavo_5_4',1912,'none'
'chl_centavo_5_4',1913,'none'
'chl_centavo_5_5',1915,'none'
'chl_centavo_5_5',1916,'none'
'chl_centavo_5_5',1917,'none'
'chl_centavo_5_5',1918,'none'
'chl_centavo_5_5',1919,'none'
'chl_centavo_5_6',1919,'none'
'chl_centavo_5_6',1920,'none'
'chl_decimo_1_1',1852,'none'
'chl_decimo_1_1',1853,'none'
'chl_decimo_1_1',1854,'none'
'chl_decimo_1_1',1855,'none'
'chl_decimo_1_1',1856,'none'
'chl_decimo_1_1',1857,'none'
'chl_decimo_1_1',1858,'none'
'chl_decimo_1_1',1859,'none'
'chl_decimo_1_2',1860,'none'
'chl_decimo_1_2',1861,'none'
'chl_decimo_1_2',1862,'none'
'chl_decimo_1_2',1863,'none'
'chl_decimo_1_2',1864,'none'
'chl_decimo_1_2',1865,'none'
'chl_decimo_1_2',1866,'none'
'chl_decimo_1_2',1867,'none'
'chl_decimo_1_2',1868,'none'
'chl_decimo_1_2',1869,'none'
'chl_decimo_1_2',1870,'none'
'chl_decimo_1_2',1871,'none'
'chl_decimo_1_2',1872,'none'
'chl_decimo_1_2',1873,'none'
'chl_decimo_1_2',1874,'none'
'chl_decimo_1_2',1875,'none'
'chl_decimo_1_2',1876,'none'
'chl_decimo_1_2',1877,'none'
'chl_decimo_1_2',1878,'none'
'chl_decimo_1_2',1879,'none'
'chl_decimo_1_2',1880,'none'
'chl_decimo_1_3',1879,'none'
'chl_decimo_1_3',1880,'none'
'chl_decimo_1_3',1881,'none'
'chl_decimo_1_3',1882,'none'
'chl_decimo_1_3',1883,'none'
'chl_decimo_1_3',1884,'none'
'chl_decimo_1_3',1885,'none'
'chl_decimo_1_3',1886,'none'
'chl_decimo_1_3',1887,'none'
'chl_decimo_1_3',1888,'none'
'chl_decimo_1_3',1889,'none'
'chl_decimo_1_3',1890,'none'
'chl_decimo_1_3',1891,'none'
'chl_decimo_1_3',1892,'none'
'chl_decimo_1_3',1893,'none'
'chl_decimo_1_3',1894,'none'
'chl_decimo_fractional_1_2_1',1852,'none'
'chl_decimo_fractional_1_2_1',1853,'none'
'chl_decimo_fractional_1_2_1',1854,'none'
'chl_decimo_fractional_1_2_1',1855,'none'
'chl_decimo_fractional_1_2_1',1856,'none'
'chl_decimo_fractional_1_2_1',1857,'none'
'chl_decimo_fractional_1_2_1',1858,'none'
'chl_decimo_fractional_1_2_1',1859,'none'
'chl_decimo_fractional_1_2_2',1860,'none'
'chl_decimo_fractional_1_2_2',1861,'none'
'chl_decimo_fractional_1_2_2',1862,'none'
'chl_decimo_fractional_1_2_2',1863,'none'
'chl_decimo_fractional_1_2_2',1864,'none'
'chl_decimo_fractional_1_2_2',1865,'none'
'chl_decimo_fractional_1_2_2',1866,'none'
'chl_decimo_fractional_1_2_2',1867,'none'
'chl_decimo_fractional_1_2_2',1868,'none'
'chl_decimo_fractional_1_2_2',1869,'none'
'chl_decimo_fractional_1_2_2',1870,'none'
'chl_decimo_fractional_1_2_2',1871,'none'
'chl_decimo_fractional_1_2_2',1872,'none'
'chl_decimo_fractional_1_2_2',1873,'none'
'chl_decimo_fractional_1_2_2',1874,'none'
'chl_decimo_fractional_1_2_2',1875,'none'
'chl_decimo_fractional_1_2_2',1876,'none'
'chl_decimo_fractional_1_2_2',1877,'none'
'chl_decimo_fractional_1_2_2',1878,'none'
'chl_decimo_fractional_1_2_2',1879,'none'
'chl_decimo_fractional_1_2_2',1880,'none'
'chl_decimo_fractional_1_2_3',1879,'none'
'chl_decimo_fractional_1_2_3',1880,'none'
'chl_decimo_fractional_1_2_3',1881,'none'
'chl_decimo_fractional_1_2_3',1882,'none'
'chl_decimo_fractional_1_2_3',1883,'none'
'chl_decimo_fractional_1_2_3',1884,'none'
'chl_decimo_fractional_1_2_3',1885,'none'
'chl_decimo_fractional_1_2_3',1886,'none'
'chl_decimo_fractional_1_2_3',1887,'none'
'chl_decimo_fractional_1_2_3',1888,'none'
'chl_decimo_fractional_1_2_3',1889,'none'
'chl_decimo_fractional_1_2_3',1890,'none'
'chl_decimo_fractional_1_2_3',1891,'none'
'chl_decimo_fractional_1_2_3',1892,'none'
'chl_decimo_fractional_1_2_3',1893,'none'
'chl_decimo_fractional_1_2_3',1894,'none'
'chl_peso_100_1',1926,'none'
'chl_peso_100_1',1927,'none'
'chl_peso_100_1',1928,'none'
'chl_peso_100_1',1929,'none'
'chl_peso_100_1',1930,'none'
'chl_peso_100_1',1931,'none'
'chl_peso_100_1',1932,'none'
'chl_peso_100_1',1933,'none'
'chl_peso_100_1',1934,'none'
'chl_peso_100_1',1935,'none'
'chl_peso_100_1',1936,'none'
'chl_peso_100_1',1937,'none'
'chl_peso_100_1',1938,'none'
'chl_peso_100_1',1939,'none'
'chl_peso_100_1',1940,'none'
'chl_peso_100_1',1941,'none'
'chl_peso_100_1',1942,'none'
'chl_peso_100_1',1943,'none'
'chl_peso_100_1',1944,'none'
'chl_peso_100_1',1945,'none'
'chl_peso_100_1',1946,'none'
'chl_peso_100_1',1947,'none'
'chl_peso_100_1',1948,'none'
'chl_peso_100_1',1949,'none'
'chl_peso_100_1',1950,'none'
'chl_peso_100_1',1951,'none'
'chl_peso_100_1',1952,'none'
'chl_peso_100_1',1953,'none'
'chl_peso_100_1',1954,'none'
'chl_peso_100_1',1955,'none'
'chl_peso_100_1',1956,'none'
'chl_peso_100_1',1957,'none'
'chl_peso_100_1',1958,'none'
'chl_peso_100_1',1959,'none'
'chl_peso_100_1',1960,'none'
'chl_peso_100_1',1961,'none'
'chl_peso_100_1',1962,'none'
'chl_peso_100_1',1963,'none'
'chl_peso_100_1',1964,'none'
'chl_peso_100_1',1965,'none'
'chl_peso_100_1',1966,'none'
'chl_peso_100_1',1967,'none'
'chl_peso_100_1',1968,'none'
'chl_peso_100_1',1969,'none'
'chl_peso_100_1',1970,'none'
'chl_peso_100_1',1971,'none'
'chl_peso_100_1',1972,'none'
'chl_peso_100_1',1973,'none'
'chl_peso_100_1',1974,'none'
'chl_peso_100_1',1975,'none'
'chl_peso_100_1',1976,'none'
'chl_peso_100_1',1977,'none'
'chl_peso_100_1',1978,'none'
'chl_peso_100_1',1979,'none'
'chl_peso_100_1',1980,'none'
'chl_peso_10_1',1851,'none'
'chl_peso_10_1',1852,'none'
'chl_peso_10_1',1853,'none'
'chl_peso_10_1',1854,'none'
'chl_peso_10_1',1855,'none'
'chl_peso_10_1',1856,'none'
'chl_peso_10_1',1857,'none'
'chl_peso_10_1',1858,'none'
'chl_peso_10_1',1859,'none'
'chl_peso_10_1',1860,'none'
'chl_peso_10_1',1861,'none'
'chl_peso_10_1',1862,'none'
'chl_peso_10_1',1863,'none'
'chl_peso_10_1',1864,'none'
'chl_peso_10_1',1865,'none'
'chl_peso_10_1',1866,'none'
'chl_peso_10_1',1867,'none'
'chl_peso_10_1',1868,'none'
'chl_peso_10_1',1869,'none'
'chl_peso_10_1',1870,'none'
'chl_peso_10_1',1871,'none'
'chl_peso_10_1',1872,'none'
'chl_peso_10_1',1873,'none'
'chl_peso_10_1',1874,'none'
'chl_peso_10_1',1875,'none'
'chl_peso_10_1',1876,'none'
'chl_peso_10_1',1877,'none'
'chl_peso_10_1',1878,'none'
'chl_peso_10_1',1879,'none'
'chl_peso_10_1',1880,'none'
'chl_peso_10_1',1881,'none'
'chl_peso_10_1',1882,'none'
'chl_peso_10_1',1883,'none'
'chl_peso_10_1',1884,'none'
'chl_peso_10_1',1885,'none'
'chl_peso_10_1',1886,'none'
'chl_peso_10_1',1887,'none'
'chl_peso_10_1',1888,'none'
'chl_peso_10_1',1889,'none'
'chl_peso_10_1',1890,'none'
'chl_peso_10_1',1891,'none'
'chl_peso_10_1',1892,'none'
'chl_peso_10_2',1895,'none'
'chl_peso_10_2',1896,'none'
'chl_peso_10_2',1897,'none'
'chl_peso_10_2',1898,'none'
'chl_peso_10_2',1899,'none'
'chl_peso_10_2',1900,'none'
'chl_peso_10_2',1901,'none'
'chl_peso_10_2',1902,'none'
'chl_peso_10_2',1903,'none'
'chl_peso_10_2',1904,'none'
'chl_peso_10_2',1905,'none'
'chl_peso_10_2',1906,'none'
'chl_peso_10_2',1907,'none'
'chl_peso_10_2',1908,'none'
'chl_peso_10_2',1909,'none'
'chl_peso_10_2',1910,'none'
'chl_peso_10_2',1911,'none'
'chl_peso_10_2',1912,'none'
'chl_peso_10_2',1913,'none'
'chl_peso_10_2',1914,'none'
'chl_peso_10_2',1915,'none'
'chl_peso_10_2',1916,'none'
'chl_peso_10_2',1917,'none'
'chl_peso_1_1',1852,'none'
'chl_peso_1_1',1853,'none'
'chl_peso_1_1',1854,'none'
'chl_peso_1_1',1855,'none'
'chl_peso_1_1',1856,'none'
'chl_peso_1_1',1857,'none'
'chl_peso_1_1',1858,'none'
'chl_peso_1_1',1859,'none'
'chl_peso_1_2',1853,'none'
'chl_peso_1_2',1854,'none'
'chl_peso_1_2',1855,'none'
'chl_peso_1_2',1856,'none'
'chl_peso_1_2',1857,'none'
'chl_peso_1_2',1858,'none'
'chl_peso_1_2',1859,'none'
'chl_peso_1_2',1860,'none'
'chl_peso_1_2',1861,'none'
'chl_peso_1_2',1862,'none'
'chl_peso_1_2',1863,'none'
'chl_peso_1_2',1864,'none'
'chl_peso_1_2',1865,'none'
'chl_peso_1_2',1866,'none'
'chl_peso_1_2',1867,'none'
'chl_peso_1_2',1868,'none'
'chl_peso_1_2',1869,'none'
'chl_peso_1_2',1870,'none'
'chl_peso_1_2',1871,'none'
'chl_peso_1_2',1872,'none'
'chl_peso_1_2',1873,'none'
'chl_peso_1_2',1874,'none'
'chl_peso_1_2',1875,'none'
'chl_peso_1_2',1876,'none'
'chl_peso_1_2',1877,'none'
'chl_peso_1_2',1878,'none'
'chl_peso_1_2',1879,'none'
'chl_peso_1_2',1880,'none'
'chl_peso_1_2',1881,'none'
'chl_peso_1_2',1882,'none'
'chl_peso_1_2',1883,'none'
'chl_peso_1_2',1884,'none'
'chl_peso_1_2',1885,'none'
'chl_peso_1_2',1886,'none'
'chl_peso_1_2',1887,'none'
'chl_peso_1_2',1888,'none'
'chl_peso_1_2',1889,'none'
'chl_peso_1_2',1890,'none'
'chl_peso_1_2',1891,'none'
'chl_peso_1_3',1895,'none'
'chl_peso_1_3',1896,'none'
'chl_peso_1_3',1897,'none'
'chl_peso_1_4',1899,'none'
'chl_peso_1_4',1900,'none'
'chl_peso_1_4',1901,'none'
'chl_peso_1_4',1902,'none'
'chl_peso_1_4',1903,'none'
'chl_peso_1_4',1904,'none'
'chl_peso_1_4',1905,'none'
'chl_peso_1_4',1906,'none'
'chl_peso_1_4',1907,'none'
'chl_peso_1_5',1907,'none'
'chl_peso_1_5',1908,'none'
'chl_peso_1_5',1909,'none'
'chl_peso_1_5',1910,'none'
'chl_peso_1_5',1911,'none'
'chl_peso_1_5',1912,'none'
'chl_peso_1_5',1913,'none'
'chl_peso_1_6',1915,'none'
'chl_peso_1_6',1916,'none'
'chl_peso_1_6',1917,'none'
'chl_peso_1_6',1918,'none'
'chl_peso_1_6',1919,'none'
'chl_peso_1_7',1921,'none'
'chl_peso_1_7',1922,'none'
'chl_peso_1_7',1923,'none'
'chl_peso_1_7',1924,'none'
'chl_peso_1_7',1925,'none'
'chl_peso_1_7',1926,'none'
'chl_peso_1_7',1927,'none'
'chl_peso_1_8',1932,'none'
'chl_peso_1_9',1851,'none'
'chl_peso_1_9',1852,'none'
'chl_peso_1_9',1853,'none'
'chl_peso_1_9',1854,'none'
'chl_peso_1_9',1855,'none'
'chl_peso_1_9',1856,'none'
'chl_peso_1_9',1857,'none'
'chl_peso_1_9',1858,'none'
'chl_peso_1_9',1859,'none'
'chl_peso_1_9',1860,'none'
'chl_peso_1_9',1861,'none'
'chl_peso_1_9',1862,'none'
'chl_peso_1_9',1863,'none'
'chl_peso_1_9',1864,'none'
'chl_peso_1_9',1865,'none'
'chl_peso_1_9',1866,'none'
'chl_peso_1_9',1867,'none'
'chl_peso_1_9',1868,'none'
'chl_peso_1_9',1869,'none'
'chl_peso_1_9',1870,'none'
'chl_peso_1_9',1871,'none'
'chl_peso_1_9',1872,'none'
'chl_peso_1_9',1873,'none'
'chl_peso_1_9',1874,'none'
'chl_peso_1_9',1875,'none'
'chl_peso_1_9',1876,'none'
'chl_peso_1_9',1877,'none'
'chl_peso_1_9',1878,'none'
'chl_peso_1_9',1879,'none'
'chl_peso_1_9',1880,'none'
'chl_peso_1_9',1881,'none'
'chl_peso_1_9',1882,'none'
'chl_peso_1_9',1883,'none'
'chl_peso_1_9',1884,'none'
'chl_peso_1_9',1885,'none'
'chl_peso_1_9',1886,'none'
'chl_peso_1_9',1887,'none'
'chl_peso_1_9',1888,'none'
'chl_peso_1_9',1889,'none'
'chl_peso_1_9',1890,'none'
'chl_peso_1_9',1891,'none'
'chl_peso_1_9',1892,'none'
'chl_peso_20_1',1895,'none'
'chl_peso_20_1',1896,'none'
'chl_peso_20_1',1897,'none'
'chl_peso_20_1',1898,'none'
'chl_peso_20_1',1899,'none'
'chl_peso_20_1',1900,'none'
'chl_peso_20_1',1901,'none'
'chl_peso_20_1',1902,'none'
'chl_peso_20_1',1903,'none'
'chl_peso_20_1',1904,'none'
'chl_peso_20_1',1905,'none'
'chl_peso_20_1',1906,'none'
'chl_peso_20_1',1907,'none'
'chl_peso_20_1',1908,'none'
'chl_peso_20_1',1909,'none'
'chl_peso_20_1',1910,'none'
'chl_peso_20_1',1911,'none'
'chl_peso_20_1',1912,'none'
'chl_peso_20_1',1913,'none'
'chl_peso_20_1',1914,'none'
'chl_peso_20_1',1915,'none'
'chl_peso_20_1',1916,'none'
'chl_peso_20_1',1917,'none'
'chl_peso_20_2',1926,'none'
'chl_peso_20_2',1927,'none'
'chl_peso_20_2',1928,'none'
'chl_peso_20_2',1929,'none'
'chl_peso_20_2',1930,'none'
'chl_peso_20_2',1931,'none'
'chl_peso_20_2',1932,'none'
'chl_peso_20_2',1933,'none'
'chl_peso_20_2',1934,'none'
'chl_peso_20_2',1935,'none'
'chl_peso_20_2',1936,'none'
'chl_peso_20_2',1937,'none'
'chl_peso_20_2',1938,'none'
'chl_peso_20_2',1939,'none'
'chl_peso_20_2',1940,'none'
'chl_peso_20_2',1941,'none'
'chl_peso_20_2',1942,'none'
'chl_peso_20_2',1943,'none'
'chl_peso_20_2',1944,'none'
'chl_peso_20_2',1945,'none'
'chl_peso_20_2',1946,'none'
'chl_peso_20_2',1947,'none'
'chl_peso_20_2',1948,'none'
'chl_peso_20_2',1949,'none'
'chl_peso_20_2',1950,'none'
'chl_peso_20_2',1951,'none'
'chl_peso_20_2',1952,'none'
'chl_peso_20_2',1953,'none'
'chl_peso_20_2',1954,'none'
'chl_peso_20_2',1955,'none'
'chl_peso_20_2',1956,'none'
'chl_peso_20_2',1957,'none'
'chl_peso_20_2',1958,'none'
'chl_peso_20_2',1959,'none'
'chl_peso_20_2',1960,'none'
'chl_peso_20_2',1961,'none'
'chl_peso_20_2',1962,'none'
'chl_peso_20_2',1963,'none'
'chl_peso_20_2',1964,'none'
'chl_peso_20_2',1965,'none'
'chl_peso_20_2',1966,'none'
'chl_peso_20_2',1967,'none'
'chl_peso_20_2',1968,'none'
'chl_peso_20_2',1969,'none'
'chl_peso_20_2',1970,'none'
'chl_peso_20_2',1971,'none'
'chl_peso_20_2',1972,'none'
'chl_peso_20_2',1973,'none'
'chl_peso_20_2',1974,'none'
'chl_peso_20_2',1975,'none'
'chl_peso_20_2',1976,'none'
'chl_peso_20_2',1977,'none'
'chl_peso_20_2',1978,'none'
'chl_peso_20_2',1979,'none'
'chl_peso_20_2',1980,'none'
'chl_peso_2_1',1921,'none'
'chl_peso_2_1',1922,'none'
'chl_peso_2_1',1923,'none'
'chl_peso_2_1',1924,'none'
'chl_peso_2_1',1925,'none'
'chl_peso_2_1',1926,'none'
'chl_peso_2_1',1927,'none'
'chl_peso_2_2',1851,'none'
'chl_peso_2_2',1852,'none'
'chl_peso_2_2',1853,'none'
'chl_peso_2_2',1854,'none'
'chl_peso_2_2',1855,'none'
'chl_peso_2_2',1856,'none'
'chl_peso_2_2',1857,'none'
'chl_peso_2_2',1858,'none'
'chl_peso_2_2',1859,'none'
'chl_peso_2_2',1860,'none'
'chl_peso_2_2',1861,'none'
'chl_peso_2_2',1862,'none'
'chl_peso_2_2',1863,'none'
'chl_peso_2_2',1864,'none'
'chl_peso_2_2',1865,'none'
'chl_peso_2_2',1866,'none'
'chl_peso_2_2',1867,'none'
'chl_peso_2_2',1868,'none'
'chl_peso_2_2',1869,'none'
'chl_peso_2_2',1870,'none'
'chl_peso_2_2',1871,'none'
'chl_peso_2_2',1872,'none'
'chl_peso_2_2',1873,'none'
'chl_peso_2_2',1874,'none'
'chl_peso_2_2',1875,'none'
'chl_peso_2_2',1876,'none'
'chl_peso_2_2',1877,'none'
'chl_peso_2_2',1878,'none'
'chl_peso_2_2',1879,'none'
'chl_peso_2_2',1880,'none'
'chl_peso_2_2',1881,'none'
'chl_peso_2_2',1882,'none'
'chl_peso_2_2',1883,'none'
'chl_peso_2_2',1884,'none'
'chl_peso_2_2',1885,'none'
'chl_peso_2_2',1886,'none'
'chl_peso_2_2',1887,'none'
'chl_peso_2_2',1888,'none'
'chl_peso_2_2',1889,'none'
'chl_peso_2_2',1890,'none'
'chl_peso_2_2',1891,'none'
'chl_peso_2_2',1892,'none'
'chl_peso_50_1',1926,'none'
'chl_peso_50_1',1927,'none'
'chl_peso_50_1',1928,'none'
'chl_peso_50_1',1929,'none'
'chl_peso_50_1',1930,'none'
'chl_peso_50_1',1931,'none'
'chl_peso_50_1',1932,'none'
'chl_peso_50_1',1933,'none'
'chl_peso_50_1',1934,'none'
'chl_peso_50_1',1935,'none'
'chl_peso_50_1',1936,'none'
'chl_peso_50_1',1937,'none'
'chl_peso_50_1',1938,'none'
'chl_peso_50_1',1939,'none'
'chl_peso_50_1',1940,'none'
'chl_peso_50_1',1941,'none'
'chl_peso_50_1',1942,'none'
'chl_peso_50_1',1943,'none'
'chl_peso_50_1',1944,'none'
'chl_peso_50_1',1945,'none'
'chl_peso_50_1',1946,'none'
'chl_peso_50_1',1947,'none'
'chl_peso_50_1',1948,'none'
'chl_peso_50_1',1949,'none'
'chl_peso_50_1',1950,'none'
'chl_peso_50_1',1951,'none'
'chl_peso_50_1',1952,'none'
'chl_peso_50_1',1953,'none'
'chl_peso_50_1',1954,'none'
'chl_peso_50_1',1955,'none'
'chl_peso_50_1',1956,'none'
'chl_peso_50_1',1957,'none'
'chl_peso_50_1',1958,'none'
'chl_peso_50_1',1959,'none'
'chl_peso_50_1',1960,'none'
'chl_peso_50_1',1961,'none'
'chl_peso_50_1',1962,'none'
'chl_peso_50_1',1963,'none'
'chl_peso_50_1',1964,'none'
'chl_peso_50_1',1965,'none'
'chl_peso_50_1',1966,'none'
'chl_peso_50_1',1967,'none'
'chl_peso_50_1',1968,'none'
'chl_peso_50_1',1969,'none'
'chl_peso_50_1',1970,'none'
'chl_peso_50_1',1971,'none'
'chl_peso_50_1',1972,'none'
'chl_peso_50_1',1973,'none'
'chl_peso_50_1',1974,'none'
'chl_peso_50_1',1975,'none'
'chl_peso_50_1',1976,'none'
'chl_peso_50_1',1977,'none'
'chl_peso_50_1',1978,'none'
'chl_peso_50_1',1979,'none'
'chl_peso_50_1',1980,'none'
'chl_peso_5_1',1921,'none'
'chl_peso_5_1',1922,'none'
'chl_peso_5_1',1923,'none'
'chl_peso_5_1',1924,'none'
'chl_peso_5_1',1925,'none'
'chl_peso_5_1',1926,'none'
'chl_peso_5_1',1927,'none'
'chl_peso_5_2',1851,'none'
'chl_peso_5_2',1852,'none'
'chl_peso_5_2',1853,'none'
'chl_peso_5_2',1854,'none'
'chl_peso_5_2',1855,'none'
'chl_peso_5_2',1856,'none'
'chl_peso_5_2',1857,'none'
'chl_peso_5_2',1858,'none'
'chl_peso_5_2',1859,'none'
'chl_peso_5_2',1860,'none'
'chl_peso_5_2',1861,'none'
'chl_peso_5_2',1862,'none'
'chl_peso_5_2',1863,'none'
'chl_peso_5_2',1864,'none'
'chl_peso_5_2',1865,'none'
'chl_peso_5_2',1866,'none'
'chl_peso_5_2',1867,'none'
'chl_peso_5_2',1868,'none'
'chl_peso_5_2',1869,'none'
'chl_peso_5_2',1870,'none'
'chl_peso_5_2',1871,'none'
'chl_peso_5_2',1872,'none'
'chl_peso_5_2',1873,'none'
'chl_peso_5_2',1874,'none'
'chl_peso_5_2',1875,'none'
'chl_peso_5_2',1876,'none'
'chl_peso_5_2',1877,'none'
'chl_peso_5_2',1878,'none'
'chl_peso_5_2',1879,'none'
'chl_peso_5_2',1880,'none'
'chl_peso_5_2',1881,'none'
'chl_peso_5_2',1882,'none'
'chl_peso_5_2',1883,'none'
'chl_peso_5_2',1884,'none'
'chl_peso_5_2',1885,'none'
'chl_peso_5_2',1886,'none'
'chl_peso_5_2',1887,'none'
'chl_peso_5_2',1888,'none'
'chl_peso_5_2',1889,'none'
'chl_peso_5_2',1890,'none'
'chl_peso_5_2',1891,'none'
'chl_peso_5_2',1892,'none'
'chl_peso_5_3',1895,'none'
'chl_peso_5_3',1896,'none'
'chl_peso_5_3',1897,'none'
'chl_peso_5_3',1898,'none'
'chl_peso_5_3',1899,'none'
'chl_peso_5_3',1900,'none'
'chl_peso_5_3',1901,'none'
'chl_peso_5_3',1902,'none'
'chl_peso_5_3',1903,'none'
'chl_peso_5_3',1904,'none'
'chl_peso_5_3',1905,'none'
'chl_peso_5_3',1906,'none'
'chl_peso_5_3',1907,'none'
'chl_peso_5_3',1908,'none'
'chl_peso_5_3',1909,'none'
'chl_peso_5_3',1910,'none'
'chl_peso_5_3',1911,'none'
'chl_peso_5_3',1912,'none'
'chl_peso_5_3',1913,'none'
'chl_peso_5_3',1914,'none'
'chl_peso_5_3',1915,'none'
'chl_peso_5_3',1916,'none'
'chl_peso_5_3',1917,'none'
'chn_cent_10_1',1908,'none'
'chn_cent_10_1',1909,'none'
'chn_cent_10_1',1910,'none'
'chn_cent_10_1',1911,'none'
'chn_cent_20_1',1908,'none'
'chn_cent_20_1',1909,'none'
'chn_cent_20_1',1910,'none'
'chn_cent_20_1',1911,'none'
'chn_cent_50_1',1908,'none'
'chn_cent_50_1',1909,'none'
'chn_cent_50_1',1910,'none'
'chn_cent_50_1',1911,'none'
'chn_chio_1_1',1911,'none'
'chn_chio_1_1',1912,'none'
'chn_chio_1_1',1913,'none'
'chn_chio_1_1',1914,'none'
'chn_chio_1_1',1915,'none'
'chn_chio_1_1',1916,'none'
'chn_chio_1_1',1917,'none'
'chn_chio_1_1',1918,'none'
'chn_chio_1_1',1919,'none'
'chn_chio_1_1',1920,'none'
'chn_chio_1_1',1921,'none'
'chn_chio_1_1',1922,'none'
'chn_chio_1_1',1923,'none'
'chn_chio_1_1',1924,'none'
'chn_chio_1_1',1925,'none'
'chn_chio_1_1',1926,'none'
'chn_chio_1_1',1927,'none'
'chn_chio_1_1',1928,'none'
'chn_chio_1_1',1929,'none'
'chn_chio_1_1',1930,'none'
'chn_chio_1_1',1931,'none'
'chn_chio_1_1',1932,'none'
'chn_chio_1_1',1933,'none'
'chn_chio_1_1',1934,'none'
'chn_chio_1_1',1935,'none'
'chn_chio_1_1',1936,'none'
'chn_chio_1_1',1937,'none'
'chn_chio_1_1',1938,'none'
'chn_chio_1_1',1939,'none'
'chn_chio_1_1',1940,'none'
'chn_chio_1_1',1941,'none'
'chn_chio_1_1',1942,'none'
'chn_chio_1_1',1943,'none'
'chn_chio_1_1',1944,'none'
'chn_chio_1_1',1945,'none'
'chn_chio_1_1',1946,'none'
'chn_chio_1_1',1947,'none'
'chn_chio_1_1',1948,'none'
'chn_chio_1_1',1949,'none'
'chn_chio_2_1',1911,'none'
'chn_chio_2_1',1912,'none'
'chn_chio_2_1',1913,'none'
'chn_chio_2_1',1914,'none'
'chn_chio_2_1',1915,'none'
'chn_chio_2_1',1916,'none'
'chn_chio_2_1',1917,'none'
'chn_chio_2_1',1918,'none'
'chn_chio_2_1',1919,'none'
'chn_chio_2_1',1920,'none'
'chn_chio_2_1',1921,'none'
'chn_chio_2_1',1922,'none'
'chn_chio_2_1',1923,'none'
'chn_chio_2_1',1924,'none'
'chn_chio_2_1',1925,'none'
'chn_chio_2_1',1926,'none'
'chn_chio_2_1',1927,'none'
'chn_chio_2_1',1928,'none'
'chn_chio_2_1',1929,'none'
'chn_chio_2_1',1930,'none'
'chn_chio_2_1',1931,'none'
'chn_chio_2_1',1932,'none'
'chn_chio_2_1',1933,'none'
'chn_chio_2_1',1934,'none'
'chn_chio_2_1',1935,'none'
'chn_chio_2_1',1936,'none'
'chn_chio_2_1',1937,'none'
'chn_chio_2_1',1938,'none'
'chn_chio_2_1',1939,'none'
'chn_chio_2_1',1940,'none'
'chn_chio_2_1',1941,'none'
'chn_chio_2_1',1942,'none'
'chn_chio_2_1',1943,'none'
'chn_chio_2_1',1944,'none'
'chn_chio_2_1',1945,'none'
'chn_chio_2_1',1946,'none'
'chn_chio_2_1',1947,'none'
'chn_chio_2_1',1948,'none'
'chn_chio_2_1',1949,'none'
'chn_dollar_1_1',1908,'none'
'chn_dollar_1_1',1909,'none'
'chn_dollar_1_1',1910,'none'
'chn_dollar_1_1',1911,'none'
'chn_yuan_10_1',1919,'none'
'chn_yuan_1_1',1911,'none'
'chn_yuan_1_1',1912,'none'
'chn_yuan_1_1',1913,'none'
'chn_yuan_1_1',1914,'none'
'chn_yuan_1_1',1915,'none'
'chn_yuan_1_1',1916,'none'
'chn_yuan_1_1',1917,'none'
'chn_yuan_1_1',1918,'none'
'chn_yuan_1_1',1919,'none'
'chn_yuan_1_1',1920,'none'
'chn_yuan_1_1',1921,'none'
'chn_yuan_1_1',1922,'none'
'chn_yuan_1_1',1923,'none'
'chn_yuan_1_1',1924,'none'
'chn_yuan_1_1',1925,'none'
'chn_yuan_1_1',1926,'none'
'chn_yuan_1_1',1927,'none'
'chn_yuan_1_1',1928,'none'
'chn_yuan_1_1',1929,'none'
'chn_yuan_1_1',1930,'none'
'chn_yuan_1_1',1931,'none'
'chn_yuan_1_1',1932,'none'
'chn_yuan_1_1',1933,'none'
'chn_yuan_1_1',1934,'none'
'chn_yuan_1_1',1935,'none'
'chn_yuan_1_1',1936,'none'
'chn_yuan_1_1',1937,'none'
'chn_yuan_1_1',1938,'none'
'chn_yuan_1_1',1939,'none'
'chn_yuan_1_1',1940,'none'
'chn_yuan_1_1',1941,'none'
'chn_yuan_1_1',1942,'none'
'chn_yuan_1_1',1943,'none'
'chn_yuan_1_1',1944,'none'
'chn_yuan_1_1',1945,'none'
'chn_yuan_1_1',1946,'none'
'chn_yuan_1_1',1947,'none'
'chn_yuan_1_1',1948,'none'
'chn_yuan_1_1',1949,'none'
'chn_yuan_20_1',1919,'none'
'chn_yuan_fractional_1_2_1',1911,'none'
'chn_yuan_fractional_1_2_1',1912,'none'
'chn_yuan_fractional_1_2_1',1913,'none'
'chn_yuan_fractional_1_2_1',1914,'none'
'chn_yuan_fractional_1_2_1',1915,'none'
'chn_yuan_fractional_1_2_1',1916,'none'
'chn_yuan_fractional_1_2_1',1917,'none'
'chn_yuan_fractional_1_2_1',1918,'none'
'chn_yuan_fractional_1_2_1',1919,'none'
'chn_yuan_fractional_1_2_1',1920,'none'
'chn_yuan_fractional_1_2_1',1921,'none'
'chn_yuan_fractional_1_2_1',1922,'none'
'chn_yuan_fractional_1_2_1',1923,'none'
'chn_yuan_fractional_1_2_1',1924,'none'
'chn_yuan_fractional_1_2_1',1925,'none'
'chn_yuan_fractional_1_2_1',1926,'none'
'chn_yuan_fractional_1_2_1',1927,'none'
'chn_yuan_fractional_1_2_1',1928,'none'
'chn_yuan_fractional_1_2_1',1929,'none'
'chn_yuan_fractional_1_2_1',1930,'none'
'chn_yuan_fractional_1_2_1',1931,'none'
'chn_yuan_fractional_1_2_1',1932,'none'
'chn_yuan_fractional_1_2_1',1933,'none'
'chn_yuan_fractional_1_2_1',1934,'none'
'chn_yuan_fractional_1_2_1',1935,'none'
'chn_yuan_fractional_1_2_1',1936,'none'
'chn_yuan_fractional_1_2_1',1937,'none'
'chn_yuan_fractional_1_2_1',1938,'none'
'chn_yuan_fractional_1_2_1',1939,'none'
'chn_yuan_fractional_1_2_1',1940,'none'
'chn_yuan_fractional_1_2_1',1941,'none'
'chn_yuan_fractional_1_2_1',1942,'none'
'chn_yuan_fractional_1_2_1',1943,'none'
'chn_yuan_fractional_1_2_1',1944,'none'
'chn_yuan_fractional_1_2_1',1945,'none'
'chn_yuan_fractional_1_2_1',1946,'none'
'chn_yuan_fractional_1_2_1',1947,'none'
'chn_yuan_fractional_1_2_1',1948,'none'
'chn_yuan_fractional_1_2_1',1949,'none'
'col_centavo_10_1',1872,'none'
'col_centavo_10_1',1873,'none'
'col_centavo_10_1',1874,'none'
'col_centavo_10_1',1875,'none'
'col_centavo_10_1',1876,'none'
'col_centavo_10_1',1877,'none'
'col_centavo_10_1',1878,'none'
'col_centavo_10_1',1879,'none'
'col_centavo_10_1',1880,'none'
'col_centavo_10_1',1881,'none'
'col_centavo_10_1',1882,'none'
'col_centavo_10_1',1883,'none'
'col_centavo_10_1',1884,'none'
'col_centavo_10_1',1885,'none'
'col_centavo_10_1',1886,'none'
'col_centavo_10_2',1885,'none'
'col_centavo_10_2',1886,'none'
'col_centavo_10_2',1887,'none'
'col_centavo_10_2',1888,'none'
'col_centavo_10_2',1889,'none'
'col_centavo_10_3',1889,'none'
'col_centavo_10_3',1890,'none'
'col_centavo_10_3',1891,'none'
'col_centavo_10_3',1892,'none'
'col_centavo_10_3',1893,'none'
'col_centavo_10_3',1894,'none'
'col_centavo_10_3',1895,'none'
'col_centavo_10_3',1896,'none'
'col_centavo_10_3',1897,'none'
'col_centavo_10_3',1898,'none'
'col_centavo_10_3',1899,'none'
'col_centavo_10_3',1900,'none'
'col_centavo_10_3',1901,'none'
'col_centavo_10_3',1902,'none'
'col_centavo_10_3',1903,'none'
'col_centavo_10_3',1904,'none'
'col_centavo_10_3',1905,'none'
'col_centavo_10_3',1906,'none'
'col_centavo_10_3',1907,'none'
'col_centavo_10_3',1908,'none'
'col_centavo_10_4',1911,'none'
'col_centavo_10_4',1912,'none'
'col_centavo_10_4',1913,'none'
'col_centavo_10_4',1914,'none'
'col_centavo_10_4',1915,'none'
'col_centavo_10_4',1916,'none'
'col_centavo_10_4',1917,'none'
'col_centavo_10_4',1918,'none'
'col_centavo_10_4',1919,'none'
'col_centavo_10_4',1920,'none'
'col_centavo_10_4',1921,'none'
'col_centavo_10_4',1922,'none'
'col_centavo_10_4',1923,'none'
'col_centavo_10_4',1924,'none'
'col_centavo_10_4',1925,'none'
'col_centavo_10_4',1926,'none'
'col_centavo_10_4',1927,'none'
'col_centavo_10_4',1928,'none'
'col_centavo_10_4',1929,'none'
'col_centavo_10_4',1930,'none'
'col_centavo_10_4',1931,'none'
'col_centavo_10_4',1932,'none'
'col_centavo_10_4',1933,'none'
'col_centavo_10_4',1934,'none'
'col_centavo_10_4',1935,'none'
'col_centavo_10_4',1936,'none'
'col_centavo_10_4',1937,'none'
'col_centavo_10_4',1938,'none'
'col_centavo_10_4',1939,'none'
'col_centavo_10_4',1940,'none'
'col_centavo_10_4',1941,'none'
'col_centavo_10_4',1942,'none'
'col_centavo_10_5',1945,'none'
'col_centavo_10_5',1946,'none'
'col_centavo_10_5',1947,'none'
'col_centavo_10_5',1948,'none'
'col_centavo_10_5',1949,'none'
'col_centavo_10_5',1950,'none'
'col_centavo_10_5',1951,'none'
'col_centavo_10_5',1952,'none'
'col_centavo_20_1',1872,'none'
'col_centavo_20_1',1873,'none'
'col_centavo_20_1',1874,'none'
'col_centavo_20_1',1875,'none'
'col_centavo_20_1',1876,'none'
'col_centavo_20_1',1877,'none'
'col_centavo_20_1',1878,'none'
'col_centavo_20_1',1879,'none'
'col_centavo_20_1',1880,'none'
'col_centavo_20_1',1881,'none'
'col_centavo_20_1',1882,'none'
'col_centavo_20_1',1883,'none'
'col_centavo_20_1',1884,'none'
'col_centavo_20_1',1885,'none'
'col_centavo_20_1',1886,'none'
'col_centavo_20_2',1885,'none'
'col_centavo_20_2',1886,'none'
'col_centavo_20_2',1887,'none'
'col_centavo_20_2',1888,'none'
'col_centavo_20_2',1889,'none'
'col_centavo_20_3',1889,'none'
'col_centavo_20_3',1890,'none'
'col_centavo_20_3',1891,'none'
'col_centavo_20_3',1892,'none'
'col_centavo_20_3',1893,'none'
'col_centavo_20_3',1894,'none'
'col_centavo_20_3',1895,'none'
'col_centavo_20_3',1896,'none'
'col_centavo_20_3',1897,'none'
'col_centavo_20_3',1898,'none'
'col_centavo_20_3',1899,'none'
'col_centavo_20_3',1900,'none'
'col_centavo_20_3',1901,'none'
'col_centavo_20_3',1902,'none'
'col_centavo_20_3',1903,'none'
'col_centavo_20_3',1904,'none'
'col_centavo_20_3',1905,'none'
'col_centavo_20_3',1906,'none'
'col_centavo_20_3',1907,'none'
'col_centavo_20_3',1908,'none'
'col_centavo_20_4',1911,'none'
'col_centavo_20_4',1912,'none'
'col_centavo_20_4',1913,'none'
'col_centavo_20_4',1914,'none'
'col_centavo_20_4',1915,'none'
'col_centavo_20_4',1916,'none'
'col_centavo_20_4',1917,'none'
'col_centavo_20_4',1918,'none'
'col_centavo_20_4',1919,'none'
'col_centavo_20_4',1920,'none'
'col_centavo_20_4',1921,'none'
'col_centavo_20_4',1922,'none'
'col_centavo_20_4',1923,'none'
'col_centavo_20_4',1924,'none'
'col_centavo_20_4',1925,'none'
'col_centavo_20_4',1926,'none'
'col_centavo_20_4',1927,'none'
'col_centavo_20_4',1928,'none'
'col_centavo_20_4',1929,'none'
'col_centavo_20_4',1930,'none'
'col_centavo_20_4',1931,'none'
'col_centavo_20_4',1932,'none'
'col_centavo_20_4',1933,'none'
'col_centavo_20_4',1934,'none'
'col_centavo_20_4',1935,'none'
'col_centavo_20_4',1936,'none'
'col_centavo_20_4',1937,'none'
'col_centavo_20_4',1938,'none'
'col_centavo_20_4',1939,'none'
'col_centavo_20_4',1940,'none'
'col_centavo_20_4',1941,'none'
'col_centavo_20_4',1942,'none'
'col_centavo_20_5',1945,'none'
'col_centavo_20_5',1946,'none'
'col_centavo_20_5',1947,'none'
'col_centavo_20_5',1948,'none'
'col_centavo_20_5',1949,'none'
'col_centavo_20_5',1950,'none'
'col_centavo_20_5',1951,'none'
'col_centavo_20_5',1952,'none'
'col_centavo_20_6',1953,'none'
'col_centavo_50_1',1872,'none'
'col_centavo_50_1',1873,'none'
'col_centavo_50_1',1874,'none'
'col_centavo_50_1',1875,'none'
'col_centavo_50_1',1876,'none'
'col_centavo_50_1',1877,'none'
'col_centavo_50_1',1878,'none'
'col_centavo_50_1',1879,'none'
'col_centavo_50_1',1880,'none'
'col_centavo_50_1',1881,'none'
'col_centavo_50_1',1882,'none'
'col_centavo_50_1',1883,'none'
'col_centavo_50_1',1884,'none'
'col_centavo_50_1',1885,'none'
'col_centavo_50_1',1886,'none'
'col_centavo_50_2',1885,'none'
'col_centavo_50_2',1886,'none'
'col_centavo_50_2',1887,'none'
'col_centavo_50_2',1888,'none'
'col_centavo_50_2',1889,'none'
'col_centavo_50_3',1889,'none'
'col_centavo_50_3',1890,'none'
'col_centavo_50_3',1891,'none'
'col_centavo_50_3',1892,'none'
'col_centavo_50_3',1893,'none'
'col_centavo_50_3',1894,'none'
'col_centavo_50_3',1895,'none'
'col_centavo_50_3',1896,'none'
'col_centavo_50_3',1897,'none'
'col_centavo_50_3',1898,'none'
'col_centavo_50_3',1899,'none'
'col_centavo_50_3',1900,'none'
'col_centavo_50_3',1901,'none'
'col_centavo_50_3',1902,'none'
'col_centavo_50_3',1903,'none'
'col_centavo_50_3',1904,'none'
'col_centavo_50_3',1905,'none'
'col_centavo_50_3',1906,'none'
'col_centavo_50_3',1907,'none'
'col_centavo_50_3',1908,'none'
'col_centavo_50_4',1911,'none'
'col_centavo_50_4',1912,'none'
'col_centavo_50_4',1913,'none'
'col_centavo_50_4',1914,'none'
'col_centavo_50_4',1915,'none'
'col_centavo_50_4',1916,'none'
'col_centavo_50_4',1917,'none'
'col_centavo_50_4',1918,'none'
'col_centavo_50_4',1919,'none'
'col_centavo_50_4',1920,'none'
'col_centavo_50_4',1921,'none'
'col_centavo_50_4',1922,'none'
'col_centavo_50_4',1923,'none'
'col_centavo_50_4',1924,'none'
'col_centavo_50_4',1925,'none'
'col_centavo_50_4',1926,'none'
'col_centavo_50_4',1927,'none'
'col_centavo_50_4',1928,'none'
'col_centavo_50_4',1929,'none'
'col_centavo_50_4',1930,'none'
'col_centavo_50_4',1931,'none'
'col_centavo_50_4',1932,'none'
'col_centavo_50_4',1933,'none'
'col_centavo_50_4',1934,'none'
'col_centavo_50_4',1935,'none'
'col_centavo_50_4',1936,'none'
'col_centavo_50_4',1937,'none'
'col_centavo_50_4',1938,'none'
'col_centavo_50_4',1939,'none'
'col_centavo_50_4',1940,'none'
'col_centavo_50_4',1941,'none'
'col_centavo_50_4',1942,'none'
'col_centavo_50_5',1945,'none'
'col_centavo_50_5',1946,'none'
'col_centavo_50_5',1947,'none'
'col_centavo_50_5',1948,'none'
'col_centavo_50_5',1949,'none'
'col_centavo_50_5',1950,'none'
'col_centavo_50_5',1951,'none'
'col_centavo_50_5',1952,'none'
'col_centavo_5_1',1872,'none'
'col_centavo_5_1',1873,'none'
'col_centavo_5_1',1874,'none'
'col_centavo_5_1',1875,'none'
'col_centavo_5_1',1876,'none'
'col_centavo_5_1',1877,'none'
'col_centavo_5_1',1878,'none'
'col_centavo_5_1',1879,'none'
'col_centavo_5_1',1880,'none'
'col_centavo_5_1',1881,'none'
'col_centavo_5_1',1882,'none'
'col_centavo_5_1',1883,'none'
'col_centavo_5_1',1884,'none'
'col_centavo_5_1',1885,'none'
'col_centavo_5_1',1886,'none'
'col_centavo_5_1',1889,'none'
'col_centavo_5_1',1890,'none'
'col_centavo_5_1',1891,'none'
'col_centavo_5_1',1892,'none'
'col_centavo_5_1',1893,'none'
'col_centavo_5_1',1894,'none'
'col_centavo_5_1',1895,'none'
'col_centavo_5_1',1896,'none'
'col_centavo_5_1',1897,'none'
'col_centavo_5_1',1898,'none'
'col_centavo_5_1',1899,'none'
'col_centavo_5_1',1900,'none'
'col_centavo_5_1',1901,'none'
'col_centavo_5_1',1902,'none'
'col_centavo_5_1',1903,'none'
'col_centavo_5_1',1904,'none'
'col_centavo_5_1',1905,'none'
'col_centavo_5_1',1906,'none'
'col_centavo_5_1',1907,'none'
'col_centavo_5_1',1908,'none'
'col_decimo_1_1',1849,'none'
'col_decimo_1_1',1850,'none'
'col_decimo_1_1',1851,'none'
'col_decimo_1_1',1852,'none'
'col_decimo_1_1',1853,'none'
'col_decimo_1_1',1854,'none'
'col_decimo_1_1',1855,'none'
'col_decimo_1_1',1856,'none'
'col_decimo_1_1',1857,'none'
'col_decimo_1_1',1858,'none'
'col_decimo_1_1',1859,'none'
'col_decimo_1_1',1860,'none'
'col_decimo_1_1',1861,'none'
'col_decimo_1_1',1862,'none'
'col_decimo_2_1',1849,'none'
'col_decimo_2_1',1850,'none'
'col_decimo_2_1',1851,'none'
'col_decimo_2_1',1852,'none'
'col_decimo_2_1',1853,'none'
'col_decimo_2_1',1854,'none'
'col_decimo_2_1',1855,'none'
'col_decimo_2_1',1856,'none'
'col_decimo_2_1',1857,'none'
'col_decimo_2_1',1858,'none'
'col_decimo_fractional_1_2_1',1849,'none'
'col_decimo_fractional_1_2_1',1850,'none'
'col_decimo_fractional_1_2_1',1851,'none'
'col_decimo_fractional_1_2_1',1852,'none'
'col_decimo_fractional_1_2_1',1853,'none'
'col_decimo_fractional_1_2_1',1854,'none'
'col_decimo_fractional_1_2_1',1855,'none'
'col_decimo_fractional_1_2_1',1856,'none'
'col_decimo_fractional_1_2_1',1857,'none'
'col_decimo_fractional_1_2_1',1858,'none'
'col_decimo_fractional_1_2_2',1859,'none'
'col_decimo_fractional_1_2_2',1860,'none'
'col_decimo_fractional_1_2_2',1861,'none'
'col_decimo_fractional_1_2_2',1862,'none'
'col_decimo_fractional_1_4_1',1859,'none'
'col_decimo_fractional_1_4_1',1860,'none'
'col_decimo_fractional_1_4_1',1861,'none'
'col_decimo_fractional_1_4_1',1862,'none'
'col_peso_10_1',1853,'none'
'col_peso_10_1',1854,'none'
'col_peso_10_1',1855,'none'
'col_peso_10_1',1856,'none'
'col_peso_10_1',1857,'none'
'col_peso_10_2',1857,'none'
'col_peso_10_2',1858,'none'
'col_peso_10_2',1859,'none'
'col_peso_10_2',1860,'none'
'col_peso_10_2',1861,'none'
'col_peso_10_2',1862,'none'
'col_peso_10_3',1862,'none'
'col_peso_10_3',1863,'none'
'col_peso_10_3',1864,'none'
'col_peso_10_3',1865,'none'
'col_peso_10_3',1866,'none'
'col_peso_10_3',1867,'none'
'col_peso_10_3',1868,'none'
'col_peso_10_3',1869,'none'
'col_peso_10_3',1870,'none'
'col_peso_10_3',1871,'none'
'col_peso_10_3',1872,'none'
'col_peso_10_3',1873,'none'
'col_peso_10_3',1874,'none'
'col_peso_10_3',1875,'none'
'col_peso_10_3',1876,'none'
'col_peso_10_3',1877,'none'
'col_peso_10_3',1878,'none'
'col_peso_10_4',1885,'none'
'col_peso_10_4',1886,'none'
'col_peso_10_5',1913,'none'
'col_peso_10_5',1914,'none'
'col_peso_10_5',1915,'none'
'col_peso_10_5',1916,'none'
'col_peso_10_5',1917,'none'
'col_peso_10_5',1918,'none'
'col_peso_10_5',1919,'none'
'col_peso_10_5',1920,'none'
'col_peso_10_5',1921,'none'
'col_peso_10_5',1922,'none'
'col_peso_10_5',1923,'none'
'col_peso_10_5',1924,'none'
'col_peso_10_5',1925,'none'
'col_peso_10_5',1926,'none'
'col_peso_10_5',1927,'none'
'col_peso_10_5',1928,'none'
'col_peso_10_5',1929,'none'
'col_peso_10_5',1930,'none'
'col_peso_16_1',1849,'none'
'col_peso_16_1',1850,'none'
'col_peso_16_1',1851,'none'
'col_peso_16_1',1852,'none'
'col_peso_16_1',1853,'none'
'col_peso_1_1',1849,'none'
'col_peso_1_1',1850,'none'
'col_peso_1_1',1851,'none'
'col_peso_1_1',1852,'none'
'col_peso_1_1',1853,'none'
'col_peso_1_1',1854,'none'
'col_peso_1_1',1855,'none'
'col_peso_1_1',1856,'none'
'col_peso_1_1',1857,'none'
'col_peso_1_1',1858,'none'
'col_peso_1_2',1859,'none'
'col_peso_1_2',1860,'none'
'col_peso_1_2',1861,'none'
'col_peso_1_2',1862,'none'
'col_peso_1_3',1956,'none'
'col_peso_1_4',1837,'none'
'col_peso_1_4',1838,'none'
'col_peso_1_4',1839,'none'
'col_peso_1_4',1840,'none'
'col_peso_1_4',1841,'none'
'col_peso_1_4',1842,'none'
'col_peso_1_4',1843,'none'
'col_peso_1_4',1844,'none'
'col_peso_1_4',1845,'none'
'col_peso_1_4',1846,'none'
'col_peso_1_5',1857,'none'
'col_peso_1_5',1858,'none'
'col_peso_1_5',1859,'none'
'col_peso_1_5',1860,'none'
'col_peso_1_5',1861,'none'
'col_peso_1_5',1862,'none'
'col_peso_1_6',1862,'none'
'col_peso_1_6',1863,'none'
'col_peso_1_6',1864,'none'
'col_peso_1_6',1865,'none'
'col_peso_1_6',1866,'none'
'col_peso_1_6',1867,'none'
'col_peso_1_6',1868,'none'
'col_peso_1_6',1869,'none'
'col_peso_1_6',1870,'none'
'col_peso_1_6',1871,'none'
'col_peso_1_6',1872,'none'
'col_peso_1_6',1873,'none'
'col_peso_1_6',1874,'none'
'col_peso_1_6',1875,'none'
'col_peso_1_6',1876,'none'
'col_peso_1_6',1877,'none'
'col_peso_1_6',1878,'none'
'col_peso_20_1',1857,'none'
'col_peso_20_1',1858,'none'
'col_peso_20_1',1859,'none'
'col_peso_20_1',1860,'none'
'col_peso_20_1',1861,'none'
'col_peso_20_1',1862,'none'
'col_peso_20_2',1862,'none'
'col_peso_20_2',1863,'none'
'col_peso_20_2',1864,'none'
'col_peso_20_2',1865,'none'
'col_peso_20_2',1866,'none'
'col_peso_20_2',1867,'none'
'col_peso_20_2',1868,'none'
'col_peso_20_2',1869,'none'
'col_peso_20_2',1870,'none'
'col_peso_20_2',1871,'none'
'col_peso_20_2',1872,'none'
'col_peso_20_2',1873,'none'
'col_peso_20_2',1874,'none'
'col_peso_20_2',1875,'none'
'col_peso_20_2',1876,'none'
'col_peso_20_2',1877,'none'
'col_peso_20_2',1878,'none'
'col_peso_2_1',1837,'none'
'col_peso_2_1',1838,'none'
'col_peso_2_1',1839,'none'
'col_peso_2_1',1840,'none'
'col_peso_2_1',1841,'none'
'col_peso_2_1',1842,'none'
'col_peso_2_1',1843,'none'
'col_peso_2_1',1844,'none'
'col_peso_2_1',1845,'none'
'col_peso_2_1',1846,'none'
'col_peso_2_2',1849,'none'
'col_peso_2_2',1850,'none'
'col_peso_2_2',1851,'none'
'col_peso_2_2',1852,'none'
'col_peso_2_2',1853,'none'
'col_peso_2_2',1857,'none'
'col_peso_2_2',1858,'none'
'col_peso_2_2',1859,'none'
'col_peso_2_2',1860,'none'
'col_peso_2_2',1861,'none'
'col_peso_2_2',1862,'none'
'col_peso_2_3',1862,'none'
'col_peso_2_3',1863,'none'
'col_peso_2_3',1864,'none'
'col_peso_2_3',1865,'none'
'col_peso_2_3',1866,'none'
'col_peso_2_3',1867,'none'
'col_peso_2_3',1868,'none'
'col_peso_2_3',1869,'none'
'col_peso_2_3',1870,'none'
'col_peso_2_3',1871,'none'
'col_peso_2_3',1872,'none'
'col_peso_2_3',1873,'none'
'col_peso_2_3',1874,'none'
'col_peso_2_3',1875,'none'
'col_peso_2_3',1876,'none'
'col_peso_2_3',1877,'none'
'col_peso_2_3',1878,'none'
'col_peso_5_1',1857,'none'
'col_peso_5_1',1858,'none'
'col_peso_5_1',1859,'none'
'col_peso_5_1',1860,'none'
'col_peso_5_1',1861,'none'
'col_peso_5_1',1862,'none'
'col_peso_5_2',1862,'none'
'col_peso_5_2',1863,'none'
'col_peso_5_2',1864,'none'
'col_peso_5_2',1865,'none'
'col_peso_5_2',1866,'none'
'col_peso_5_2',1867,'none'
'col_peso_5_2',1868,'none'
'col_peso_5_2',1869,'none'
'col_peso_5_2',1870,'none'
'col_peso_5_2',1871,'none'
'col_peso_5_2',1872,'none'
'col_peso_5_2',1873,'none'
'col_peso_5_2',1874,'none'
'col_peso_5_2',1875,'none'
'col_peso_5_2',1876,'none'
'col_peso_5_2',1877,'none'
'col_peso_5_2',1878,'none'
'col_peso_5_3',1885,'none'
'col_peso_5_3',1886,'none'
'col_peso_5_4',1913,'none'
'col_peso_5_4',1914,'none'
'col_peso_5_4',1915,'none'
'col_peso_5_4',1916,'none'
'col_peso_5_4',1917,'none'
'col_peso_5_4',1918,'none'
'col_peso_5_4',1919,'none'
'col_peso_5_4',1920,'none'
'col_peso_5_4',1921,'none'
'col_peso_5_4',1922,'none'
'col_peso_5_4',1923,'none'
'col_peso_5_4',1924,'none'
'col_peso_5_4',1925,'none'
'col_peso_5_4',1926,'none'
'col_peso_5_4',1927,'none'
'col_peso_5_4',1928,'none'
'col_peso_5_4',1929,'none'
'col_peso_5_4',1930,'none'
'col_peso_fractional_2_1_2_1',1913,'none'
'col_peso_fractional_2_1_2_1',1914,'none'
'col_peso_fractional_2_1_2_1',1915,'none'
'col_peso_fractional_2_1_2_1',1916,'none'
'col_peso_fractional_2_1_2_1',1917,'none'
'col_peso_fractional_2_1_2_1',1918,'none'
'col_peso_fractional_2_1_2_1',1919,'none'
'col_peso_fractional_2_1_2_1',1920,'none'
'col_peso_fractional_2_1_2_1',1921,'none'
'col_peso_fractional_2_1_2_1',1922,'none'
'col_peso_fractional_2_1_2_1',1923,'none'
'col_peso_fractional_2_1_2_1',1924,'none'
'col_peso_fractional_2_1_2_1',1925,'none'
'col_peso_fractional_2_1_2_1',1926,'none'
'col_peso_fractional_2_1_2_1',1927,'none'
'col_peso_fractional_2_1_2_1',1928,'none'
'col_peso_fractional_2_1_2_1',1929,'none'
'col_peso_fractional_2_1_2_1',1930,'none'
'col_real_10_1',1847,'none'
'col_real_10_1',1848,'none'
'col_real_10_1',1849,'none'
'col_real_10_1',1850,'none'
'col_real_10_1',1851,'none'
'col_real_10_1',1852,'none'
'col_real_10_1',1853,'none'
'col_real_1_1',1837,'none'
'col_real_1_1',1838,'none'
'col_real_1_1',1839,'none'
'col_real_1_1',1840,'none'
'col_real_1_1',1841,'none'
'col_real_1_1',1842,'none'
'col_real_1_1',1843,'none'
'col_real_1_1',1844,'none'
'col_real_1_1',1845,'none'
'col_real_1_1',1846,'none'
'col_real_1_1',1847,'none'
'col_real_1_1',1848,'none'
'col_real_1_2',1847,'none'
'col_real_1_3',1849,'none'
'col_real_1_3',1850,'none'
'col_real_1_3',1851,'none'
'col_real_1_3',1852,'none'
'col_real_1_3',1853,'none'
'col_real_1_3',1854,'none'
'col_real_1_3',1855,'none'
'col_real_1_3',1856,'none'
'col_real_1_3',1857,'none'
'col_real_1_3',1858,'none'
'col_real_2_1',1837,'none'
'col_real_2_1',1838,'none'
'col_real_2_1',1839,'none'
'col_real_2_1',1840,'none'
'col_real_2_1',1841,'none'
'col_real_2_1',1842,'none'
'col_real_2_1',1843,'none'
'col_real_2_1',1844,'none'
'col_real_2_1',1845,'none'
'col_real_2_1',1846,'none'
'col_real_2_1',1847,'none'
'col_real_2_1',1848,'none'
'col_real_2_2',1847,'none'
'col_real_2_2',1848,'none'
'col_real_2_2',1849,'none'
'col_real_2_2',1850,'none'
'col_real_2_2',1851,'none'
'col_real_2_2',1852,'none'
'col_real_2_2',1853,'none'
'col_real_2_2',1859,'none'
'col_real_2_2',1860,'none'
'col_real_2_2',1861,'none'
'col_real_2_2',1862,'none'
'col_real_8_1',1837,'none'
'col_real_8_1',1838,'none'
'col_real_8_2',1839,'none'
'col_real_8_2',1840,'none'
'col_real_8_2',1841,'none'
'col_real_8_2',1842,'none'
'col_real_8_2',1843,'none'
'col_real_8_2',1844,'none'
'col_real_8_2',1845,'none'
'col_real_8_2',1846,'none'
'col_real_8_3',1847,'none'
'col_real_8_3',1848,'none'
'col_real_8_3',1849,'none'
'col_real_8_3',1850,'none'
'col_real_8_3',1851,'none'
'col_real_8_3',1852,'none'
'col_real_8_3',1853,'none'
'col_real_fractional_1_2_1',1837,'none'
'col_real_fractional_1_2_1',1838,'none'
'col_real_fractional_1_2_1',1839,'none'
'col_real_fractional_1_2_1',1840,'none'
'col_real_fractional_1_2_1',1841,'none'
'col_real_fractional_1_2_1',1842,'none'
'col_real_fractional_1_2_1',1843,'none'
'col_real_fractional_1_2_1',1844,'none'
'col_real_fractional_1_2_1',1845,'none'
'col_real_fractional_1_2_1',1846,'none'
'col_real_fractional_1_2_1',1847,'none'
'col_real_fractional_1_2_1',1848,'none'
'col_real_fractional_1_2_2',1849,'none'
'col_real_fractional_1_2_2',1850,'none'
'col_real_fractional_1_2_2',1851,'none'
'col_real_fractional_1_2_2',1852,'none'
'col_real_fractional_1_2_2',1853,'none'
'col_real_fractional_1_2_2',1854,'none'
'col_real_fractional_1_2_2',1855,'none'
'col_real_fractional_1_2_2',1856,'none'
'col_real_fractional_1_2_2',1857,'none'
'col_real_fractional_1_2_2',1858,'none'
'col_real_fractional_1_2_3',1859,'none'
'col_real_fractional_1_2_3',1860,'none'
'col_real_fractional_1_2_3',1861,'none'
'col_real_fractional_1_2_3',1862,'none'
'col_real_fractional_1_4_1',1837,'none'
'col_real_fractional_1_4_1',1838,'none'
'col_real_fractional_1_4_1',1839,'none'
'col_real_fractional_1_4_1',1840,'none'
'col_real_fractional_1_4_1',1841,'none'
'col_real_fractional_1_4_1',1842,'none'
'col_real_fractional_1_4_1',1843,'none'
'col_real_fractional_1_4_1',1844,'none'
'col_real_fractional_1_4_1',1845,'none'
'col_real_fractional_1_4_1',1846,'none'
'col_real_fractional_1_4_1',1847,'none'
'col_real_fractional_1_4_1',1848,'none'
'col_real_fractional_1_4_2',1849,'none'
'col_real_fractional_1_4_2',1850,'none'
'col_real_fractional_1_4_2',1851,'none'
'col_real_fractional_1_4_2',1852,'none'
'col_real_fractional_1_4_2',1853,'none'
'col_real_fractional_1_4_2',1854,'none'
'col_real_fractional_1_4_2',1855,'none'
'col_real_fractional_1_4_2',1856,'none'
'col_real_fractional_1_4_2',1857,'none'
'col_real_fractional_1_4_2',1858,'none'
'com_franc_5_1',1890,'none'
'cri_centavo_10_1',1864,'none'
'cri_centavo_10_1',1865,'none'
'cri_centavo_10_1',1866,'none'
'cri_centavo_10_1',1867,'none'
'cri_centavo_10_1',1868,'none'
'cri_centavo_10_1',1869,'none'
'cri_centavo_10_1',1870,'none'
'cri_centavo_10_1',1871,'none'
'cri_centavo_10_1',1872,'none'
'cri_centavo_10_1',1873,'none'
'cri_centavo_10_1',1874,'none'
'cri_centavo_10_1',1875,'none'
'cri_centavo_10_1',1876,'none'
'cri_centavo_10_1',1877,'none'
'cri_centavo_10_1',1878,'none'
'cri_centavo_10_1',1879,'none'
'cri_centavo_10_1',1880,'none'
'cri_centavo_10_1',1881,'none'
'cri_centavo_10_1',1882,'none'
'cri_centavo_10_1',1883,'none'
'cri_centavo_10_1',1884,'none'
'cri_centavo_10_1',1885,'none'
'cri_centavo_10_1',1886,'none'
'cri_centavo_10_1',1887,'none'
'cri_centavo_10_1',1888,'none'
'cri_centavo_10_1',1889,'none'
'cri_centavo_10_1',1890,'none'
'cri_centavo_10_1',1891,'none'
'cri_centavo_10_1',1892,'none'
'cri_centavo_10_1',1893,'none'
'cri_centavo_10_2',1902,'none'
'cri_centavo_10_2',1903,'none'
'cri_centavo_10_2',1904,'none'
'cri_centavo_10_2',1905,'none'
'cri_centavo_10_2',1906,'none'
'cri_centavo_10_2',1907,'none'
'cri_centavo_10_2',1908,'none'
'cri_centavo_10_2',1909,'none'
'cri_centavo_10_2',1910,'none'
'cri_centavo_10_2',1911,'none'
'cri_centavo_10_2',1912,'none'
'cri_centavo_10_2',1913,'none'
'cri_centavo_10_2',1914,'none'
'cri_centavo_10_3',1917,'none'
'cri_centavo_10_3',1918,'none'
'cri_centavo_10_3',1919,'none'
'cri_centavo_10_3',1920,'none'
'cri_centavo_10_3',1921,'none'
'cri_centavo_10_3',1922,'none'
'cri_centavo_10_3',1923,'none'
'cri_centavo_10_3',1924,'none'
'cri_centavo_25_1',1864,'none'
'cri_centavo_25_1',1865,'none'
'cri_centavo_25_1',1866,'none'
'cri_centavo_25_1',1867,'none'
'cri_centavo_25_1',1868,'none'
'cri_centavo_25_1',1869,'none'
'cri_centavo_25_1',1870,'none'
'cri_centavo_25_1',1871,'none'
'cri_centavo_25_1',1872,'none'
'cri_centavo_25_1',1873,'none'
'cri_centavo_25_1',1874,'none'
'cri_centavo_25_1',1875,'none'
'cri_centavo_25_1',1876,'none'
'cri_centavo_25_1',1877,'none'
'cri_centavo_25_1',1878,'none'
'cri_centavo_25_1',1879,'none'
'cri_centavo_25_1',1880,'none'
'cri_centavo_25_1',1881,'none'
'cri_centavo_25_1',1882,'none'
'cri_centavo_25_1',1883,'none'
'cri_centavo_25_1',1884,'none'
'cri_centavo_25_1',1885,'none'
'cri_centavo_25_1',1886,'none'
'cri_centavo_25_1',1887,'none'
'cri_centavo_25_1',1888,'none'
'cri_centavo_25_1',1889,'none'
'cri_centavo_25_1',1890,'none'
'cri_centavo_25_1',1891,'none'
'cri_centavo_25_1',1892,'none'
'cri_centavo_25_1',1893,'none'
'cri_centavo_25_2',1917,'none'
'cri_centavo_25_2',1918,'none'
'cri_centavo_25_2',1919,'none'
'cri_centavo_25_2',1920,'none'
'cri_centavo_25_2',1921,'none'
'cri_centavo_25_2',1922,'none'
'cri_centavo_25_2',1923,'none'
'cri_centavo_25_2',1924,'none'
'cri_centavo_50_1',1864,'none'
'cri_centavo_50_1',1865,'none'
'cri_centavo_50_1',1866,'none'
'cri_centavo_50_1',1867,'none'
'cri_centavo_50_1',1868,'none'
'cri_centavo_50_1',1869,'none'
'cri_centavo_50_1',1870,'none'
'cri_centavo_50_1',1871,'none'
'cri_centavo_50_1',1872,'none'
'cri_centavo_50_1',1873,'none'
'cri_centavo_50_1',1874,'none'
'cri_centavo_50_1',1875,'none'
'cri_centavo_50_1',1876,'none'
'cri_centavo_50_1',1877,'none'
'cri_centavo_50_1',1878,'none'
'cri_centavo_50_1',1879,'none'
'cri_centavo_50_1',1880,'none'
'cri_centavo_50_1',1881,'none'
'cri_centavo_50_1',1882,'none'
'cri_centavo_50_1',1883,'none'
'cri_centavo_50_1',1884,'none'
'cri_centavo_50_1',1885,'none'
'cri_centavo_50_1',1886,'none'
'cri_centavo_50_1',1887,'none'
'cri_centavo_50_1',1888,'none'
'cri_centavo_50_1',1889,'none'
'cri_centavo_50_1',1890,'none'
'cri_centavo_50_1',1891,'none'
'cri_centavo_50_1',1892,'none'
'cri_centavo_50_1',1893,'none'
'cri_centavo_50_2',1902,'none'
'cri_centavo_50_2',1903,'none'
'cri_centavo_50_2',1904,'none'
'cri_centavo_50_2',1905,'none'
'cri_centavo_50_2',1906,'none'
'cri_centavo_50_2',1907,'none'
'cri_centavo_50_2',1908,'none'
'cri_centavo_50_2',1909,'none'
'cri_centavo_50_2',1910,'none'
'cri_centavo_50_2',1911,'none'
'cri_centavo_50_2',1912,'none'
'cri_centavo_50_2',1913,'none'
'cri_centavo_50_2',1914,'none'
'cri_centavo_50_3',1917,'none'
'cri_centavo_50_3',1918,'none'
'cri_centavo_50_3',1919,'none'
'cri_centavo_50_3',1920,'none'
'cri_centavo_50_3',1921,'none'
'cri_centavo_50_3',1922,'none'
'cri_centavo_50_3',1923,'none'
'cri_centavo_50_3',1924,'none'
'cri_centavo_5_1',1864,'none'
'cri_centavo_5_1',1865,'none'
'cri_centavo_5_1',1866,'none'
'cri_centavo_5_1',1867,'none'
'cri_centavo_5_1',1868,'none'
'cri_centavo_5_1',1869,'none'
'cri_centavo_5_1',1870,'none'
'cri_centavo_5_1',1871,'none'
'cri_centavo_5_1',1872,'none'
'cri_centavo_5_1',1873,'none'
'cri_centavo_5_1',1874,'none'
'cri_centavo_5_1',1875,'none'
'cri_centavo_5_1',1876,'none'
'cri_centavo_5_1',1877,'none'
'cri_centavo_5_1',1878,'none'
'cri_centavo_5_1',1879,'none'
'cri_centavo_5_1',1880,'none'
'cri_centavo_5_1',1881,'none'
'cri_centavo_5_1',1882,'none'
'cri_centavo_5_1',1883,'none'
'cri_centavo_5_1',1884,'none'
'cri_centavo_5_1',1885,'none'
'cri_centavo_5_1',1886,'none'
'cri_centavo_5_1',1887,'none'
'cri_centavo_5_1',1888,'none'
'cri_centavo_5_1',1889,'none'
'cri_centavo_5_1',1890,'none'
'cri_centavo_5_1',1891,'none'
'cri_centavo_5_1',1892,'none'
'cri_centavo_5_1',1893,'none'
'cri_centavo_5_2',1902,'none'
'cri_centavo_5_2',1903,'none'
'cri_centavo_5_2',1904,'none'
'cri_centavo_5_2',1905,'none'
'cri_centavo_5_2',1906,'none'
'cri_centavo_5_2',1907,'none'
'cri_centavo_5_2',1908,'none'
'cri_centavo_5_2',1909,'none'
'cri_centavo_5_2',1910,'none'
'cri_centavo_5_2',1911,'none'
'cri_centavo_5_2',1912,'none'
'cri_centavo_5_2',1913,'none'
'cri_centavo_5_2',1914,'none'
'cri_colon_10_1',1897,'none'
'cri_colon_10_1',1898,'none'
'cri_colon_10_1',1899,'none'
'cri_colon_10_1',1900,'none'
'cri_colon_10_1',1901,'none'
'cri_colon_10_1',1902,'none'
'cri_colon_10_1',1903,'none'
'cri_colon_10_1',1904,'none'
'cri_colon_10_1',1905,'none'
'cri_colon_10_1',1906,'none'
'cri_colon_10_1',1907,'none'
'cri_colon_10_1',1908,'none'
'cri_colon_10_1',1909,'none'
'cri_colon_10_1',1910,'none'
'cri_colon_10_1',1911,'none'
'cri_colon_10_1',1912,'none'
'cri_colon_10_1',1913,'none'
'cri_colon_10_1',1914,'none'
'cri_colon_10_1',1915,'none'
'cri_colon_10_1',1916,'none'
'cri_colon_10_1',1917,'none'
'cri_colon_10_1',1918,'none'
'cri_colon_10_1',1919,'none'
'cri_colon_10_1',1920,'none'
'cri_colon_10_1',1921,'none'
'cri_colon_10_1',1922,'none'
'cri_colon_10_1',1923,'none'
'cri_colon_10_1',1924,'none'
'cri_colon_10_1',1925,'none'
'cri_colon_10_1',1926,'none'
'cri_colon_10_1',1927,'none'
'cri_colon_10_1',1928,'none'
'cri_colon_20_1',1897,'none'
'cri_colon_20_1',1898,'none'
'cri_colon_20_1',1899,'none'
'cri_colon_20_1',1900,'none'
'cri_colon_20_1',1901,'none'
'cri_colon_20_1',1902,'none'
'cri_colon_20_1',1903,'none'
'cri_colon_20_1',1904,'none'
'cri_colon_20_1',1905,'none'
'cri_colon_20_1',1906,'none'
'cri_colon_20_1',1907,'none'
'cri_colon_20_1',1908,'none'
'cri_colon_20_1',1909,'none'
'cri_colon_20_1',1910,'none'
'cri_colon_20_1',1911,'none'
'cri_colon_20_1',1912,'none'
'cri_colon_20_1',1913,'none'
'cri_colon_20_1',1914,'none'
'cri_colon_20_1',1915,'none'
'cri_colon_20_1',1916,'none'
'cri_colon_20_1',1917,'none'
'cri_colon_20_1',1918,'none'
'cri_colon_20_1',1919,'none'
'cri_colon_20_1',1920,'none'
'cri_colon_20_1',1921,'none'
'cri_colon_20_1',1922,'none'
'cri_colon_20_1',1923,'none'
'cri_colon_20_1',1924,'none'
'cri_colon_20_1',1925,'none'
'cri_colon_20_1',1926,'none'
'cri_colon_20_1',1927,'none'
'cri_colon_20_1',1928,'none'
'cri_colon_2_1',1897,'none'
'cri_colon_2_1',1898,'none'
'cri_colon_2_1',1899,'none'
'cri_colon_2_1',1900,'none'
'cri_colon_2_1',1901,'none'
'cri_colon_2_1',1902,'none'
'cri_colon_2_1',1903,'none'
'cri_colon_2_1',1904,'none'
'cri_colon_2_1',1905,'none'
'cri_colon_2_1',1906,'none'
'cri_colon_2_1',1907,'none'
'cri_colon_2_1',1908,'none'
'cri_colon_2_1',1909,'none'
'cri_colon_2_1',1910,'none'
'cri_colon_2_1',1911,'none'
'cri_colon_2_1',1912,'none'
'cri_colon_2_1',1913,'none'
'cri_colon_2_1',1914,'none'
'cri_colon_2_1',1915,'none'
'cri_colon_2_1',1916,'none'
'cri_colon_2_1',1917,'none'
'cri_colon_2_1',1918,'none'
'cri_colon_2_1',1919,'none'
'cri_colon_2_1',1920,'none'
'cri_colon_2_1',1921,'none'
'cri_colon_2_1',1922,'none'
'cri_colon_2_1',1923,'none'
'cri_colon_2_1',1924,'none'
'cri_colon_2_1',1925,'none'
'cri_colon_2_1',1926,'none'
'cri_colon_2_1',1927,'none'
'cri_colon_2_1',1928,'none'
'cri_colon_5_1',1897,'none'
'cri_colon_5_1',1898,'none'
'cri_colon_5_1',1899,'none'
'cri_colon_5_1',1900,'none'
'cri_colon_5_1',1901,'none'
'cri_colon_5_1',1902,'none'
'cri_colon_5_1',1903,'none'
'cri_colon_5_1',1904,'none'
'cri_colon_5_1',1905,'none'
'cri_colon_5_1',1906,'none'
'cri_colon_5_1',1907,'none'
'cri_colon_5_1',1908,'none'
'cri_colon_5_1',1909,'none'
'cri_colon_5_1',1910,'none'
'cri_colon_5_1',1911,'none'
'cri_colon_5_1',1912,'none'
'cri_colon_5_1',1913,'none'
'cri_colon_5_1',1914,'none'
'cri_colon_5_1',1915,'none'
'cri_colon_5_1',1916,'none'
'cri_colon_5_1',1917,'none'
'cri_colon_5_1',1918,'none'
'cri_colon_5_1',1919,'none'
'cri_colon_5_1',1920,'none'
'cri_colon_5_1',1921,'none'
'cri_colon_5_1',1922,'none'
'cri_colon_5_1',1923,'none'
'cri_colon_5_1',1924,'none'
'cri_colon_5_1',1925,'none'
'cri_colon_5_1',1926,'none'
'cri_colon_5_1',1927,'none'
'cri_colon_5_1',1928,'none'
'cri_escudo_1_1',1850,'none'
'cri_escudo_1_1',1851,'none'
'cri_escudo_1_1',1852,'none'
'cri_escudo_1_1',1853,'none'
'cri_escudo_1_1',1854,'none'
'cri_escudo_1_1',1855,'none'
'cri_escudo_1_1',1856,'none'
'cri_escudo_1_1',1857,'none'
'cri_escudo_1_1',1858,'none'
'cri_escudo_1_1',1859,'none'
'cri_escudo_1_1',1860,'none'
'cri_escudo_1_1',1861,'none'
'cri_escudo_1_1',1862,'none'
'cri_escudo_1_1',1863,'none'
'cri_escudo_1_1',1864,'none'
'cri_escudo_2_1',1850,'none'
'cri_escudo_2_1',1851,'none'
'cri_escudo_2_1',1852,'none'
'cri_escudo_2_1',1853,'none'
'cri_escudo_2_1',1854,'none'
'cri_escudo_2_1',1855,'none'
'cri_escudo_2_1',1856,'none'
'cri_escudo_2_1',1857,'none'
'cri_escudo_2_1',1858,'none'
'cri_escudo_2_1',1859,'none'
'cri_escudo_2_1',1860,'none'
'cri_escudo_2_1',1861,'none'
'cri_escudo_2_1',1862,'none'
'cri_escudo_2_1',1863,'none'
'cri_escudo_2_1',1864,'none'
'cri_escudo_fractional_1_2_1',1850,'none'
'cri_escudo_fractional_1_2_1',1851,'none'
'cri_escudo_fractional_1_2_1',1852,'none'
'cri_escudo_fractional_1_2_1',1853,'none'
'cri_escudo_fractional_1_2_1',1854,'none'
'cri_escudo_fractional_1_2_1',1855,'none'
'cri_escudo_fractional_1_2_1',1856,'none'
'cri_escudo_fractional_1_2_1',1857,'none'
'cri_escudo_fractional_1_2_1',1858,'none'
'cri_escudo_fractional_1_2_1',1859,'none'
'cri_escudo_fractional_1_2_1',1860,'none'
'cri_escudo_fractional_1_2_1',1861,'none'
'cri_escudo_fractional_1_2_1',1862,'none'
'cri_escudo_fractional_1_2_1',1863,'none'
'cri_escudo_fractional_1_2_1',1864,'none'
'cri_onza_fractional_1_2_1',1850,'none'
'cri_onza_fractional_1_2_1',1851,'none'
'cri_onza_fractional_1_2_1',1852,'none'
'cri_onza_fractional_1_2_1',1853,'none'
'cri_onza_fractional_1_2_1',1854,'none'
'cri_onza_fractional_1_2_1',1855,'none'
'cri_onza_fractional_1_2_1',1856,'none'
'cri_onza_fractional_1_2_1',1857,'none'
'cri_onza_fractional_1_2_1',1858,'none'
'cri_onza_fractional_1_2_1',1859,'none'
'cri_onza_fractional_1_2_1',1860,'none'
'cri_onza_fractional_1_2_1',1861,'none'
'cri_onza_fractional_1_2_1',1862,'none'
'cri_onza_fractional_1_2_1',1863,'none'
'cri_onza_fractional_1_2_1',1864,'none'
'cri_peso_10_1',1864,'none'
'cri_peso_10_1',1865,'none'
'cri_peso_10_1',1866,'none'
'cri_peso_10_1',1867,'none'
'cri_peso_10_1',1868,'none'
'cri_peso_10_1',1869,'none'
'cri_peso_10_1',1870,'none'
'cri_peso_10_1',1871,'none'
'cri_peso_10_1',1872,'none'
'cri_peso_10_1',1873,'none'
'cri_peso_10_1',1874,'none'
'cri_peso_10_1',1875,'none'
'cri_peso_10_1',1876,'none'
'cri_peso_1_1',1864,'none'
'cri_peso_1_1',1865,'none'
'cri_peso_1_1',1866,'none'
'cri_peso_1_1',1867,'none'
'cri_peso_1_1',1868,'none'
'cri_peso_1_1',1869,'none'
'cri_peso_1_1',1870,'none'
'cri_peso_1_1',1871,'none'
'cri_peso_1_1',1872,'none'
'cri_peso_1_1',1873,'none'
'cri_peso_1_1',1874,'none'
'cri_peso_1_1',1875,'none'
'cri_peso_1_1',1876,'none'
'cri_peso_20_1',1873,'none'
'cri_peso_2_1',1864,'none'
'cri_peso_2_1',1865,'none'
'cri_peso_2_1',1866,'none'
'cri_peso_2_1',1867,'none'
'cri_peso_2_1',1868,'none'
'cri_peso_2_1',1869,'none'
'cri_peso_2_1',1870,'none'
'cri_peso_2_1',1871,'none'
'cri_peso_2_1',1872,'none'
'cri_peso_2_1',1873,'none'
'cri_peso_2_1',1874,'none'
'cri_peso_2_1',1875,'none'
'cri_peso_2_1',1876,'none'
'cri_peso_5_1',1864,'none'
'cri_peso_5_1',1865,'none'
'cri_peso_5_1',1866,'none'
'cri_peso_5_1',1867,'none'
'cri_peso_5_1',1868,'none'
'cri_peso_5_1',1869,'none'
'cri_peso_5_1',1870,'none'
'cri_peso_5_1',1871,'none'
'cri_peso_5_1',1872,'none'
'cri_peso_5_1',1873,'none'
'cri_peso_5_1',1874,'none'
'cri_peso_5_1',1875,'none'
'cri_peso_5_1',1876,'none'
'cri_peso_5_2',1873,'none'
'csk_dukat_10_1',1923,'none'
'csk_dukat_10_1',1924,'none'
'csk_dukat_10_1',1925,'none'
'csk_dukat_10_1',1926,'none'
'csk_dukat_10_1',1927,'none'
'csk_dukat_10_1',1928,'none'
'csk_dukat_10_1',1929,'none'
'csk_dukat_10_1',1930,'none'
'csk_dukat_10_1',1931,'none'
'csk_dukat_10_1',1932,'none'
'csk_dukat_10_1',1933,'none'
'csk_dukat_10_1',1934,'none'
'csk_dukat_10_1',1935,'none'
'csk_dukat_10_1',1936,'none'
'csk_dukat_10_1',1937,'none'
'csk_dukat_10_1',1938,'none'
'csk_dukat_10_1',1939,'none'
'csk_dukat_10_1',1940,'none'
'csk_dukat_10_1',1941,'none'
'csk_dukat_10_1',1942,'none'
'csk_dukat_10_1',1943,'none'
'csk_dukat_10_1',1944,'none'
'csk_dukat_10_1',1945,'none'
'csk_dukat_10_1',1946,'none'
'csk_dukat_10_1',1947,'none'
'csk_dukat_10_1',1948,'none'
'csk_dukat_10_1',1949,'none'
'csk_dukat_10_1',1950,'none'
'csk_dukat_10_1',1951,'none'
'csk_dukat_1_1',1923,'none'
'csk_dukat_1_1',1924,'none'
'csk_dukat_1_1',1925,'none'
'csk_dukat_1_1',1926,'none'
'csk_dukat_1_1',1927,'none'
'csk_dukat_1_1',1928,'none'
'csk_dukat_1_1',1929,'none'
'csk_dukat_1_1',1930,'none'
'csk_dukat_1_1',1931,'none'
'csk_dukat_1_1',1932,'none'
'csk_dukat_1_1',1933,'none'
'csk_dukat_1_1',1934,'none'
'csk_dukat_1_1',1935,'none'
'csk_dukat_1_1',1936,'none'
'csk_dukat_1_1',1937,'none'
'csk_dukat_1_1',1938,'none'
'csk_dukat_1_1',1939,'none'
'csk_dukat_1_1',1940,'none'
'csk_dukat_1_1',1941,'none'
'csk_dukat_1_1',1942,'none'
'csk_dukat_1_1',1943,'none'
'csk_dukat_1_1',1944,'none'
'csk_dukat_1_1',1945,'none'
'csk_dukat_1_1',1946,'none'
'csk_dukat_1_1',1947,'none'
'csk_dukat_1_1',1948,'none'
'csk_dukat_1_1',1949,'none'
'csk_dukat_1_1',1950,'none'
'csk_dukat_1_1',1951,'none'
'csk_dukat_2_1',1923,'none'
'csk_dukat_2_1',1924,'none'
'csk_dukat_2_1',1925,'none'
'csk_dukat_2_1',1926,'none'
'csk_dukat_2_1',1927,'none'
'csk_dukat_2_1',1928,'none'
'csk_dukat_2_1',1929,'none'
'csk_dukat_2_1',1930,'none'
'csk_dukat_2_1',1931,'none'
'csk_dukat_2_1',1932,'none'
'csk_dukat_2_1',1933,'none'
'csk_dukat_2_1',1934,'none'
'csk_dukat_2_1',1935,'none'
'csk_dukat_2_1',1936,'none'
'csk_dukat_2_1',1937,'none'
'csk_dukat_2_1',1938,'none'
'csk_dukat_2_1',1939,'none'
'csk_dukat_2_1',1940,'none'
'csk_dukat_2_1',1941,'none'
'csk_dukat_2_1',1942,'none'
'csk_dukat_2_1',1943,'none'
'csk_dukat_2_1',1944,'none'
'csk_dukat_2_1',1945,'none'
'csk_dukat_2_1',1946,'none'
'csk_dukat_2_1',1947,'none'
'csk_dukat_2_1',1948,'none'
'csk_dukat_2_1',1949,'none'
'csk_dukat_2_1',1950,'none'
'csk_dukat_2_1',1951,'none'
'csk_dukat_5_1',1923,'none'
'csk_dukat_5_1',1924,'none'
'csk_dukat_5_1',1925,'none'
'csk_dukat_5_1',1926,'none'
'csk_dukat_5_1',1927,'none'
'csk_dukat_5_1',1928,'none'
'csk_dukat_5_1',1929,'none'
'csk_dukat_5_1',1930,'none'
'csk_dukat_5_1',1931,'none'
'csk_dukat_5_1',1932,'none'
'csk_dukat_5_1',1933,'none'
'csk_dukat_5_1',1934,'none'
'csk_dukat_5_1',1935,'none'
'csk_dukat_5_1',1936,'none'
'csk_dukat_5_1',1937,'none'
'csk_dukat_5_1',1938,'none'
'csk_dukat_5_1',1939,'none'
'csk_dukat_5_1',1940,'none'
'csk_dukat_5_1',1941,'none'
'csk_dukat_5_1',1942,'none'
'csk_dukat_5_1',1943,'none'
'csk_dukat_5_1',1944,'none'
'csk_dukat_5_1',1945,'none'
'csk_dukat_5_1',1946,'none'
'csk_dukat_5_1',1947,'none'
'csk_dukat_5_1',1948,'none'
'csk_dukat_5_1',1949,'none'
'csk_dukat_5_1',1950,'none'
'csk_dukat_5_1',1951,'none'
'csk_koruna_100_1',1947,'none'
'csk_koruna_100_1',1948,'none'
'csk_koruna_100_1',1949,'none'
'csk_koruna_100_1',1950,'none'
'csk_koruna_100_1',1951,'none'
'csk_koruna_100_2',1954,'none'
'csk_koruna_100_2',1955,'none'
'csk_koruna_100_2',1956,'none'
'csk_koruna_100_2',1957,'none'
'csk_koruna_100_2',1958,'none'
'csk_koruna_100_2',1959,'none'
'csk_koruna_100_2',1960,'none'
'csk_koruna_100_2',1961,'none'
'csk_koruna_100_2',1962,'none'
'csk_koruna_100_2',1963,'none'
'csk_koruna_100_2',1964,'none'
'csk_koruna_10_1',1928,'none'
'csk_koruna_10_1',1929,'none'
'csk_koruna_10_1',1930,'none'
'csk_koruna_10_1',1931,'none'
'csk_koruna_10_1',1932,'none'
'csk_koruna_10_1',1933,'none'
'csk_koruna_10_1',1934,'none'
'csk_koruna_10_1',1935,'none'
'csk_koruna_10_1',1936,'none'
'csk_koruna_10_1',1937,'none'
'csk_koruna_10_2',1939,'none'
'csk_koruna_10_2',1940,'none'
'csk_koruna_10_2',1941,'none'
'csk_koruna_10_2',1942,'none'
'csk_koruna_10_2',1943,'none'
'csk_koruna_10_2',1944,'none'
'csk_koruna_10_3',1954,'none'
'csk_koruna_10_3',1955,'none'
'csk_koruna_10_3',1956,'none'
'csk_koruna_10_3',1957,'none'
'csk_koruna_10_3',1958,'none'
'csk_koruna_10_3',1959,'none'
'csk_koruna_10_3',1960,'none'
'csk_koruna_10_3',1961,'none'
'csk_koruna_10_3',1962,'none'
'csk_koruna_10_3',1963,'none'
'csk_koruna_10_3',1964,'none'
'csk_koruna_20_1',1928,'none'
'csk_koruna_20_1',1929,'none'
'csk_koruna_20_1',1930,'none'
'csk_koruna_20_1',1931,'none'
'csk_koruna_20_1',1932,'none'
'csk_koruna_20_1',1933,'none'
'csk_koruna_20_1',1934,'none'
'csk_koruna_20_1',1935,'none'
'csk_koruna_20_1',1936,'none'
'csk_koruna_20_1',1937,'none'
'csk_koruna_20_2',1939,'none'
'csk_koruna_20_2',1940,'none'
'csk_koruna_20_2',1941,'none'
'csk_koruna_20_2',1942,'none'
'csk_koruna_20_2',1943,'none'
'csk_koruna_20_2',1944,'none'
'csk_koruna_25_1',1954,'none'
'csk_koruna_25_1',1955,'none'
'csk_koruna_25_1',1956,'none'
'csk_koruna_25_1',1957,'none'
'csk_koruna_25_1',1958,'none'
'csk_koruna_25_1',1959,'none'
'csk_koruna_25_1',1960,'none'
'csk_koruna_25_1',1961,'none'
'csk_koruna_25_1',1962,'none'
'csk_koruna_25_1',1963,'none'
'csk_koruna_25_1',1964,'none'
'csk_koruna_50_1',1939,'none'
'csk_koruna_50_1',1940,'none'
'csk_koruna_50_1',1941,'none'
'csk_koruna_50_1',1942,'none'
'csk_koruna_50_1',1943,'none'
'csk_koruna_50_1',1944,'none'
'csk_koruna_50_2',1947,'none'
'csk_koruna_50_2',1948,'none'
'csk_koruna_50_2',1949,'none'
'csk_koruna_50_2',1950,'none'
'csk_koruna_50_2',1951,'none'
'csk_koruna_50_3',1954,'none'
'csk_koruna_50_3',1955,'none'
'csk_koruna_50_3',1956,'none'
'csk_koruna_50_3',1957,'none'
'csk_koruna_50_3',1958,'none'
'csk_koruna_50_3',1959,'none'
'csk_koruna_50_3',1960,'none'
'csk_koruna_50_3',1961,'none'
'csk_koruna_50_3',1962,'none'
'csk_koruna_50_3',1963,'none'
'csk_koruna_50_3',1964,'none'
'csk_koruna_5_1',1928,'none'
'csk_koruna_5_1',1929,'none'
'csk_koruna_5_1',1930,'none'
'csk_koruna_5_1',1931,'none'
'csk_koruna_5_1',1932,'none'
'csk_koruna_5_1',1933,'none'
'csk_koruna_5_1',1934,'none'
'csk_koruna_5_1',1935,'none'
'csk_koruna_5_1',1936,'none'
'csk_koruna_5_1',1937,'none'
'cub_centavo_10_1',1915,'none'
'cub_centavo_10_1',1916,'none'
'cub_centavo_10_1',1917,'none'
'cub_centavo_10_1',1918,'none'
'cub_centavo_10_1',1919,'none'
'cub_centavo_10_1',1920,'none'
'cub_centavo_10_1',1921,'none'
'cub_centavo_10_1',1922,'none'
'cub_centavo_10_1',1923,'none'
'cub_centavo_10_1',1924,'none'
'cub_centavo_10_1',1925,'none'
'cub_centavo_10_1',1926,'none'
'cub_centavo_10_1',1927,'none'
'cub_centavo_10_1',1928,'none'
'cub_centavo_10_1',1929,'none'
'cub_centavo_10_1',1930,'none'
'cub_centavo_10_1',1931,'none'
'cub_centavo_10_1',1932,'none'
'cub_centavo_10_1',1933,'none'
'cub_centavo_10_1',1934,'none'
'cub_centavo_10_1',1935,'none'
'cub_centavo_10_1',1936,'none'
'cub_centavo_10_1',1937,'none'
'cub_centavo_10_1',1938,'none'
'cub_centavo_10_1',1939,'none'
'cub_centavo_10_1',1940,'none'
'cub_centavo_10_1',1941,'none'
'cub_centavo_10_1',1942,'none'
'cub_centavo_10_1',1943,'none'
'cub_centavo_10_1',1944,'none'
'cub_centavo_10_1',1945,'none'
'cub_centavo_10_1',1946,'none'
'cub_centavo_10_1',1947,'none'
'cub_centavo_10_1',1948,'none'
'cub_centavo_10_1',1949,'none'
'cub_centavo_10_1',1952,'none'
'cub_centavo_20_1',1915,'none'
'cub_centavo_20_1',1916,'none'
'cub_centavo_20_1',1917,'none'
'cub_centavo_20_1',1918,'none'
'cub_centavo_20_1',1919,'none'
'cub_centavo_20_1',1920,'none'
'cub_centavo_20_1',1921,'none'
'cub_centavo_20_1',1922,'none'
'cub_centavo_20_1',1923,'none'
'cub_centavo_20_1',1924,'none'
'cub_centavo_20_1',1925,'none'
'cub_centavo_20_1',1926,'none'
'cub_centavo_20_1',1927,'none'
'cub_centavo_20_1',1928,'none'
'cub_centavo_20_1',1929,'none'
'cub_centavo_20_1',1930,'none'
'cub_centavo_20_1',1931,'none'
'cub_centavo_20_1',1932,'none'
'cub_centavo_20_1',1933,'none'
'cub_centavo_20_1',1934,'none'
'cub_centavo_20_1',1935,'none'
'cub_centavo_20_1',1936,'none'
'cub_centavo_20_1',1937,'none'
'cub_centavo_20_1',1938,'none'
'cub_centavo_20_1',1939,'none'
'cub_centavo_20_1',1940,'none'
'cub_centavo_20_1',1941,'none'
'cub_centavo_20_1',1942,'none'
'cub_centavo_20_1',1943,'none'
'cub_centavo_20_1',1944,'none'
'cub_centavo_20_1',1945,'none'
'cub_centavo_20_1',1946,'none'
'cub_centavo_20_1',1947,'none'
'cub_centavo_20_1',1948,'none'
'cub_centavo_20_1',1949,'none'
'cub_centavo_20_1',1952,'none'
'cub_centavo_25_1',1953,'none'
'cub_centavo_40_1',1915,'none'
'cub_centavo_40_1',1916,'none'
'cub_centavo_40_1',1917,'none'
'cub_centavo_40_1',1918,'none'
'cub_centavo_40_1',1919,'none'
'cub_centavo_40_1',1920,'none'
'cub_centavo_40_1',1952,'none'
'cub_centavo_50_1',50,'none'
'cub_peso_10_1',1915,'none'
'cub_peso_10_1',1916,'none'
'cub_peso_1_1',1897,'none'
'cub_peso_1_1',1898,'none'
'cub_peso_1_2',1915,'none'
'cub_peso_1_2',1916,'none'
'cub_peso_1_3',1915,'none'
'cub_peso_1_3',1916,'none'
'cub_peso_1_3',1917,'none'
'cub_peso_1_3',1918,'none'
'cub_peso_1_3',1919,'none'
'cub_peso_1_3',1920,'none'
'cub_peso_1_3',1921,'none'
'cub_peso_1_3',1922,'none'
'cub_peso_1_3',1923,'none'
'cub_peso_1_3',1924,'none'
'cub_peso_1_3',1925,'none'
'cub_peso_1_3',1926,'none'
'cub_peso_1_3',1927,'none'
'cub_peso_1_3',1928,'none'
'cub_peso_1_3',1929,'none'
'cub_peso_1_3',1930,'none'
'cub_peso_1_3',1931,'none'
'cub_peso_1_3',1932,'none'
'cub_peso_1_3',1933,'none'
'cub_peso_1_3',1934,'none'
'cub_peso_1_3',1935,'none'
'cub_peso_1_3',1936,'none'
'cub_peso_1_3',1937,'none'
'cub_peso_1_3',1938,'none'
'cub_peso_1_3',1939,'none'
'cub_peso_1_3',1953,'none'
'cub_peso_20_1',1915,'none'
'cub_peso_20_1',1916,'none'
'cub_peso_2_1',1915,'none'
'cub_peso_2_1',1916,'none'
'cub_peso_4_1',1915,'none'
'cub_peso_4_1',1916,'none'
'cub_peso_5_1',1915,'none'
'cub_peso_5_1',1916,'none'
'cuw_gulden_1_1',1944,'none'
'cuw_gulden_fractional_1_10_1',1901,'none'
'cuw_gulden_fractional_1_10_1',1944,'none'
'cuw_gulden_fractional_1_10_1',1947,'none'
'cuw_gulden_fractional_1_10_1',1948,'none'
'cuw_gulden_fractional_1_4_1',1900,'none'
'cuw_gulden_fractional_1_4_1',1944,'none'
'cuw_gulden_fractional_1_4_1',1947,'none'
'cuw_gulden_fractional_2_1_2_1',1944,'none'
'cyp_piastre_18_1',1901,'none'
'cyp_piastre_18_1',1907,'none'
'cyp_piastre_18_1',1913,'none'
'cyp_piastre_18_1',1921,'none'
'cyp_piastre_18_1',1938,'none'
'cyp_piastre_18_1',1940,'none'
'cyp_piastre_3_1',1901,'none'
'cyp_piastre_45_1',1928,'none'
'cyp_piastre_9_1',1901,'none'
'cyp_piastre_9_1',1907,'none'
'cyp_piastre_9_1',1913,'none'
'cyp_piastre_9_1',1914,'none'
'cyp_piastre_9_1',1915,'none'
'cyp_piastre_9_1',1916,'none'
'cyp_piastre_9_1',1917,'none'
'cyp_piastre_9_1',1918,'none'
'cyp_piastre_9_1',1919,'none'
'cyp_piastre_9_1',1920,'none'
'cyp_piastre_9_1',1921,'none'
'cyp_piastre_9_1',1938,'none'
'cyp_piastre_9_1',1940,'none'
'cyp_piastre_fractional_4_1_2_1',1901,'none'
'cyp_piastre_fractional_4_1_2_1',1921,'none'
'cyp_piastre_fractional_4_1_2_1',1938,'none'
'deu_mark_10_1',1871,'none'
'deu_mark_10_1',1872,'none'
'deu_mark_10_1',1873,'none'
'deu_mark_10_1',1874,'none'
'deu_mark_10_1',1875,'none'
'deu_mark_10_1',1876,'none'
'deu_mark_10_1',1877,'none'
'deu_mark_10_1',1878,'none'
'deu_mark_10_1',1879,'none'
'deu_mark_10_1',1880,'none'
'deu_mark_10_1',1881,'none'
'deu_mark_10_1',1882,'none'
'deu_mark_10_1',1883,'none'
'deu_mark_10_1',1884,'none'
'deu_mark_10_1',1885,'none'
'deu_mark_10_1',1886,'none'
'deu_mark_10_1',1887,'none'
'deu_mark_10_1',1888,'none'
'deu_mark_10_1',1889,'none'
'deu_mark_10_1',1890,'none'
'deu_mark_10_1',1891,'none'
'deu_mark_10_1',1892,'none'
'deu_mark_10_1',1893,'none'
'deu_mark_10_1',1894,'none'
'deu_mark_10_1',1895,'none'
'deu_mark_10_1',1896,'none'
'deu_mark_10_1',1897,'none'
'deu_mark_10_1',1898,'none'
'deu_mark_10_1',1899,'none'
'deu_mark_10_1',1900,'none'
'deu_mark_10_1',1901,'none'
'deu_mark_10_1',1902,'none'
'deu_mark_10_1',1903,'none'
'deu_mark_10_1',1904,'none'
'deu_mark_10_1',1905,'none'
'deu_mark_10_1',1906,'none'
'deu_mark_10_1',1907,'none'
'deu_mark_10_1',1908,'none'
'deu_mark_10_1',1909,'none'
'deu_mark_10_1',1910,'none'
'deu_mark_10_1',1911,'none'
'deu_mark_10_1',1912,'none'
'deu_mark_10_1',1913,'none'
'deu_mark_10_1',1914,'none'
'deu_mark_10_1',1915,'none'
'deu_mark_1_1',1873,'none'
'deu_mark_1_1',1874,'none'
'deu_mark_1_1',1875,'none'
'deu_mark_1_1',1876,'none'
'deu_mark_1_1',1877,'none'
'deu_mark_1_1',1878,'none'
'deu_mark_1_1',1879,'none'
'deu_mark_1_1',1880,'none'
'deu_mark_1_1',1881,'none'
'deu_mark_1_1',1882,'none'
'deu_mark_1_1',1883,'none'
'deu_mark_1_1',1884,'none'
'deu_mark_1_1',1885,'none'
'deu_mark_1_1',1886,'none'
'deu_mark_1_1',1887,'none'
'deu_mark_1_1',1891,'none'
'deu_mark_1_1',1892,'none'
'deu_mark_1_1',1893,'none'
'deu_mark_1_1',1894,'none'
'deu_mark_1_1',1895,'none'
'deu_mark_1_1',1896,'none'
'deu_mark_1_1',1897,'none'
'deu_mark_1_1',1898,'none'
'deu_mark_1_1',1899,'none'
'deu_mark_1_1',1900,'none'
'deu_mark_1_1',1901,'none'
'deu_mark_1_1',1902,'none'
'deu_mark_1_1',1903,'none'
'deu_mark_1_1',1904,'none'
'deu_mark_1_1',1905,'none'
'deu_mark_1_1',1906,'none'
'deu_mark_1_1',1907,'none'
'deu_mark_1_1',1908,'none'
'deu_mark_1_1',1909,'none'
'deu_mark_1_1',1910,'none'
'deu_mark_1_1',1911,'none'
'deu_mark_1_1',1912,'none'
'deu_mark_1_1',1913,'none'
'deu_mark_1_1',1914,'none'
'deu_mark_1_1',1915,'none'
'deu_mark_1_1',1916,'none'
'deu_mark_1_2',1924,'none'
'deu_mark_1_2',1925,'none'
'deu_mark_1_2',1926,'none'
'deu_mark_1_2',1927,'none'
'deu_mark_20_1',1871,'none'
'deu_mark_20_1',1872,'none'
'deu_mark_20_1',1873,'none'
'deu_mark_20_1',1874,'none'
'deu_mark_20_1',1875,'none'
'deu_mark_20_1',1876,'none'
'deu_mark_20_1',1877,'none'
'deu_mark_20_1',1878,'none'
'deu_mark_20_1',1879,'none'
'deu_mark_20_1',1880,'none'
'deu_mark_20_1',1881,'none'
'deu_mark_20_1',1882,'none'
'deu_mark_20_1',1883,'none'
'deu_mark_20_1',1884,'none'
'deu_mark_20_1',1885,'none'
'deu_mark_20_1',1886,'none'
'deu_mark_20_1',1887,'none'
'deu_mark_20_1',1888,'none'
'deu_mark_20_1',1889,'none'
'deu_mark_20_1',1890,'none'
'deu_mark_20_1',1891,'none'
'deu_mark_20_1',1892,'none'
'deu_mark_20_1',1893,'none'
'deu_mark_20_1',1894,'none'
'deu_mark_20_1',1895,'none'
'deu_mark_20_1',1896,'none'
'deu_mark_20_1',1897,'none'
'deu_mark_20_1',1898,'none'
'deu_mark_20_1',1899,'none'
'deu_mark_20_1',1900,'none'
'deu_mark_20_1',1901,'none'
'deu_mark_20_1',1902,'none'
'deu_mark_20_1',1903,'none'
'deu_mark_20_1',1904,'none'
'deu_mark_20_1',1905,'none'
'deu_mark_20_1',1906,'none'
'deu_mark_20_1',1907,'none'
'deu_mark_20_1',1908,'none'
'deu_mark_20_1',1909,'none'
'deu_mark_20_1',1910,'none'
'deu_mark_20_1',1911,'none'
'deu_mark_20_1',1912,'none'
'deu_mark_20_1',1913,'none'
'deu_mark_20_1',1914,'none'
'deu_mark_20_1',1915,'none'
'deu_mark_2_1',1874,'none'
'deu_mark_2_1',1875,'none'
'deu_mark_2_1',1876,'none'
'deu_mark_2_1',1877,'none'
'deu_mark_2_1',1878,'none'
'deu_mark_2_1',1879,'none'
'deu_mark_2_1',1880,'none'
'deu_mark_2_1',1881,'none'
'deu_mark_2_1',1882,'none'
'deu_mark_2_1',1883,'none'
'deu_mark_2_1',1884,'none'
'deu_mark_2_1',1885,'none'
'deu_mark_2_1',1886,'none'
'deu_mark_2_1',1887,'none'
'deu_mark_2_1',1888,'none'
'deu_mark_2_1',1889,'none'
'deu_mark_2_1',1890,'none'
'deu_mark_2_1',1891,'none'
'deu_mark_2_1',1892,'none'
'deu_mark_2_1',1893,'none'
'deu_mark_2_1',1894,'none'
'deu_mark_2_1',1895,'none'
'deu_mark_2_1',1896,'none'
'deu_mark_2_1',1897,'none'
'deu_mark_2_1',1898,'none'
'deu_mark_2_1',1899,'none'
'deu_mark_2_1',1900,'none'
'deu_mark_2_1',1901,'none'
'deu_mark_2_1',1902,'none'
'deu_mark_2_1',1903,'none'
'deu_mark_2_1',1904,'none'
'deu_mark_2_1',1905,'none'
'deu_mark_2_1',1906,'none'
'deu_mark_2_1',1907,'none'
'deu_mark_2_1',1908,'none'
'deu_mark_2_1',1909,'none'
'deu_mark_2_1',1910,'none'
'deu_mark_2_1',1911,'none'
'deu_mark_2_1',1912,'none'
'deu_mark_2_1',1913,'none'
'deu_mark_2_1',1914,'none'
'deu_mark_2_1',1915,'none'
'deu_mark_2_1',1916,'none'
'deu_mark_2_1',1917,'none'
'deu_mark_2_1',1918,'none'
'deu_mark_2_2',1924,'none'
'deu_mark_2_2',1925,'none'
'deu_mark_2_2',1926,'none'
'deu_mark_2_2',1927,'none'
'deu_mark_2_2',1928,'none'
'deu_mark_2_2',1929,'none'
'deu_mark_2_2',1930,'none'
'deu_mark_2_2',1931,'none'
'deu_mark_2_2',1932,'none'
'deu_mark_2_2',1933,'none'
'deu_mark_2_3',1933,'none'
'deu_mark_2_3',1934,'none'
'deu_mark_2_3',1935,'none'
'deu_mark_2_3',1936,'none'
'deu_mark_2_3',1937,'none'
'deu_mark_2_3',1938,'none'
'deu_mark_2_3',1939,'none'
'deu_mark_3_1',1874,'none'
'deu_mark_3_1',1875,'none'
'deu_mark_3_1',1876,'none'
'deu_mark_3_1',1877,'none'
'deu_mark_3_1',1878,'none'
'deu_mark_3_1',1879,'none'
'deu_mark_3_1',1880,'none'
'deu_mark_3_1',1881,'none'
'deu_mark_3_1',1882,'none'
'deu_mark_3_1',1883,'none'
'deu_mark_3_1',1884,'none'
'deu_mark_3_1',1885,'none'
'deu_mark_3_1',1886,'none'
'deu_mark_3_1',1887,'none'
'deu_mark_3_1',1888,'none'
'deu_mark_3_1',1889,'none'
'deu_mark_3_1',1890,'none'
'deu_mark_3_1',1891,'none'
'deu_mark_3_1',1892,'none'
'deu_mark_3_1',1893,'none'
'deu_mark_3_1',1894,'none'
'deu_mark_3_1',1895,'none'
'deu_mark_3_1',1896,'none'
'deu_mark_3_1',1897,'none'
'deu_mark_3_1',1898,'none'
'deu_mark_3_1',1899,'none'
'deu_mark_3_1',1900,'none'
'deu_mark_3_1',1901,'none'
'deu_mark_3_1',1902,'none'
'deu_mark_3_1',1903,'none'
'deu_mark_3_1',1904,'none'
'deu_mark_3_1',1905,'none'
'deu_mark_3_1',1906,'none'
'deu_mark_3_1',1907,'none'
'deu_mark_3_1',1908,'none'
'deu_mark_3_1',1909,'none'
'deu_mark_3_1',1910,'none'
'deu_mark_3_1',1911,'none'
'deu_mark_3_1',1912,'none'
'deu_mark_3_1',1913,'none'
'deu_mark_3_1',1914,'none'
'deu_mark_3_1',1915,'none'
'deu_mark_3_1',1916,'none'
'deu_mark_3_1',1917,'none'
'deu_mark_3_1',1918,'none'
'deu_mark_3_2',1924,'none'
'deu_mark_3_2',1925,'none'
'deu_mark_3_2',1926,'none'
'deu_mark_3_2',1927,'none'
'deu_mark_3_2',1928,'none'
'deu_mark_3_2',1929,'none'
'deu_mark_3_2',1930,'none'
'deu_mark_3_2',1931,'none'
'deu_mark_3_2',1932,'none'
'deu_mark_3_2',1933,'none'
'deu_mark_5_1',1874,'none'
'deu_mark_5_1',1875,'none'
'deu_mark_5_1',1876,'none'
'deu_mark_5_1',1877,'none'
'deu_mark_5_1',1878,'none'
'deu_mark_5_1',1879,'none'
'deu_mark_5_1',1880,'none'
'deu_mark_5_1',1881,'none'
'deu_mark_5_1',1882,'none'
'deu_mark_5_1',1883,'none'
'deu_mark_5_1',1884,'none'
'deu_mark_5_1',1885,'none'
'deu_mark_5_1',1886,'none'
'deu_mark_5_1',1887,'none'
'deu_mark_5_1',1888,'none'
'deu_mark_5_1',1889,'none'
'deu_mark_5_1',1890,'none'
'deu_mark_5_1',1891,'none'
'deu_mark_5_1',1892,'none'
'deu_mark_5_1',1893,'none'
'deu_mark_5_1',1894,'none'
'deu_mark_5_1',1895,'none'
'deu_mark_5_1',1896,'none'
'deu_mark_5_1',1897,'none'
'deu_mark_5_1',1898,'none'
'deu_mark_5_1',1899,'none'
'deu_mark_5_1',1900,'none'
'deu_mark_5_1',1901,'none'
'deu_mark_5_1',1902,'none'
'deu_mark_5_1',1903,'none'
'deu_mark_5_1',1904,'none'
'deu_mark_5_1',1905,'none'
'deu_mark_5_1',1906,'none'
'deu_mark_5_1',1907,'none'
'deu_mark_5_1',1908,'none'
'deu_mark_5_1',1909,'none'
'deu_mark_5_1',1910,'none'
'deu_mark_5_1',1911,'none'
'deu_mark_5_1',1912,'none'
'deu_mark_5_1',1913,'none'
'deu_mark_5_1',1914,'none'
'deu_mark_5_1',1915,'none'
'deu_mark_5_1',1916,'none'
'deu_mark_5_1',1917,'none'
'deu_mark_5_1',1918,'none'
'deu_mark_5_2',1871,'none'
'deu_mark_5_2',1872,'none'
'deu_mark_5_2',1873,'none'
'deu_mark_5_2',1874,'none'
'deu_mark_5_2',1875,'none'
'deu_mark_5_2',1876,'none'
'deu_mark_5_2',1877,'none'
'deu_mark_5_2',1878,'none'
'deu_mark_5_2',1879,'none'
'deu_mark_5_2',1880,'none'
'deu_mark_5_2',1881,'none'
'deu_mark_5_2',1882,'none'
'deu_mark_5_2',1883,'none'
'deu_mark_5_2',1884,'none'
'deu_mark_5_2',1885,'none'
'deu_mark_5_2',1886,'none'
'deu_mark_5_2',1887,'none'
'deu_mark_5_2',1888,'none'
'deu_mark_5_2',1889,'none'
'deu_mark_5_2',1890,'none'
'deu_mark_5_2',1891,'none'
'deu_mark_5_2',1892,'none'
'deu_mark_5_2',1893,'none'
'deu_mark_5_2',1894,'none'
'deu_mark_5_2',1895,'none'
'deu_mark_5_2',1896,'none'
'deu_mark_5_2',1897,'none'
'deu_mark_5_2',1898,'none'
'deu_mark_5_2',1899,'none'
'deu_mark_5_2',1900,'none'
'deu_mark_5_2',1901,'none'
'deu_mark_5_2',1902,'none'
'deu_mark_5_2',1903,'none'
'deu_mark_5_2',1904,'none'
'deu_mark_5_2',1905,'none'
'deu_mark_5_2',1906,'none'
'deu_mark_5_2',1907,'none'
'deu_mark_5_2',1908,'none'
'deu_mark_5_2',1909,'none'
'deu_mark_5_2',1910,'none'
'deu_mark_5_2',1911,'none'
'deu_mark_5_2',1912,'none'
'deu_mark_5_2',1913,'none'
'deu_mark_5_2',1914,'none'
'deu_mark_5_2',1915,'none'
'deu_mark_5_3',1924,'none'
'deu_mark_5_3',1925,'none'
'deu_mark_5_3',1926,'none'
'deu_mark_5_3',1927,'none'
'deu_mark_5_3',1928,'none'
'deu_mark_5_3',1929,'none'
'deu_mark_5_3',1930,'none'
'deu_mark_5_3',1931,'none'
'deu_mark_5_3',1932,'none'
'deu_mark_5_3',1933,'none'
'deu_mark_5_4',1933,'none'
'deu_mark_5_4',1934,'none'
'deu_mark_5_4',1935,'none'
'deu_mark_5_4',1936,'none'
'deu_mark_5_4',1937,'none'
'deu_mark_5_4',1938,'none'
'deu_mark_5_4',1939,'none'
'deu_pfennig_20_1',1873,'none'
'deu_pfennig_20_1',1874,'none'
'deu_pfennig_20_1',1875,'none'
'deu_pfennig_20_1',1876,'none'
'deu_pfennig_20_1',1877,'none'
'deu_pfennig_50_1',1875,'none'
'deu_pfennig_50_1',1876,'none'
'deu_pfennig_50_1',1877,'none'
'deu_pfennig_50_1',1878,'none'
'deu_pfennig_50_1',1896,'none'
'deu_pfennig_50_1',1897,'none'
'deu_pfennig_50_1',1898,'none'
'deu_pfennig_50_1',1899,'none'
'deu_pfennig_50_1',1900,'none'
'deu_pfennig_50_1',1901,'none'
'deu_pfennig_50_1',1902,'none'
'deu_pfennig_50_1',1903,'none'
'deu_pfennig_50_1',1905,'none'
'deu_pfennig_50_1',1906,'none'
'deu_pfennig_50_1',1907,'none'
'deu_pfennig_50_1',1908,'none'
'deu_pfennig_50_1',1909,'none'
'deu_pfennig_50_1',1910,'none'
'deu_pfennig_50_1',1911,'none'
'deu_pfennig_50_1',1912,'none'
'deu_pfennig_50_1',1913,'none'
'deu_pfennig_50_1',1914,'none'
'deu_pfennig_50_1',1915,'none'
'deu_pfennig_50_1',1916,'none'
'deu_pfennig_50_1',1917,'none'
'deu_pfennig_50_1',1918,'none'
'deu_pfennig_50_1',1919,'none'
'dnk_christian d\'or_1_1',1866,'none'
'dnk_christian d\'or_1_1',1867,'none'
'dnk_christian d\'or_1_1',1868,'none'
'dnk_christian d\'or_1_1',1869,'none'
'dnk_christian d\'or_1_1',1870,'none'
'dnk_christian d\'or_2_1',1866,'none'
'dnk_christian d\'or_2_1',1867,'none'
'dnk_christian d\'or_2_1',1868,'none'
'dnk_christian d\'or_2_1',1869,'none'
'dnk_christian d\'or_2_1',1870,'none'
'dnk_krone_10_1',1873,'none'
'dnk_krone_10_1',1874,'none'
'dnk_krone_10_1',1875,'none'
'dnk_krone_10_1',1876,'none'
'dnk_krone_10_1',1877,'none'
'dnk_krone_10_1',1878,'none'
'dnk_krone_10_1',1879,'none'
'dnk_krone_10_1',1880,'none'
'dnk_krone_10_1',1881,'none'
'dnk_krone_10_1',1882,'none'
'dnk_krone_10_1',1883,'none'
'dnk_krone_10_1',1884,'none'
'dnk_krone_10_1',1885,'none'
'dnk_krone_10_1',1886,'none'
'dnk_krone_10_1',1887,'none'
'dnk_krone_10_1',1888,'none'
'dnk_krone_10_1',1889,'none'
'dnk_krone_10_1',1890,'none'
'dnk_krone_10_1',1891,'none'
'dnk_krone_10_1',1892,'none'
'dnk_krone_10_1',1893,'none'
'dnk_krone_10_1',1894,'none'
'dnk_krone_10_1',1895,'none'
'dnk_krone_10_1',1896,'none'
'dnk_krone_10_1',1897,'none'
'dnk_krone_10_1',1898,'none'
'dnk_krone_10_1',1899,'none'
'dnk_krone_10_1',1900,'none'
'dnk_krone_10_1',1901,'none'
'dnk_krone_10_1',1902,'none'
'dnk_krone_10_1',1903,'none'
'dnk_krone_10_1',1904,'none'
'dnk_krone_10_1',1905,'none'
'dnk_krone_10_1',1906,'none'
'dnk_krone_10_1',1907,'none'
'dnk_krone_10_1',1908,'none'
'dnk_krone_10_1',1909,'none'
'dnk_krone_10_1',1910,'none'
'dnk_krone_10_1',1911,'none'
'dnk_krone_10_1',1912,'none'
'dnk_krone_10_1',1913,'none'
'dnk_krone_10_1',1914,'none'
'dnk_krone_10_1',1915,'none'
'dnk_krone_10_1',1916,'none'
'dnk_krone_10_1',1917,'none'
'dnk_krone_10_1',1918,'none'
'dnk_krone_10_1',1919,'none'
'dnk_krone_10_1',1920,'none'
'dnk_krone_10_1',1921,'none'
'dnk_krone_10_1',1922,'none'
'dnk_krone_10_1',1923,'none'
'dnk_krone_10_1',1924,'none'
'dnk_krone_10_1',1925,'none'
'dnk_krone_10_1',1926,'none'
'dnk_krone_10_1',1927,'none'
'dnk_krone_10_1',1928,'none'
'dnk_krone_10_1',1929,'none'
'dnk_krone_10_1',1930,'none'
'dnk_krone_10_1',1931,'none'
'dnk_krone_1_1',1874,'none'
'dnk_krone_1_1',1875,'none'
'dnk_krone_1_1',1876,'none'
'dnk_krone_1_1',1877,'none'
'dnk_krone_1_1',1878,'none'
'dnk_krone_1_1',1879,'none'
'dnk_krone_1_1',1880,'none'
'dnk_krone_1_1',1881,'none'
'dnk_krone_1_1',1882,'none'
'dnk_krone_1_1',1883,'none'
'dnk_krone_1_1',1884,'none'
'dnk_krone_1_1',1885,'none'
'dnk_krone_1_1',1886,'none'
'dnk_krone_1_1',1887,'none'
'dnk_krone_1_1',1888,'none'
'dnk_krone_1_1',1889,'none'
'dnk_krone_1_1',1890,'none'
'dnk_krone_1_1',1891,'none'
'dnk_krone_1_1',1892,'none'
'dnk_krone_1_1',1893,'none'
'dnk_krone_1_1',1894,'none'
'dnk_krone_1_1',1895,'none'
'dnk_krone_1_1',1896,'none'
'dnk_krone_1_1',1897,'none'
'dnk_krone_1_1',1898,'none'
'dnk_krone_1_1',1899,'none'
'dnk_krone_1_1',1900,'none'
'dnk_krone_1_1',1901,'none'
'dnk_krone_1_1',1902,'none'
'dnk_krone_1_1',1903,'none'
'dnk_krone_1_1',1904,'none'
'dnk_krone_1_1',1905,'none'
'dnk_krone_1_1',1906,'none'
'dnk_krone_1_1',1907,'none'
'dnk_krone_1_1',1908,'none'
'dnk_krone_1_1',1909,'none'
'dnk_krone_1_1',1910,'none'
'dnk_krone_1_1',1911,'none'
'dnk_krone_1_1',1912,'none'
'dnk_krone_1_1',1913,'none'
'dnk_krone_1_1',1914,'none'
'dnk_krone_1_1',1915,'none'
'dnk_krone_1_1',1916,'none'
'dnk_krone_1_1',1917,'none'
'dnk_krone_1_1',1918,'none'
'dnk_krone_1_1',1919,'none'
'dnk_krone_1_1',1920,'none'
'dnk_krone_1_1',1921,'none'
'dnk_krone_1_1',1922,'none'
'dnk_krone_1_1',1923,'none'
'dnk_krone_1_1',1924,'none'
'dnk_krone_1_1',1925,'none'
'dnk_krone_1_1',1926,'none'
'dnk_krone_1_1',1927,'none'
'dnk_krone_1_1',1928,'none'
'dnk_krone_1_1',1929,'none'
'dnk_krone_1_1',1930,'none'
'dnk_krone_1_1',1931,'none'
'dnk_krone_1_1',1932,'none'
'dnk_krone_1_1',1933,'none'
'dnk_krone_1_1',1934,'none'
'dnk_krone_1_1',1935,'none'
'dnk_krone_1_1',1936,'none'
'dnk_krone_1_1',1937,'none'
'dnk_krone_1_1',1938,'none'
'dnk_krone_1_1',1939,'none'
'dnk_krone_1_1',1940,'none'
'dnk_krone_1_1',1941,'none'
'dnk_krone_1_1',1942,'none'
'dnk_krone_1_1',1943,'none'
'dnk_krone_1_1',1944,'none'
'dnk_krone_1_1',1945,'none'
'dnk_krone_1_1',1946,'none'
'dnk_krone_1_1',1947,'none'
'dnk_krone_1_1',1948,'none'
'dnk_krone_1_1',1949,'none'
'dnk_krone_1_1',1950,'none'
'dnk_krone_1_1',1951,'none'
'dnk_krone_1_1',1952,'none'
'dnk_krone_1_1',1953,'none'
'dnk_krone_1_1',1954,'none'
'dnk_krone_1_1',1955,'none'
'dnk_krone_1_1',1956,'none'
'dnk_krone_1_1',1957,'none'
'dnk_krone_1_1',1958,'none'
'dnk_krone_20_1',1873,'none'
'dnk_krone_20_1',1874,'none'
'dnk_krone_20_1',1875,'none'
'dnk_krone_20_1',1876,'none'
'dnk_krone_20_1',1877,'none'
'dnk_krone_20_1',1878,'none'
'dnk_krone_20_1',1879,'none'
'dnk_krone_20_1',1880,'none'
'dnk_krone_20_1',1881,'none'
'dnk_krone_20_1',1882,'none'
'dnk_krone_20_1',1883,'none'
'dnk_krone_20_1',1884,'none'
'dnk_krone_20_1',1885,'none'
'dnk_krone_20_1',1886,'none'
'dnk_krone_20_1',1887,'none'
'dnk_krone_20_1',1888,'none'
'dnk_krone_20_1',1889,'none'
'dnk_krone_20_1',1890,'none'
'dnk_krone_20_1',1891,'none'
'dnk_krone_20_1',1892,'none'
'dnk_krone_20_1',1893,'none'
'dnk_krone_20_1',1894,'none'
'dnk_krone_20_1',1895,'none'
'dnk_krone_20_1',1896,'none'
'dnk_krone_20_1',1897,'none'
'dnk_krone_20_1',1898,'none'
'dnk_krone_20_1',1899,'none'
'dnk_krone_20_1',1900,'none'
'dnk_krone_20_1',1901,'none'
'dnk_krone_20_1',1902,'none'
'dnk_krone_20_1',1903,'none'
'dnk_krone_20_1',1904,'none'
'dnk_krone_20_1',1905,'none'
'dnk_krone_20_1',1906,'none'
'dnk_krone_20_1',1907,'none'
'dnk_krone_20_1',1908,'none'
'dnk_krone_20_1',1909,'none'
'dnk_krone_20_1',1910,'none'
'dnk_krone_20_1',1911,'none'
'dnk_krone_20_1',1912,'none'
'dnk_krone_20_1',1913,'none'
'dnk_krone_20_1',1914,'none'
'dnk_krone_20_1',1915,'none'
'dnk_krone_20_1',1916,'none'
'dnk_krone_20_1',1917,'none'
'dnk_krone_20_1',1918,'none'
'dnk_krone_20_1',1919,'none'
'dnk_krone_20_1',1920,'none'
'dnk_krone_20_1',1921,'none'
'dnk_krone_20_1',1922,'none'
'dnk_krone_20_1',1923,'none'
'dnk_krone_20_1',1924,'none'
'dnk_krone_20_1',1925,'none'
'dnk_krone_20_1',1926,'none'
'dnk_krone_20_1',1927,'none'
'dnk_krone_20_1',1928,'none'
'dnk_krone_20_1',1929,'none'
'dnk_krone_20_1',1930,'none'
'dnk_krone_20_1',1931,'none'
'dnk_krone_2_1',1874,'none'
'dnk_krone_2_1',1875,'none'
'dnk_krone_2_1',1876,'none'
'dnk_krone_2_1',1877,'none'
'dnk_krone_2_1',1878,'none'
'dnk_krone_2_1',1879,'none'
'dnk_krone_2_1',1880,'none'
'dnk_krone_2_1',1881,'none'
'dnk_krone_2_1',1882,'none'
'dnk_krone_2_1',1883,'none'
'dnk_krone_2_1',1884,'none'
'dnk_krone_2_1',1885,'none'
'dnk_krone_2_1',1886,'none'
'dnk_krone_2_1',1887,'none'
'dnk_krone_2_1',1888,'none'
'dnk_krone_2_1',1889,'none'
'dnk_krone_2_1',1890,'none'
'dnk_krone_2_1',1891,'none'
'dnk_krone_2_1',1892,'none'
'dnk_krone_2_1',1893,'none'
'dnk_krone_2_1',1894,'none'
'dnk_krone_2_1',1895,'none'
'dnk_krone_2_1',1896,'none'
'dnk_krone_2_1',1897,'none'
'dnk_krone_2_1',1898,'none'
'dnk_krone_2_1',1899,'none'
'dnk_krone_2_1',1900,'none'
'dnk_krone_2_1',1901,'none'
'dnk_krone_2_1',1902,'none'
'dnk_krone_2_1',1903,'none'
'dnk_krone_2_1',1904,'none'
'dnk_krone_2_1',1905,'none'
'dnk_krone_2_1',1906,'none'
'dnk_krone_2_1',1907,'none'
'dnk_krone_2_1',1908,'none'
'dnk_krone_2_1',1909,'none'
'dnk_krone_2_1',1910,'none'
'dnk_krone_2_1',1911,'none'
'dnk_krone_2_1',1912,'none'
'dnk_krone_2_1',1913,'none'
'dnk_krone_2_1',1914,'none'
'dnk_krone_2_1',1915,'none'
'dnk_krone_2_1',1916,'none'
'dnk_krone_2_1',1917,'none'
'dnk_krone_2_1',1918,'none'
'dnk_krone_2_1',1919,'none'
'dnk_krone_2_1',1920,'none'
'dnk_krone_2_1',1921,'none'
'dnk_krone_2_1',1922,'none'
'dnk_krone_2_1',1923,'none'
'dnk_krone_2_1',1924,'none'
'dnk_krone_2_1',1925,'none'
'dnk_krone_2_1',1926,'none'
'dnk_krone_2_1',1927,'none'
'dnk_krone_2_1',1928,'none'
'dnk_krone_2_1',1929,'none'
'dnk_krone_2_1',1930,'none'
'dnk_krone_2_1',1931,'none'
'dnk_krone_2_1',1932,'none'
'dnk_krone_2_1',1933,'none'
'dnk_krone_2_1',1934,'none'
'dnk_krone_2_1',1935,'none'
'dnk_krone_2_1',1936,'none'
'dnk_krone_2_1',1937,'none'
'dnk_krone_2_1',1938,'none'
'dnk_krone_2_1',1939,'none'
'dnk_krone_2_1',1940,'none'
'dnk_krone_2_1',1941,'none'
'dnk_krone_2_1',1942,'none'
'dnk_krone_2_1',1943,'none'
'dnk_krone_2_1',1944,'none'
'dnk_krone_2_1',1945,'none'
'dnk_krone_2_1',1946,'none'
'dnk_krone_2_1',1947,'none'
'dnk_krone_2_1',1948,'none'
'dnk_krone_2_1',1949,'none'
'dnk_krone_2_1',1950,'none'
'dnk_krone_2_1',1951,'none'
'dnk_krone_2_1',1952,'none'
'dnk_krone_2_1',1953,'none'
'dnk_krone_2_1',1954,'none'
'dnk_krone_2_1',1955,'none'
'dnk_krone_2_1',1956,'none'
'dnk_krone_2_1',1957,'none'
'dnk_krone_2_1',1958,'none'
'dnk_krone_5_1',1960,'none'
'dnk_krone_5_1',1964,'none'
'dnk_ore_10_1',1874,'none'
'dnk_ore_10_1',1875,'none'
'dnk_ore_10_1',1876,'none'
'dnk_ore_10_1',1877,'none'
'dnk_ore_10_1',1878,'none'
'dnk_ore_10_1',1879,'none'
'dnk_ore_10_1',1880,'none'
'dnk_ore_10_1',1881,'none'
'dnk_ore_10_1',1882,'none'
'dnk_ore_10_1',1883,'none'
'dnk_ore_10_1',1884,'none'
'dnk_ore_10_1',1885,'none'
'dnk_ore_10_1',1886,'none'
'dnk_ore_10_1',1887,'none'
'dnk_ore_10_1',1888,'none'
'dnk_ore_10_1',1889,'none'
'dnk_ore_10_1',1890,'none'
'dnk_ore_10_1',1891,'none'
'dnk_ore_10_1',1892,'none'
'dnk_ore_10_1',1893,'none'
'dnk_ore_10_1',1894,'none'
'dnk_ore_10_1',1895,'none'
'dnk_ore_10_1',1896,'none'
'dnk_ore_10_1',1897,'none'
'dnk_ore_10_1',1898,'none'
'dnk_ore_10_1',1899,'none'
'dnk_ore_10_1',1900,'none'
'dnk_ore_10_1',1901,'none'
'dnk_ore_10_1',1902,'none'
'dnk_ore_10_1',1903,'none'
'dnk_ore_10_1',1904,'none'
'dnk_ore_10_1',1905,'none'
'dnk_ore_10_1',1906,'none'
'dnk_ore_10_1',1907,'none'
'dnk_ore_10_1',1908,'none'
'dnk_ore_10_1',1909,'none'
'dnk_ore_10_1',1910,'none'
'dnk_ore_10_1',1911,'none'
'dnk_ore_10_1',1912,'none'
'dnk_ore_10_1',1913,'none'
'dnk_ore_10_1',1914,'none'
'dnk_ore_10_1',1915,'none'
'dnk_ore_10_1',1916,'none'
'dnk_ore_10_1',1917,'none'
'dnk_ore_10_1',1918,'none'
'dnk_ore_10_1',1919,'none'
'dnk_ore_10_1',1920,'none'
'dnk_ore_10_1',1921,'none'
'dnk_ore_10_1',1922,'none'
'dnk_ore_10_1',1923,'none'
'dnk_ore_10_1',1924,'none'
'dnk_ore_10_1',1925,'none'
'dnk_ore_10_1',1926,'none'
'dnk_ore_10_1',1927,'none'
'dnk_ore_10_1',1928,'none'
'dnk_ore_10_1',1929,'none'
'dnk_ore_10_1',1930,'none'
'dnk_ore_10_1',1931,'none'
'dnk_ore_10_1',1932,'none'
'dnk_ore_10_1',1933,'none'
'dnk_ore_10_1',1934,'none'
'dnk_ore_10_1',1935,'none'
'dnk_ore_10_1',1936,'none'
'dnk_ore_10_1',1937,'none'
'dnk_ore_10_1',1938,'none'
'dnk_ore_10_1',1939,'none'
'dnk_ore_10_1',1940,'none'
'dnk_ore_10_1',1941,'none'
'dnk_ore_10_1',1942,'none'
'dnk_ore_10_1',1943,'none'
'dnk_ore_10_1',1944,'none'
'dnk_ore_10_1',1945,'none'
'dnk_ore_10_1',1946,'none'
'dnk_ore_10_1',1947,'none'
'dnk_ore_10_1',1948,'none'
'dnk_ore_10_1',1949,'none'
'dnk_ore_10_1',1950,'none'
'dnk_ore_10_1',1951,'none'
'dnk_ore_10_1',1952,'none'
'dnk_ore_10_1',1953,'none'
'dnk_ore_10_1',1954,'none'
'dnk_ore_10_1',1955,'none'
'dnk_ore_10_1',1956,'none'
'dnk_ore_10_1',1957,'none'
'dnk_ore_10_1',1958,'none'
'dnk_ore_25_1',1874,'none'
'dnk_ore_25_1',1875,'none'
'dnk_ore_25_1',1876,'none'
'dnk_ore_25_1',1877,'none'
'dnk_ore_25_1',1878,'none'
'dnk_ore_25_1',1879,'none'
'dnk_ore_25_1',1880,'none'
'dnk_ore_25_1',1881,'none'
'dnk_ore_25_1',1882,'none'
'dnk_ore_25_1',1883,'none'
'dnk_ore_25_1',1884,'none'
'dnk_ore_25_1',1885,'none'
'dnk_ore_25_1',1886,'none'
'dnk_ore_25_1',1887,'none'
'dnk_ore_25_1',1888,'none'
'dnk_ore_25_1',1889,'none'
'dnk_ore_25_1',1890,'none'
'dnk_ore_25_1',1891,'none'
'dnk_ore_25_1',1892,'none'
'dnk_ore_25_1',1893,'none'
'dnk_ore_25_1',1894,'none'
'dnk_ore_25_1',1895,'none'
'dnk_ore_25_1',1896,'none'
'dnk_ore_25_1',1897,'none'
'dnk_ore_25_1',1898,'none'
'dnk_ore_25_1',1899,'none'
'dnk_ore_25_1',1900,'none'
'dnk_ore_25_1',1901,'none'
'dnk_ore_25_1',1902,'none'
'dnk_ore_25_1',1903,'none'
'dnk_ore_25_1',1904,'none'
'dnk_ore_25_1',1905,'none'
'dnk_ore_25_1',1906,'none'
'dnk_ore_25_1',1907,'none'
'dnk_ore_25_1',1908,'none'
'dnk_ore_25_1',1909,'none'
'dnk_ore_25_1',1910,'none'
'dnk_ore_25_1',1911,'none'
'dnk_ore_25_1',1912,'none'
'dnk_ore_25_1',1913,'none'
'dnk_ore_25_1',1914,'none'
'dnk_ore_25_1',1915,'none'
'dnk_ore_25_1',1916,'none'
'dnk_ore_25_1',1917,'none'
'dnk_ore_25_1',1918,'none'
'dnk_ore_25_1',1919,'none'
'dnk_ore_25_1',1920,'none'
'dnk_ore_25_1',1921,'none'
'dnk_ore_25_1',1922,'none'
'dnk_ore_25_1',1923,'none'
'dnk_ore_25_1',1924,'none'
'dnk_ore_25_1',1925,'none'
'dnk_ore_25_1',1926,'none'
'dnk_ore_25_1',1927,'none'
'dnk_ore_25_1',1928,'none'
'dnk_ore_25_1',1929,'none'
'dnk_ore_25_1',1930,'none'
'dnk_ore_25_1',1931,'none'
'dnk_ore_25_1',1932,'none'
'dnk_ore_25_1',1933,'none'
'dnk_ore_25_1',1934,'none'
'dnk_ore_25_1',1935,'none'
'dnk_ore_25_1',1936,'none'
'dnk_ore_25_1',1937,'none'
'dnk_ore_25_1',1938,'none'
'dnk_ore_25_1',1939,'none'
'dnk_ore_25_1',1940,'none'
'dnk_ore_25_1',1941,'none'
'dnk_ore_25_1',1942,'none'
'dnk_ore_25_1',1943,'none'
'dnk_ore_25_1',1944,'none'
'dnk_ore_25_1',1945,'none'
'dnk_ore_25_1',1946,'none'
'dnk_ore_25_1',1947,'none'
'dnk_ore_25_1',1948,'none'
'dnk_ore_25_1',1949,'none'
'dnk_ore_25_1',1950,'none'
'dnk_ore_25_1',1951,'none'
'dnk_ore_25_1',1952,'none'
'dnk_ore_25_1',1953,'none'
'dnk_ore_25_1',1954,'none'
'dnk_ore_25_1',1955,'none'
'dnk_ore_25_1',1956,'none'
'dnk_ore_25_1',1957,'none'
'dnk_ore_25_1',1958,'none'
'dnk_ore_50_1',1874,'none'
'dnk_ore_50_1',1875,'none'
'dnk_ore_50_1',1876,'none'
'dnk_ore_50_1',1877,'none'
'dnk_ore_50_1',1878,'none'
'dnk_ore_50_1',1879,'none'
'dnk_ore_50_1',1880,'none'
'dnk_ore_50_1',1881,'none'
'dnk_ore_50_1',1882,'none'
'dnk_ore_50_1',1883,'none'
'dnk_ore_50_1',1884,'none'
'dnk_ore_50_1',1885,'none'
'dnk_ore_50_1',1886,'none'
'dnk_ore_50_1',1887,'none'
'dnk_ore_50_1',1888,'none'
'dnk_ore_50_1',1889,'none'
'dnk_ore_50_1',1890,'none'
'dnk_ore_50_1',1891,'none'
'dnk_ore_50_1',1892,'none'
'dnk_ore_50_1',1893,'none'
'dnk_ore_50_1',1894,'none'
'dnk_ore_50_1',1895,'none'
'dnk_ore_50_1',1896,'none'
'dnk_ore_50_1',1897,'none'
'dnk_ore_50_1',1898,'none'
'dnk_ore_50_1',1899,'none'
'dnk_ore_50_1',1900,'none'
'dnk_ore_50_1',1901,'none'
'dnk_ore_50_1',1902,'none'
'dnk_ore_50_1',1903,'none'
'dnk_ore_50_1',1904,'none'
'dnk_ore_50_1',1905,'none'
'dnk_ore_50_1',1906,'none'
'dnk_ore_50_1',1907,'none'
'dnk_ore_50_1',1908,'none'
'dnk_ore_50_1',1909,'none'
'dnk_ore_50_1',1910,'none'
'dnk_ore_50_1',1911,'none'
'dnk_ore_50_1',1912,'none'
'dnk_ore_50_1',1913,'none'
'dnk_ore_50_1',1914,'none'
'dnk_ore_50_1',1915,'none'
'dnk_ore_50_1',1916,'none'
'dnk_ore_50_1',1917,'none'
'dnk_ore_50_1',1918,'none'
'dnk_ore_50_1',1919,'none'
'dnk_ore_50_1',1920,'none'
'dnk_ore_50_1',1921,'none'
'dnk_ore_50_1',1922,'none'
'dnk_ore_50_1',1923,'none'
'dnk_ore_50_1',1924,'none'
'dnk_ore_50_1',1925,'none'
'dnk_ore_50_1',1926,'none'
'dnk_ore_50_1',1927,'none'
'dnk_ore_50_1',1928,'none'
'dnk_ore_50_1',1929,'none'
'dnk_ore_50_1',1930,'none'
'dnk_ore_50_1',1931,'none'
'dnk_ore_50_1',1932,'none'
'dnk_ore_50_1',1933,'none'
'dnk_ore_50_1',1934,'none'
'dnk_ore_50_1',1935,'none'
'dnk_ore_50_1',1936,'none'
'dnk_ore_50_1',1937,'none'
'dnk_ore_50_1',1938,'none'
'dnk_ore_50_1',1939,'none'
'dnk_ore_50_1',1940,'none'
'dnk_ore_50_1',1941,'none'
'dnk_ore_50_1',1942,'none'
'dnk_ore_50_1',1943,'none'
'dnk_ore_50_1',1944,'none'
'dnk_ore_50_1',1945,'none'
'dnk_ore_50_1',1946,'none'
'dnk_ore_50_1',1947,'none'
'dnk_ore_50_1',1948,'none'
'dnk_ore_50_1',1949,'none'
'dnk_ore_50_1',1950,'none'
'dnk_ore_50_1',1951,'none'
'dnk_ore_50_1',1952,'none'
'dnk_ore_50_1',1953,'none'
'dnk_ore_50_1',1954,'none'
'dnk_ore_50_1',1955,'none'
'dnk_ore_50_1',1956,'none'
'dnk_ore_50_1',1957,'none'
'dnk_ore_50_1',1958,'none'
'ecu_centavo_50_1',1928,'none'
'ecu_centavo_50_1',1929,'none'
'ecu_centavo_50_1',1930,'none'
'ecu_centavo_50_1',1931,'none'
'ecu_centavo_50_1',1932,'none'
'ecu_centavo_50_1',1933,'none'
'ecu_centavo_50_1',1934,'none'
'ecu_centavo_50_1',1935,'none'
'ecu_centavo_50_1',1936,'none'
'ecu_centavo_50_1',1937,'none'
'ecu_centavo_50_1',1938,'none'
'ecu_centavo_50_1',1939,'none'
'ecu_centavo_50_1',1940,'none'
'ecu_centavo_50_1',1941,'none'
'ecu_centavo_50_1',1942,'none'
'ecu_centavo_50_1',1943,'none'
'ecu_centavo_50_1',1944,'none'
'ecu_condor_1_1',1928,'none'
'ecu_decimo_1_1',1884,'none'
'ecu_decimo_1_1',1885,'none'
'ecu_decimo_1_1',1886,'none'
'ecu_decimo_1_1',1887,'none'
'ecu_decimo_1_1',1888,'none'
'ecu_decimo_1_1',1889,'none'
'ecu_decimo_1_1',1890,'none'
'ecu_decimo_1_1',1891,'none'
'ecu_decimo_1_1',1892,'none'
'ecu_decimo_1_1',1893,'none'
'ecu_decimo_1_1',1894,'none'
'ecu_decimo_1_1',1895,'none'
'ecu_decimo_1_1',1896,'none'
'ecu_decimo_1_1',1897,'none'
'ecu_decimo_1_1',1898,'none'
'ecu_decimo_1_1',1899,'none'
'ecu_decimo_1_1',1900,'none'
'ecu_decimo_1_1',1901,'none'
'ecu_decimo_1_1',1902,'none'
'ecu_decimo_1_1',1903,'none'
'ecu_decimo_1_1',1904,'none'
'ecu_decimo_1_1',1905,'none'
'ecu_decimo_1_1',1906,'none'
'ecu_decimo_1_1',1907,'none'
'ecu_decimo_1_1',1908,'none'
'ecu_decimo_1_1',1909,'none'
'ecu_decimo_1_1',1910,'none'
'ecu_decimo_1_1',1911,'none'
'ecu_decimo_1_1',1912,'none'
'ecu_decimo_1_1',1913,'none'
'ecu_decimo_1_1',1914,'none'
'ecu_decimo_1_1',1915,'none'
'ecu_decimo_1_1',1916,'none'
'ecu_decimo_2_1',1884,'none'
'ecu_decimo_2_1',1885,'none'
'ecu_decimo_2_1',1886,'none'
'ecu_decimo_2_1',1887,'none'
'ecu_decimo_2_1',1888,'none'
'ecu_decimo_2_1',1889,'none'
'ecu_decimo_2_1',1890,'none'
'ecu_decimo_2_1',1891,'none'
'ecu_decimo_2_1',1892,'none'
'ecu_decimo_2_1',1893,'none'
'ecu_decimo_2_1',1894,'none'
'ecu_decimo_2_1',1895,'none'
'ecu_decimo_2_1',1896,'none'
'ecu_decimo_2_1',1897,'none'
'ecu_decimo_2_1',1898,'none'
'ecu_decimo_2_1',1899,'none'
'ecu_decimo_2_1',1900,'none'
'ecu_decimo_2_1',1901,'none'
'ecu_decimo_2_1',1902,'none'
'ecu_decimo_2_1',1903,'none'
'ecu_decimo_2_1',1904,'none'
'ecu_decimo_2_1',1905,'none'
'ecu_decimo_2_1',1906,'none'
'ecu_decimo_2_1',1907,'none'
'ecu_decimo_2_1',1908,'none'
'ecu_decimo_2_1',1909,'none'
'ecu_decimo_2_1',1910,'none'
'ecu_decimo_2_1',1911,'none'
'ecu_decimo_2_1',1912,'none'
'ecu_decimo_2_1',1913,'none'
'ecu_decimo_2_1',1914,'none'
'ecu_decimo_2_1',1915,'none'
'ecu_decimo_2_1',1916,'none'
'ecu_decimo_fractional_1_2_1',1884,'none'
'ecu_decimo_fractional_1_2_1',1885,'none'
'ecu_decimo_fractional_1_2_1',1886,'none'
'ecu_decimo_fractional_1_2_1',1887,'none'
'ecu_decimo_fractional_1_2_1',1888,'none'
'ecu_decimo_fractional_1_2_1',1889,'none'
'ecu_decimo_fractional_1_2_1',1890,'none'
'ecu_decimo_fractional_1_2_1',1891,'none'
'ecu_decimo_fractional_1_2_1',1892,'none'
'ecu_decimo_fractional_1_2_1',1893,'none'
'ecu_decimo_fractional_1_2_1',1894,'none'
'ecu_decimo_fractional_1_2_1',1895,'none'
'ecu_decimo_fractional_1_2_1',1896,'none'
'ecu_decimo_fractional_1_2_1',1897,'none'
'ecu_decimo_fractional_1_2_1',1898,'none'
'ecu_decimo_fractional_1_2_1',1899,'none'
'ecu_decimo_fractional_1_2_1',1900,'none'
'ecu_decimo_fractional_1_2_1',1901,'none'
'ecu_decimo_fractional_1_2_1',1902,'none'
'ecu_decimo_fractional_1_2_1',1903,'none'
'ecu_decimo_fractional_1_2_1',1904,'none'
'ecu_decimo_fractional_1_2_1',1905,'none'
'ecu_decimo_fractional_1_2_1',1906,'none'
'ecu_decimo_fractional_1_2_1',1907,'none'
'ecu_decimo_fractional_1_2_1',1908,'none'
'ecu_decimo_fractional_1_2_1',1909,'none'
'ecu_decimo_fractional_1_2_1',1910,'none'
'ecu_decimo_fractional_1_2_1',1911,'none'
'ecu_decimo_fractional_1_2_1',1912,'none'
'ecu_decimo_fractional_1_2_1',1913,'none'
'ecu_decimo_fractional_1_2_1',1914,'none'
'ecu_decimo_fractional_1_2_1',1915,'none'
'ecu_decimo_fractional_1_2_1',1916,'none'
'ecu_sucre_10_1',1899,'none'
'ecu_sucre_10_1',1900,'none'
'ecu_sucre_1_1',1884,'none'
'ecu_sucre_1_1',1885,'none'
'ecu_sucre_1_1',1886,'none'
'ecu_sucre_1_1',1887,'none'
'ecu_sucre_1_1',1888,'none'
'ecu_sucre_1_1',1889,'none'
'ecu_sucre_1_1',1890,'none'
'ecu_sucre_1_1',1891,'none'
'ecu_sucre_1_1',1892,'none'
'ecu_sucre_1_1',1893,'none'
'ecu_sucre_1_1',1894,'none'
'ecu_sucre_1_1',1895,'none'
'ecu_sucre_1_1',1896,'none'
'ecu_sucre_1_1',1897,'none'
'ecu_sucre_1_1',1898,'none'
'ecu_sucre_1_1',1899,'none'
'ecu_sucre_1_1',1900,'none'
'ecu_sucre_1_1',1901,'none'
'ecu_sucre_1_1',1902,'none'
'ecu_sucre_1_1',1903,'none'
'ecu_sucre_1_1',1904,'none'
'ecu_sucre_1_1',1905,'none'
'ecu_sucre_1_1',1906,'none'
'ecu_sucre_1_1',1907,'none'
'ecu_sucre_1_1',1908,'none'
'ecu_sucre_1_1',1909,'none'
'ecu_sucre_1_1',1910,'none'
'ecu_sucre_1_1',1911,'none'
'ecu_sucre_1_1',1912,'none'
'ecu_sucre_1_1',1913,'none'
'ecu_sucre_1_1',1914,'none'
'ecu_sucre_1_1',1915,'none'
'ecu_sucre_1_1',1916,'none'
'ecu_sucre_1_2',1928,'none'
'ecu_sucre_1_2',1929,'none'
'ecu_sucre_1_2',1930,'none'
'ecu_sucre_1_2',1931,'none'
'ecu_sucre_1_2',1932,'none'
'ecu_sucre_1_2',1933,'none'
'ecu_sucre_1_2',1934,'none'
'ecu_sucre_1_2',1935,'none'
'ecu_sucre_1_2',1936,'none'
'ecu_sucre_1_2',1937,'none'
'ecu_sucre_1_2',1938,'none'
'ecu_sucre_1_2',1939,'none'
'ecu_sucre_1_2',1940,'none'
'ecu_sucre_1_2',1941,'none'
'ecu_sucre_1_2',1942,'none'
'ecu_sucre_1_2',1943,'none'
'ecu_sucre_1_2',1944,'none'
'ecu_sucre_2_1',1928,'none'
'ecu_sucre_2_1',1929,'none'
'ecu_sucre_2_1',1930,'none'
'ecu_sucre_2_1',1931,'none'
'ecu_sucre_2_1',1932,'none'
'ecu_sucre_2_1',1933,'none'
'ecu_sucre_2_1',1934,'none'
'ecu_sucre_2_1',1935,'none'
'ecu_sucre_2_1',1936,'none'
'ecu_sucre_2_1',1937,'none'
'ecu_sucre_2_1',1938,'none'
'ecu_sucre_2_1',1939,'none'
'ecu_sucre_2_1',1940,'none'
'ecu_sucre_2_1',1941,'none'
'ecu_sucre_2_1',1942,'none'
'ecu_sucre_2_1',1943,'none'
'ecu_sucre_2_1',1944,'none'
'ecu_sucre_5_1',1928,'none'
'ecu_sucre_5_1',1929,'none'
'ecu_sucre_5_1',1930,'none'
'ecu_sucre_5_1',1931,'none'
'ecu_sucre_5_1',1932,'none'
'ecu_sucre_5_1',1933,'none'
'ecu_sucre_5_1',1934,'none'
'ecu_sucre_5_1',1935,'none'
'ecu_sucre_5_1',1936,'none'
'ecu_sucre_5_1',1937,'none'
'ecu_sucre_5_1',1938,'none'
'ecu_sucre_5_1',1939,'none'
'ecu_sucre_5_1',1940,'none'
'ecu_sucre_5_1',1941,'none'
'ecu_sucre_5_1',1942,'none'
'ecu_sucre_5_1',1943,'none'
'ecu_sucre_5_1',1944,'none'
'ecu_sucre_fractional_1_2_1',1884,'none'
'ecu_sucre_fractional_1_2_1',1885,'none'
'ecu_sucre_fractional_1_2_1',1886,'none'
'ecu_sucre_fractional_1_2_1',1887,'none'
'ecu_sucre_fractional_1_2_1',1888,'none'
'ecu_sucre_fractional_1_2_1',1889,'none'
'ecu_sucre_fractional_1_2_1',1890,'none'
'ecu_sucre_fractional_1_2_1',1891,'none'
'ecu_sucre_fractional_1_2_1',1892,'none'
'ecu_sucre_fractional_1_2_1',1893,'none'
'ecu_sucre_fractional_1_2_1',1894,'none'
'ecu_sucre_fractional_1_2_1',1895,'none'
'ecu_sucre_fractional_1_2_1',1896,'none'
'ecu_sucre_fractional_1_2_1',1897,'none'
'ecu_sucre_fractional_1_2_1',1898,'none'
'ecu_sucre_fractional_1_2_1',1899,'none'
'ecu_sucre_fractional_1_2_1',1900,'none'
'ecu_sucre_fractional_1_2_1',1901,'none'
'ecu_sucre_fractional_1_2_1',1902,'none'
'ecu_sucre_fractional_1_2_1',1903,'none'
'ecu_sucre_fractional_1_2_1',1904,'none'
'ecu_sucre_fractional_1_2_1',1905,'none'
'ecu_sucre_fractional_1_2_1',1906,'none'
'ecu_sucre_fractional_1_2_1',1907,'none'
'ecu_sucre_fractional_1_2_1',1908,'none'
'ecu_sucre_fractional_1_2_1',1909,'none'
'ecu_sucre_fractional_1_2_1',1910,'none'
'ecu_sucre_fractional_1_2_1',1911,'none'
'ecu_sucre_fractional_1_2_1',1912,'none'
'ecu_sucre_fractional_1_2_1',1913,'none'
'ecu_sucre_fractional_1_2_1',1914,'none'
'ecu_sucre_fractional_1_2_1',1915,'none'
'ecu_sucre_fractional_1_2_1',1916,'none'
'egy_ghirsh_100_1',1861,'none'
'egy_ghirsh_100_1',1862,'none'
'egy_ghirsh_100_1',1863,'none'
'egy_ghirsh_100_1',1864,'none'
'egy_ghirsh_100_1',1865,'none'
'egy_ghirsh_100_1',1866,'none'
'egy_ghirsh_100_1',1867,'none'
'egy_ghirsh_100_1',1868,'none'
'egy_ghirsh_100_1',1869,'none'
'egy_ghirsh_100_1',1870,'none'
'egy_ghirsh_100_1',1871,'none'
'egy_ghirsh_100_1',1872,'none'
'egy_ghirsh_100_1',1873,'none'
'egy_ghirsh_100_1',1874,'none'
'egy_ghirsh_100_1',1875,'none'
'egy_ghirsh_100_1',1876,'none'
'egy_ghirsh_100_2',1876,'none'
'egy_ghirsh_100_2',1877,'none'
'egy_ghirsh_100_2',1878,'none'
'egy_ghirsh_100_2',1879,'none'
'egy_ghirsh_100_2',1880,'none'
'egy_ghirsh_100_2',1881,'none'
'egy_ghirsh_100_2',1882,'none'
'egy_ghirsh_100_2',1883,'none'
'egy_ghirsh_100_2',1884,'none'
'egy_ghirsh_100_2',1885,'none'
'egy_ghirsh_100_2',1886,'none'
'egy_ghirsh_100_2',1887,'none'
'egy_ghirsh_100_2',1888,'none'
'egy_ghirsh_100_2',1889,'none'
'egy_ghirsh_100_2',1890,'none'
'egy_ghirsh_100_2',1891,'none'
'egy_ghirsh_100_2',1892,'none'
'egy_ghirsh_100_2',1893,'none'
'egy_ghirsh_100_2',1894,'none'
'egy_ghirsh_100_2',1895,'none'
'egy_ghirsh_100_2',1896,'none'
'egy_ghirsh_100_2',1897,'none'
'egy_ghirsh_100_2',1898,'none'
'egy_ghirsh_100_2',1899,'none'
'egy_ghirsh_100_2',1900,'none'
'egy_ghirsh_100_2',1901,'none'
'egy_ghirsh_100_2',1902,'none'
'egy_ghirsh_100_2',1903,'none'
'egy_ghirsh_100_2',1904,'none'
'egy_ghirsh_100_2',1905,'none'
'egy_ghirsh_100_2',1906,'none'
'egy_ghirsh_100_2',1907,'none'
'egy_ghirsh_100_2',1908,'none'
'egy_ghirsh_100_2',1909,'none'
'egy_ghirsh_100_3',1876,'none'
'egy_ghirsh_100_3',1877,'none'
'egy_ghirsh_100_3',1878,'none'
'egy_ghirsh_100_3',1879,'none'
'egy_ghirsh_100_3',1880,'none'
'egy_ghirsh_100_3',1881,'none'
'egy_ghirsh_100_3',1882,'none'
'egy_ghirsh_100_3',1883,'none'
'egy_ghirsh_100_3',1884,'none'
'egy_ghirsh_100_3',1885,'none'
'egy_ghirsh_100_3',1886,'none'
'egy_ghirsh_100_3',1887,'none'
'egy_ghirsh_100_3',1888,'none'
'egy_ghirsh_100_3',1889,'none'
'egy_ghirsh_100_3',1890,'none'
'egy_ghirsh_100_3',1891,'none'
'egy_ghirsh_100_3',1892,'none'
'egy_ghirsh_100_3',1893,'none'
'egy_ghirsh_100_3',1894,'none'
'egy_ghirsh_100_3',1895,'none'
'egy_ghirsh_100_3',1896,'none'
'egy_ghirsh_100_3',1897,'none'
'egy_ghirsh_100_3',1898,'none'
'egy_ghirsh_100_3',1899,'none'
'egy_ghirsh_100_3',1900,'none'
'egy_ghirsh_100_3',1901,'none'
'egy_ghirsh_100_3',1902,'none'
'egy_ghirsh_100_3',1903,'none'
'egy_ghirsh_100_3',1904,'none'
'egy_ghirsh_100_3',1905,'none'
'egy_ghirsh_100_3',1906,'none'
'egy_ghirsh_100_3',1907,'none'
'egy_ghirsh_100_3',1908,'none'
'egy_ghirsh_100_3',1909,'none'
'egy_ghirsh_100_4',1876,'none'
'egy_ghirsh_100_4',1877,'none'
'egy_ghirsh_100_4',1878,'none'
'egy_ghirsh_100_4',1879,'none'
'egy_ghirsh_100_4',1880,'none'
'egy_ghirsh_100_4',1881,'none'
'egy_ghirsh_100_4',1882,'none'
'egy_ghirsh_100_4',1883,'none'
'egy_ghirsh_100_4',1884,'none'
'egy_ghirsh_100_4',1885,'none'
'egy_ghirsh_100_4',1886,'none'
'egy_ghirsh_100_4',1887,'none'
'egy_ghirsh_100_4',1888,'none'
'egy_ghirsh_100_4',1889,'none'
'egy_ghirsh_100_4',1890,'none'
'egy_ghirsh_100_4',1891,'none'
'egy_ghirsh_100_4',1892,'none'
'egy_ghirsh_100_4',1893,'none'
'egy_ghirsh_100_4',1894,'none'
'egy_ghirsh_100_4',1895,'none'
'egy_ghirsh_100_4',1896,'none'
'egy_ghirsh_100_4',1897,'none'
'egy_ghirsh_100_4',1898,'none'
'egy_ghirsh_100_4',1899,'none'
'egy_ghirsh_100_4',1900,'none'
'egy_ghirsh_100_4',1901,'none'
'egy_ghirsh_100_4',1902,'none'
'egy_ghirsh_100_4',1903,'none'
'egy_ghirsh_100_4',1904,'none'
'egy_ghirsh_100_4',1905,'none'
'egy_ghirsh_100_4',1906,'none'
'egy_ghirsh_100_4',1907,'none'
'egy_ghirsh_100_4',1908,'none'
'egy_ghirsh_100_4',1909,'none'
'egy_ghirsh_100_5',1916,'none'
'egy_ghirsh_100_5',1917,'none'
'egy_ghirsh_100_5',1918,'none'
'egy_ghirsh_100_5',1919,'none'
'egy_ghirsh_100_5',1920,'none'
'egy_ghirsh_100_5',1921,'none'
'egy_ghirsh_100_5',1922,'none'
'egy_ghirsh_100_5',1923,'none'
'egy_ghirsh_100_5',1924,'none'
'egy_ghirsh_100_5',1925,'none'
'egy_ghirsh_100_5',1926,'none'
'egy_ghirsh_100_5',1927,'none'
'egy_ghirsh_100_5',1928,'none'
'egy_ghirsh_100_5',1929,'none'
'egy_ghirsh_100_5',1930,'none'
'egy_ghirsh_100_5',1931,'none'
'egy_ghirsh_100_5',1932,'none'
'egy_ghirsh_100_5',1933,'none'
'egy_ghirsh_100_5',1934,'none'
'egy_ghirsh_100_5',1935,'none'
'egy_ghirsh_100_5',1936,'none'
'egy_ghirsh_100_5',1937,'none'
'egy_ghirsh_100_5',1938,'none'
'egy_ghirsh_10_1',1885,'none'
'egy_ghirsh_10_1',1886,'none'
'egy_ghirsh_10_1',1887,'none'
'egy_ghirsh_10_1',1888,'none'
'egy_ghirsh_10_1',1889,'none'
'egy_ghirsh_10_1',1890,'none'
'egy_ghirsh_10_1',1891,'none'
'egy_ghirsh_10_1',1892,'none'
'egy_ghirsh_10_1',1893,'none'
'egy_ghirsh_10_1',1894,'none'
'egy_ghirsh_10_1',1895,'none'
'egy_ghirsh_10_1',1896,'none'
'egy_ghirsh_10_1',1897,'none'
'egy_ghirsh_10_1',1898,'none'
'egy_ghirsh_10_1',1899,'none'
'egy_ghirsh_10_1',1900,'none'
'egy_ghirsh_10_1',1901,'none'
'egy_ghirsh_10_1',1902,'none'
'egy_ghirsh_10_1',1903,'none'
'egy_ghirsh_10_1',1904,'none'
'egy_ghirsh_10_1',1905,'none'
'egy_ghirsh_10_1',1906,'none'
'egy_ghirsh_10_1',1907,'none'
'egy_ghirsh_10_1',1908,'none'
'egy_ghirsh_10_1',1909,'none'
'egy_ghirsh_10_1',1910,'none'
'egy_ghirsh_10_1',1911,'none'
'egy_ghirsh_10_1',1912,'none'
'egy_ghirsh_10_1',1913,'none'
'egy_ghirsh_10_1',1914,'none'
'egy_ghirsh_10_1',1915,'none'
'egy_ghirsh_10_1',1916,'none'
'egy_ghirsh_10_1',1917,'none'
'egy_ghirsh_10_1',1918,'none'
'egy_ghirsh_10_1',1919,'none'
'egy_ghirsh_10_1',1920,'none'
'egy_ghirsh_10_1',1921,'none'
'egy_ghirsh_10_1',1922,'none'
'egy_ghirsh_10_1',1923,'none'
'egy_ghirsh_10_1',1924,'none'
'egy_ghirsh_10_1',1925,'none'
'egy_ghirsh_10_1',1926,'none'
'egy_ghirsh_10_1',1927,'none'
'egy_ghirsh_10_1',1928,'none'
'egy_ghirsh_10_1',1929,'none'
'egy_ghirsh_10_1',1930,'none'
'egy_ghirsh_10_1',1931,'none'
'egy_ghirsh_10_1',1932,'none'
'egy_ghirsh_10_1',1933,'none'
'egy_ghirsh_10_1',1934,'none'
'egy_ghirsh_10_1',1935,'none'
'egy_ghirsh_10_1',1936,'none'
'egy_ghirsh_10_1',1937,'none'
'egy_ghirsh_10_1',1938,'none'
'egy_ghirsh_10_1',1939,'none'
'egy_ghirsh_10_1',1940,'none'
'egy_ghirsh_10_1',1941,'none'
'egy_ghirsh_10_1',1942,'none'
'egy_ghirsh_10_2',1955,'none'
'egy_ghirsh_10_2',1956,'none'
'egy_ghirsh_10_2',1957,'none'
'egy_ghirsh_10_3',1955,'none'
'egy_ghirsh_10_3',1956,'none'
'egy_ghirsh_10_3',1957,'none'
'egy_ghirsh_10_4',1861,'none'
'egy_ghirsh_10_4',1862,'none'
'egy_ghirsh_10_4',1863,'none'
'egy_ghirsh_10_4',1864,'none'
'egy_ghirsh_10_4',1865,'none'
'egy_ghirsh_10_4',1866,'none'
'egy_ghirsh_10_4',1867,'none'
'egy_ghirsh_10_4',1868,'none'
'egy_ghirsh_10_4',1869,'none'
'egy_ghirsh_10_4',1870,'none'
'egy_ghirsh_10_4',1871,'none'
'egy_ghirsh_10_4',1872,'none'
'egy_ghirsh_10_4',1873,'none'
'egy_ghirsh_10_4',1874,'none'
'egy_ghirsh_10_4',1875,'none'
'egy_ghirsh_10_4',1876,'none'
'egy_ghirsh_10_5',1876,'none'
'egy_ghirsh_10_5',1877,'none'
'egy_ghirsh_10_5',1878,'none'
'egy_ghirsh_10_5',1879,'none'
'egy_ghirsh_10_5',1880,'none'
'egy_ghirsh_10_5',1881,'none'
'egy_ghirsh_10_5',1882,'none'
'egy_ghirsh_10_5',1883,'none'
'egy_ghirsh_10_5',1884,'none'
'egy_ghirsh_10_5',1885,'none'
'egy_ghirsh_10_5',1886,'none'
'egy_ghirsh_10_5',1887,'none'
'egy_ghirsh_10_5',1888,'none'
'egy_ghirsh_10_5',1889,'none'
'egy_ghirsh_10_5',1890,'none'
'egy_ghirsh_10_5',1891,'none'
'egy_ghirsh_10_5',1892,'none'
'egy_ghirsh_10_5',1893,'none'
'egy_ghirsh_10_5',1894,'none'
'egy_ghirsh_10_5',1895,'none'
'egy_ghirsh_10_5',1896,'none'
'egy_ghirsh_10_5',1897,'none'
'egy_ghirsh_10_5',1898,'none'
'egy_ghirsh_10_5',1899,'none'
'egy_ghirsh_10_5',1900,'none'
'egy_ghirsh_10_5',1901,'none'
'egy_ghirsh_10_5',1902,'none'
'egy_ghirsh_10_5',1903,'none'
'egy_ghirsh_10_5',1904,'none'
'egy_ghirsh_10_5',1905,'none'
'egy_ghirsh_10_5',1906,'none'
'egy_ghirsh_10_5',1907,'none'
'egy_ghirsh_10_5',1908,'none'
'egy_ghirsh_10_5',1909,'none'
'egy_ghirsh_1_1',1885,'none'
'egy_ghirsh_1_1',1886,'none'
'egy_ghirsh_1_1',1887,'none'
'egy_ghirsh_1_1',1888,'none'
'egy_ghirsh_1_1',1889,'none'
'egy_ghirsh_1_1',1890,'none'
'egy_ghirsh_1_1',1891,'none'
'egy_ghirsh_1_1',1892,'none'
'egy_ghirsh_1_1',1893,'none'
'egy_ghirsh_1_1',1894,'none'
'egy_ghirsh_1_1',1895,'none'
'egy_ghirsh_1_1',1896,'none'
'egy_ghirsh_1_1',1897,'none'
'egy_ghirsh_1_1',1898,'none'
'egy_ghirsh_1_1',1899,'none'
'egy_ghirsh_1_1',1900,'none'
'egy_ghirsh_1_1',1901,'none'
'egy_ghirsh_1_1',1902,'none'
'egy_ghirsh_1_1',1903,'none'
'egy_ghirsh_1_1',1904,'none'
'egy_ghirsh_1_1',1905,'none'
'egy_ghirsh_1_1',1906,'none'
'egy_ghirsh_1_1',1907,'none'
'egy_ghirsh_1_1',1908,'none'
'egy_ghirsh_1_1',1909,'none'
'egy_ghirsh_1_1',1910,'none'
'egy_ghirsh_1_1',1911,'none'
'egy_ghirsh_1_1',1912,'none'
'egy_ghirsh_1_1',1913,'none'
'egy_ghirsh_1_1',1914,'none'
'egy_ghirsh_1_1',1915,'none'
'egy_ghirsh_1_1',1916,'none'
'egy_ghirsh_1_1',1917,'none'
'egy_ghirsh_1_1',1918,'none'
'egy_ghirsh_1_1',1919,'none'
'egy_ghirsh_1_1',1920,'none'
'egy_ghirsh_1_1',1921,'none'
'egy_ghirsh_1_1',1922,'none'
'egy_ghirsh_1_1',1923,'none'
'egy_ghirsh_1_1',1924,'none'
'egy_ghirsh_1_1',1925,'none'
'egy_ghirsh_1_1',1926,'none'
'egy_ghirsh_1_1',1927,'none'
'egy_ghirsh_1_1',1928,'none'
'egy_ghirsh_1_1',1929,'none'
'egy_ghirsh_1_1',1930,'none'
'egy_ghirsh_1_1',1931,'none'
'egy_ghirsh_1_1',1932,'none'
'egy_ghirsh_1_1',1933,'none'
'egy_ghirsh_1_1',1934,'none'
'egy_ghirsh_1_1',1935,'none'
'egy_ghirsh_1_1',1936,'none'
'egy_ghirsh_1_1',1937,'none'
'egy_ghirsh_1_1',1938,'none'
'egy_ghirsh_1_1',1939,'none'
'egy_ghirsh_1_1',1940,'none'
'egy_ghirsh_1_1',1941,'none'
'egy_ghirsh_1_1',1942,'none'
'egy_ghirsh_20_1',1885,'none'
'egy_ghirsh_20_1',1886,'none'
'egy_ghirsh_20_1',1887,'none'
'egy_ghirsh_20_1',1888,'none'
'egy_ghirsh_20_1',1889,'none'
'egy_ghirsh_20_1',1890,'none'
'egy_ghirsh_20_1',1891,'none'
'egy_ghirsh_20_1',1892,'none'
'egy_ghirsh_20_1',1893,'none'
'egy_ghirsh_20_1',1894,'none'
'egy_ghirsh_20_1',1895,'none'
'egy_ghirsh_20_1',1896,'none'
'egy_ghirsh_20_1',1897,'none'
'egy_ghirsh_20_1',1898,'none'
'egy_ghirsh_20_1',1899,'none'
'egy_ghirsh_20_1',1900,'none'
'egy_ghirsh_20_1',1901,'none'
'egy_ghirsh_20_1',1902,'none'
'egy_ghirsh_20_1',1903,'none'
'egy_ghirsh_20_1',1904,'none'
'egy_ghirsh_20_1',1905,'none'
'egy_ghirsh_20_1',1906,'none'
'egy_ghirsh_20_1',1907,'none'
'egy_ghirsh_20_1',1908,'none'
'egy_ghirsh_20_1',1909,'none'
'egy_ghirsh_20_1',1910,'none'
'egy_ghirsh_20_1',1911,'none'
'egy_ghirsh_20_1',1912,'none'
'egy_ghirsh_20_1',1913,'none'
'egy_ghirsh_20_1',1914,'none'
'egy_ghirsh_20_1',1915,'none'
'egy_ghirsh_20_1',1916,'none'
'egy_ghirsh_20_1',1917,'none'
'egy_ghirsh_20_1',1918,'none'
'egy_ghirsh_20_1',1919,'none'
'egy_ghirsh_20_1',1920,'none'
'egy_ghirsh_20_1',1921,'none'
'egy_ghirsh_20_1',1922,'none'
'egy_ghirsh_20_1',1923,'none'
'egy_ghirsh_20_1',1924,'none'
'egy_ghirsh_20_1',1925,'none'
'egy_ghirsh_20_1',1926,'none'
'egy_ghirsh_20_1',1927,'none'
'egy_ghirsh_20_1',1928,'none'
'egy_ghirsh_20_1',1929,'none'
'egy_ghirsh_20_1',1930,'none'
'egy_ghirsh_20_1',1931,'none'
'egy_ghirsh_20_1',1932,'none'
'egy_ghirsh_20_1',1933,'none'
'egy_ghirsh_20_1',1934,'none'
'egy_ghirsh_20_1',1935,'none'
'egy_ghirsh_20_1',1936,'none'
'egy_ghirsh_20_1',1937,'none'
'egy_ghirsh_20_1',1938,'none'
'egy_ghirsh_20_1',1939,'none'
'egy_ghirsh_20_1',1940,'none'
'egy_ghirsh_20_1',1941,'none'
'egy_ghirsh_20_1',1942,'none'
'egy_ghirsh_20_2',1955,'none'
'egy_ghirsh_20_2',1956,'none'
'egy_ghirsh_20_2',1957,'none'
'egy_ghirsh_20_3',1916,'none'
'egy_ghirsh_20_3',1917,'none'
'egy_ghirsh_20_3',1918,'none'
'egy_ghirsh_20_3',1919,'none'
'egy_ghirsh_20_3',1920,'none'
'egy_ghirsh_20_3',1921,'none'
'egy_ghirsh_20_3',1922,'none'
'egy_ghirsh_20_3',1923,'none'
'egy_ghirsh_20_3',1924,'none'
'egy_ghirsh_20_3',1925,'none'
'egy_ghirsh_20_3',1926,'none'
'egy_ghirsh_20_3',1927,'none'
'egy_ghirsh_20_3',1928,'none'
'egy_ghirsh_20_3',1929,'none'
'egy_ghirsh_20_3',1930,'none'
'egy_ghirsh_20_3',1931,'none'
'egy_ghirsh_20_3',1932,'none'
'egy_ghirsh_20_3',1933,'none'
'egy_ghirsh_20_3',1934,'none'
'egy_ghirsh_20_3',1935,'none'
'egy_ghirsh_20_3',1936,'none'
'egy_ghirsh_20_3',1937,'none'
'egy_ghirsh_20_3',1938,'none'
'egy_ghirsh_25_1',1955,'none'
'egy_ghirsh_25_1',1956,'none'
'egy_ghirsh_25_1',1957,'none'
'egy_ghirsh_25_2',1861,'none'
'egy_ghirsh_25_2',1862,'none'
'egy_ghirsh_25_2',1863,'none'
'egy_ghirsh_25_2',1864,'none'
'egy_ghirsh_25_2',1865,'none'
'egy_ghirsh_25_2',1866,'none'
'egy_ghirsh_25_2',1867,'none'
'egy_ghirsh_25_2',1868,'none'
'egy_ghirsh_25_2',1869,'none'
'egy_ghirsh_25_2',1870,'none'
'egy_ghirsh_25_2',1871,'none'
'egy_ghirsh_25_2',1872,'none'
'egy_ghirsh_25_2',1873,'none'
'egy_ghirsh_25_2',1874,'none'
'egy_ghirsh_25_2',1875,'none'
'egy_ghirsh_25_2',1876,'none'
'egy_ghirsh_25_3',1876,'none'
'egy_ghirsh_25_3',1877,'none'
'egy_ghirsh_25_3',1878,'none'
'egy_ghirsh_25_3',1879,'none'
'egy_ghirsh_25_3',1880,'none'
'egy_ghirsh_25_3',1881,'none'
'egy_ghirsh_25_3',1882,'none'
'egy_ghirsh_25_3',1883,'none'
'egy_ghirsh_25_3',1884,'none'
'egy_ghirsh_25_3',1885,'none'
'egy_ghirsh_25_3',1886,'none'
'egy_ghirsh_25_3',1887,'none'
'egy_ghirsh_25_3',1888,'none'
'egy_ghirsh_25_3',1889,'none'
'egy_ghirsh_25_3',1890,'none'
'egy_ghirsh_25_3',1891,'none'
'egy_ghirsh_25_3',1892,'none'
'egy_ghirsh_25_3',1893,'none'
'egy_ghirsh_25_3',1894,'none'
'egy_ghirsh_25_3',1895,'none'
'egy_ghirsh_25_3',1896,'none'
'egy_ghirsh_25_3',1897,'none'
'egy_ghirsh_25_3',1898,'none'
'egy_ghirsh_25_3',1899,'none'
'egy_ghirsh_25_3',1900,'none'
'egy_ghirsh_25_3',1901,'none'
'egy_ghirsh_25_3',1902,'none'
'egy_ghirsh_25_3',1903,'none'
'egy_ghirsh_25_3',1904,'none'
'egy_ghirsh_25_3',1905,'none'
'egy_ghirsh_25_3',1906,'none'
'egy_ghirsh_25_3',1907,'none'
'egy_ghirsh_25_3',1908,'none'
'egy_ghirsh_25_3',1909,'none'
'egy_ghirsh_2_1',1885,'none'
'egy_ghirsh_2_1',1886,'none'
'egy_ghirsh_2_1',1887,'none'
'egy_ghirsh_2_1',1888,'none'
'egy_ghirsh_2_1',1889,'none'
'egy_ghirsh_2_1',1890,'none'
'egy_ghirsh_2_1',1891,'none'
'egy_ghirsh_2_1',1892,'none'
'egy_ghirsh_2_1',1893,'none'
'egy_ghirsh_2_1',1894,'none'
'egy_ghirsh_2_1',1895,'none'
'egy_ghirsh_2_1',1896,'none'
'egy_ghirsh_2_1',1897,'none'
'egy_ghirsh_2_1',1898,'none'
'egy_ghirsh_2_1',1899,'none'
'egy_ghirsh_2_1',1900,'none'
'egy_ghirsh_2_1',1901,'none'
'egy_ghirsh_2_1',1902,'none'
'egy_ghirsh_2_1',1903,'none'
'egy_ghirsh_2_1',1904,'none'
'egy_ghirsh_2_1',1905,'none'
'egy_ghirsh_2_1',1906,'none'
'egy_ghirsh_2_1',1907,'none'
'egy_ghirsh_2_1',1908,'none'
'egy_ghirsh_2_1',1909,'none'
'egy_ghirsh_2_1',1910,'none'
'egy_ghirsh_2_1',1911,'none'
'egy_ghirsh_2_1',1912,'none'
'egy_ghirsh_2_1',1913,'none'
'egy_ghirsh_2_1',1914,'none'
'egy_ghirsh_2_1',1915,'none'
'egy_ghirsh_2_1',1916,'none'
'egy_ghirsh_2_1',1917,'none'
'egy_ghirsh_2_1',1918,'none'
'egy_ghirsh_2_1',1919,'none'
'egy_ghirsh_2_1',1920,'none'
'egy_ghirsh_2_1',1921,'none'
'egy_ghirsh_2_1',1922,'none'
'egy_ghirsh_2_1',1923,'none'
'egy_ghirsh_2_1',1924,'none'
'egy_ghirsh_2_1',1925,'none'
'egy_ghirsh_2_1',1926,'none'
'egy_ghirsh_2_1',1927,'none'
'egy_ghirsh_2_1',1928,'none'
'egy_ghirsh_2_1',1929,'none'
'egy_ghirsh_2_1',1930,'none'
'egy_ghirsh_2_1',1931,'none'
'egy_ghirsh_2_1',1932,'none'
'egy_ghirsh_2_1',1933,'none'
'egy_ghirsh_2_1',1934,'none'
'egy_ghirsh_2_1',1935,'none'
'egy_ghirsh_2_1',1936,'none'
'egy_ghirsh_2_1',1937,'none'
'egy_ghirsh_2_1',1938,'none'
'egy_ghirsh_2_1',1939,'none'
'egy_ghirsh_2_1',1940,'none'
'egy_ghirsh_2_1',1941,'none'
'egy_ghirsh_2_1',1942,'none'
'egy_ghirsh_2_2',1944,'none'
'egy_ghirsh_500_1',1861,'none'
'egy_ghirsh_500_1',1862,'none'
'egy_ghirsh_500_1',1863,'none'
'egy_ghirsh_500_1',1864,'none'
'egy_ghirsh_500_1',1865,'none'
'egy_ghirsh_500_1',1866,'none'
'egy_ghirsh_500_1',1867,'none'
'egy_ghirsh_500_1',1868,'none'
'egy_ghirsh_500_1',1869,'none'
'egy_ghirsh_500_1',1870,'none'
'egy_ghirsh_500_1',1871,'none'
'egy_ghirsh_500_1',1872,'none'
'egy_ghirsh_500_1',1873,'none'
'egy_ghirsh_500_1',1874,'none'
'egy_ghirsh_500_1',1875,'none'
'egy_ghirsh_500_1',1876,'none'
'egy_ghirsh_500_2',1876,'none'
'egy_ghirsh_500_2',1877,'none'
'egy_ghirsh_500_2',1878,'none'
'egy_ghirsh_500_2',1879,'none'
'egy_ghirsh_500_2',1880,'none'
'egy_ghirsh_500_2',1881,'none'
'egy_ghirsh_500_2',1882,'none'
'egy_ghirsh_500_2',1883,'none'
'egy_ghirsh_500_2',1884,'none'
'egy_ghirsh_500_2',1885,'none'
'egy_ghirsh_500_2',1886,'none'
'egy_ghirsh_500_2',1887,'none'
'egy_ghirsh_500_2',1888,'none'
'egy_ghirsh_500_2',1889,'none'
'egy_ghirsh_500_2',1890,'none'
'egy_ghirsh_500_2',1891,'none'
'egy_ghirsh_500_2',1892,'none'
'egy_ghirsh_500_2',1893,'none'
'egy_ghirsh_500_2',1894,'none'
'egy_ghirsh_500_2',1895,'none'
'egy_ghirsh_500_2',1896,'none'
'egy_ghirsh_500_2',1897,'none'
'egy_ghirsh_500_2',1898,'none'
'egy_ghirsh_500_2',1899,'none'
'egy_ghirsh_500_2',1900,'none'
'egy_ghirsh_500_2',1901,'none'
'egy_ghirsh_500_2',1902,'none'
'egy_ghirsh_500_2',1903,'none'
'egy_ghirsh_500_2',1904,'none'
'egy_ghirsh_500_2',1905,'none'
'egy_ghirsh_500_2',1906,'none'
'egy_ghirsh_500_2',1907,'none'
'egy_ghirsh_500_2',1908,'none'
'egy_ghirsh_500_2',1909,'none'
'egy_ghirsh_500_3',1916,'none'
'egy_ghirsh_500_3',1917,'none'
'egy_ghirsh_500_3',1918,'none'
'egy_ghirsh_500_3',1919,'none'
'egy_ghirsh_500_3',1920,'none'
'egy_ghirsh_500_3',1921,'none'
'egy_ghirsh_500_3',1922,'none'
'egy_ghirsh_500_3',1923,'none'
'egy_ghirsh_500_3',1924,'none'
'egy_ghirsh_500_3',1925,'none'
'egy_ghirsh_500_3',1926,'none'
'egy_ghirsh_500_3',1927,'none'
'egy_ghirsh_500_3',1928,'none'
'egy_ghirsh_500_3',1929,'none'
'egy_ghirsh_500_3',1930,'none'
'egy_ghirsh_500_3',1931,'none'
'egy_ghirsh_500_3',1932,'none'
'egy_ghirsh_500_3',1933,'none'
'egy_ghirsh_500_3',1934,'none'
'egy_ghirsh_500_3',1935,'none'
'egy_ghirsh_500_3',1936,'none'
'egy_ghirsh_500_3',1937,'none'
'egy_ghirsh_500_3',1938,'none'
'egy_ghirsh_50_1',1955,'none'
'egy_ghirsh_50_1',1956,'none'
'egy_ghirsh_50_1',1957,'none'
'egy_ghirsh_50_2',1861,'none'
'egy_ghirsh_50_2',1862,'none'
'egy_ghirsh_50_2',1863,'none'
'egy_ghirsh_50_2',1864,'none'
'egy_ghirsh_50_2',1865,'none'
'egy_ghirsh_50_2',1866,'none'
'egy_ghirsh_50_2',1867,'none'
'egy_ghirsh_50_2',1868,'none'
'egy_ghirsh_50_2',1869,'none'
'egy_ghirsh_50_2',1870,'none'
'egy_ghirsh_50_2',1871,'none'
'egy_ghirsh_50_2',1872,'none'
'egy_ghirsh_50_2',1873,'none'
'egy_ghirsh_50_2',1874,'none'
'egy_ghirsh_50_2',1875,'none'
'egy_ghirsh_50_2',1876,'none'
'egy_ghirsh_50_3',1876,'none'
'egy_ghirsh_50_3',1877,'none'
'egy_ghirsh_50_3',1878,'none'
'egy_ghirsh_50_3',1879,'none'
'egy_ghirsh_50_3',1880,'none'
'egy_ghirsh_50_3',1881,'none'
'egy_ghirsh_50_3',1882,'none'
'egy_ghirsh_50_3',1883,'none'
'egy_ghirsh_50_3',1884,'none'
'egy_ghirsh_50_3',1885,'none'
'egy_ghirsh_50_3',1886,'none'
'egy_ghirsh_50_3',1887,'none'
'egy_ghirsh_50_3',1888,'none'
'egy_ghirsh_50_3',1889,'none'
'egy_ghirsh_50_3',1890,'none'
'egy_ghirsh_50_3',1891,'none'
'egy_ghirsh_50_3',1892,'none'
'egy_ghirsh_50_3',1893,'none'
'egy_ghirsh_50_3',1894,'none'
'egy_ghirsh_50_3',1895,'none'
'egy_ghirsh_50_3',1896,'none'
'egy_ghirsh_50_3',1897,'none'
'egy_ghirsh_50_3',1898,'none'
'egy_ghirsh_50_3',1899,'none'
'egy_ghirsh_50_3',1900,'none'
'egy_ghirsh_50_3',1901,'none'
'egy_ghirsh_50_3',1902,'none'
'egy_ghirsh_50_3',1903,'none'
'egy_ghirsh_50_3',1904,'none'
'egy_ghirsh_50_3',1905,'none'
'egy_ghirsh_50_3',1906,'none'
'egy_ghirsh_50_3',1907,'none'
'egy_ghirsh_50_3',1908,'none'
'egy_ghirsh_50_3',1909,'none'
'egy_ghirsh_50_4',1916,'none'
'egy_ghirsh_50_4',1917,'none'
'egy_ghirsh_50_4',1918,'none'
'egy_ghirsh_50_4',1919,'none'
'egy_ghirsh_50_4',1920,'none'
'egy_ghirsh_50_4',1921,'none'
'egy_ghirsh_50_4',1922,'none'
'egy_ghirsh_50_4',1923,'none'
'egy_ghirsh_50_4',1924,'none'
'egy_ghirsh_50_4',1925,'none'
'egy_ghirsh_50_4',1926,'none'
'egy_ghirsh_50_4',1927,'none'
'egy_ghirsh_50_4',1928,'none'
'egy_ghirsh_50_4',1929,'none'
'egy_ghirsh_50_4',1930,'none'
'egy_ghirsh_50_4',1931,'none'
'egy_ghirsh_50_4',1932,'none'
'egy_ghirsh_50_4',1933,'none'
'egy_ghirsh_50_4',1934,'none'
'egy_ghirsh_50_4',1935,'none'
'egy_ghirsh_50_4',1936,'none'
'egy_ghirsh_50_4',1937,'none'
'egy_ghirsh_50_4',1938,'none'
'egy_ghirsh_5_1',1885,'none'
'egy_ghirsh_5_1',1886,'none'
'egy_ghirsh_5_1',1887,'none'
'egy_ghirsh_5_1',1888,'none'
'egy_ghirsh_5_1',1889,'none'
'egy_ghirsh_5_1',1890,'none'
'egy_ghirsh_5_1',1891,'none'
'egy_ghirsh_5_1',1892,'none'
'egy_ghirsh_5_1',1893,'none'
'egy_ghirsh_5_1',1894,'none'
'egy_ghirsh_5_1',1895,'none'
'egy_ghirsh_5_1',1896,'none'
'egy_ghirsh_5_1',1897,'none'
'egy_ghirsh_5_1',1898,'none'
'egy_ghirsh_5_1',1899,'none'
'egy_ghirsh_5_1',1900,'none'
'egy_ghirsh_5_1',1901,'none'
'egy_ghirsh_5_1',1902,'none'
'egy_ghirsh_5_1',1903,'none'
'egy_ghirsh_5_1',1904,'none'
'egy_ghirsh_5_1',1905,'none'
'egy_ghirsh_5_1',1906,'none'
'egy_ghirsh_5_1',1907,'none'
'egy_ghirsh_5_1',1908,'none'
'egy_ghirsh_5_1',1909,'none'
'egy_ghirsh_5_1',1910,'none'
'egy_ghirsh_5_1',1911,'none'
'egy_ghirsh_5_1',1912,'none'
'egy_ghirsh_5_1',1913,'none'
'egy_ghirsh_5_1',1914,'none'
'egy_ghirsh_5_1',1915,'none'
'egy_ghirsh_5_1',1916,'none'
'egy_ghirsh_5_1',1917,'none'
'egy_ghirsh_5_1',1918,'none'
'egy_ghirsh_5_1',1919,'none'
'egy_ghirsh_5_1',1920,'none'
'egy_ghirsh_5_1',1921,'none'
'egy_ghirsh_5_1',1922,'none'
'egy_ghirsh_5_1',1923,'none'
'egy_ghirsh_5_1',1924,'none'
'egy_ghirsh_5_1',1925,'none'
'egy_ghirsh_5_1',1926,'none'
'egy_ghirsh_5_1',1927,'none'
'egy_ghirsh_5_1',1928,'none'
'egy_ghirsh_5_1',1929,'none'
'egy_ghirsh_5_1',1930,'none'
'egy_ghirsh_5_1',1931,'none'
'egy_ghirsh_5_1',1932,'none'
'egy_ghirsh_5_1',1933,'none'
'egy_ghirsh_5_1',1934,'none'
'egy_ghirsh_5_1',1935,'none'
'egy_ghirsh_5_1',1936,'none'
'egy_ghirsh_5_1',1937,'none'
'egy_ghirsh_5_1',1938,'none'
'egy_ghirsh_5_1',1939,'none'
'egy_ghirsh_5_1',1940,'none'
'egy_ghirsh_5_1',1941,'none'
'egy_ghirsh_5_1',1942,'none'
'egy_ghirsh_5_2',1955,'none'
'egy_ghirsh_5_2',1956,'none'
'egy_ghirsh_5_2',1957,'none'
'egy_ghirsh_5_3',1861,'none'
'egy_ghirsh_5_3',1862,'none'
'egy_ghirsh_5_3',1863,'none'
'egy_ghirsh_5_3',1864,'none'
'egy_ghirsh_5_3',1865,'none'
'egy_ghirsh_5_3',1866,'none'
'egy_ghirsh_5_3',1867,'none'
'egy_ghirsh_5_3',1868,'none'
'egy_ghirsh_5_3',1869,'none'
'egy_ghirsh_5_3',1870,'none'
'egy_ghirsh_5_3',1871,'none'
'egy_ghirsh_5_3',1872,'none'
'egy_ghirsh_5_3',1873,'none'
'egy_ghirsh_5_3',1874,'none'
'egy_ghirsh_5_3',1875,'none'
'egy_ghirsh_5_3',1876,'none'
'egy_ghirsh_5_4',1876,'none'
'egy_ghirsh_5_4',1877,'none'
'egy_ghirsh_5_4',1878,'none'
'egy_ghirsh_5_4',1879,'none'
'egy_ghirsh_5_4',1880,'none'
'egy_ghirsh_5_4',1881,'none'
'egy_ghirsh_5_4',1882,'none'
'egy_ghirsh_5_4',1883,'none'
'egy_ghirsh_5_4',1884,'none'
'egy_ghirsh_5_4',1885,'none'
'egy_ghirsh_5_4',1886,'none'
'egy_ghirsh_5_4',1887,'none'
'egy_ghirsh_5_4',1888,'none'
'egy_ghirsh_5_4',1889,'none'
'egy_ghirsh_5_4',1890,'none'
'egy_ghirsh_5_4',1891,'none'
'egy_ghirsh_5_4',1892,'none'
'egy_ghirsh_5_4',1893,'none'
'egy_ghirsh_5_4',1894,'none'
'egy_ghirsh_5_4',1895,'none'
'egy_ghirsh_5_4',1896,'none'
'egy_ghirsh_5_4',1897,'none'
'egy_ghirsh_5_4',1898,'none'
'egy_ghirsh_5_4',1899,'none'
'egy_ghirsh_5_4',1900,'none'
'egy_ghirsh_5_4',1901,'none'
'egy_ghirsh_5_4',1902,'none'
'egy_ghirsh_5_4',1903,'none'
'egy_ghirsh_5_4',1904,'none'
'egy_ghirsh_5_4',1905,'none'
'egy_ghirsh_5_4',1906,'none'
'egy_ghirsh_5_4',1907,'none'
'egy_ghirsh_5_4',1908,'none'
'egy_ghirsh_5_4',1909,'none'
'egy_pound_1_1',1955,'none'
'egy_pound_1_1',1957,'none'
'egy_pound_5_1',1955,'none'
'egy_pound_5_1',1957,'none'
'eri_centisimo_50_1',1890,'none'
'eri_centisimo_50_1',1891,'none'
'eri_centisimo_50_1',1892,'none'
'eri_centisimo_50_1',1893,'none'
'eri_centisimo_50_1',1894,'none'
'eri_centisimo_50_1',1895,'none'
'eri_centisimo_50_1',1896,'none'
'eri_lira_1_1',1890,'none'
'eri_lira_1_1',1891,'none'
'eri_lira_1_1',1892,'none'
'eri_lira_1_1',1893,'none'
'eri_lira_1_1',1894,'none'
'eri_lira_1_1',1895,'none'
'eri_lira_1_1',1896,'none'
'eri_lira_2_1',1890,'none'
'eri_lira_2_1',1891,'none'
'eri_lira_2_1',1892,'none'
'eri_lira_2_1',1893,'none'
'eri_lira_2_1',1894,'none'
'eri_lira_2_1',1895,'none'
'eri_lira_2_1',1896,'none'
'eri_lira_5_1',1890,'none'
'eri_lira_5_1',1891,'none'
'eri_lira_5_1',1892,'none'
'eri_lira_5_1',1893,'none'
'eri_lira_5_1',1894,'none'
'eri_lira_5_1',1895,'none'
'eri_lira_5_1',1896,'none'
'eri_tallero_1_1',1918,'none'
'esp_centimo_10_1',1864,'none'
'esp_centimo_10_1',1865,'none'
'esp_centimo_10_1',1866,'none'
'esp_centimo_10_1',1867,'none'
'esp_centimo_10_1',1868,'none'
'esp_centimo_20_1',1864,'none'
'esp_centimo_20_1',1865,'none'
'esp_centimo_20_1',1866,'none'
'esp_centimo_20_1',1867,'none'
'esp_centimo_20_1',1868,'none'
'esp_centimo_20_2',1869,'none'
'esp_centimo_20_2',1870,'none'
'esp_centimo_20_2',1871,'none'
'esp_centimo_20_2',1872,'none'
'esp_centimo_20_2',1873,'none'
'esp_centimo_20_2',1874,'none'
'esp_centimo_20_2',1875,'none'
'esp_centimo_20_2',1876,'none'
'esp_centimo_20_2',1877,'none'
'esp_centimo_20_2',1878,'none'
'esp_centimo_20_2',1879,'none'
'esp_centimo_20_2',1880,'none'
'esp_centimo_20_2',1881,'none'
'esp_centimo_20_2',1882,'none'
'esp_centimo_20_2',1883,'none'
'esp_centimo_20_2',1884,'none'
'esp_centimo_20_2',1885,'none'
'esp_centimo_20_2',1886,'none'
'esp_centimo_20_2',1887,'none'
'esp_centimo_20_2',1888,'none'
'esp_centimo_20_2',1889,'none'
'esp_centimo_20_2',1890,'none'
'esp_centimo_20_2',1891,'none'
'esp_centimo_20_2',1892,'none'
'esp_centimo_20_2',1893,'none'
'esp_centimo_20_2',1894,'none'
'esp_centimo_20_2',1895,'none'
'esp_centimo_20_2',1896,'none'
'esp_centimo_20_2',1897,'none'
'esp_centimo_20_2',1898,'none'
'esp_centimo_20_2',1899,'none'
'esp_centimo_20_2',1900,'none'
'esp_centimo_20_2',1901,'none'
'esp_centimo_20_2',1902,'none'
'esp_centimo_20_2',1903,'none'
'esp_centimo_20_2',1904,'none'
'esp_centimo_20_2',1905,'none'
'esp_centimo_20_2',1906,'none'
'esp_centimo_20_2',1907,'none'
'esp_centimo_20_2',1908,'none'
'esp_centimo_20_2',1909,'none'
'esp_centimo_20_2',1910,'none'
'esp_centimo_20_2',1911,'none'
'esp_centimo_20_2',1912,'none'
'esp_centimo_20_2',1913,'none'
'esp_centimo_20_2',1914,'none'
'esp_centimo_20_2',1915,'none'
'esp_centimo_20_2',1916,'none'
'esp_centimo_20_2',1917,'none'
'esp_centimo_20_2',1918,'none'
'esp_centimo_20_2',1919,'none'
'esp_centimo_20_2',1920,'none'
'esp_centimo_20_2',1921,'none'
'esp_centimo_20_2',1922,'none'
'esp_centimo_20_2',1923,'none'
'esp_centimo_20_2',1924,'none'
'esp_centimo_20_2',1925,'none'
'esp_centimo_20_2',1926,'none'
'esp_centimo_20_2',1927,'none'
'esp_centimo_20_2',1928,'none'
'esp_centimo_20_2',1929,'none'
'esp_centimo_20_2',1930,'none'
'esp_centimo_20_2',1931,'none'
'esp_centimo_20_2',1932,'none'
'esp_centimo_20_2',1933,'none'
'esp_centimo_20_2',1934,'none'
'esp_centimo_40_1',1864,'none'
'esp_centimo_40_1',1865,'none'
'esp_centimo_40_1',1866,'none'
'esp_centimo_40_1',1867,'none'
'esp_centimo_40_1',1868,'none'
'esp_centimo_50_1',1869,'none'
'esp_centimo_50_1',1870,'none'
'esp_centimo_50_1',1871,'none'
'esp_centimo_50_1',1872,'none'
'esp_centimo_50_1',1873,'none'
'esp_centimo_50_1',1874,'none'
'esp_centimo_50_1',1875,'none'
'esp_centimo_50_1',1876,'none'
'esp_centimo_50_1',1877,'none'
'esp_centimo_50_1',1878,'none'
'esp_centimo_50_1',1879,'none'
'esp_centimo_50_1',1880,'none'
'esp_centimo_50_1',1881,'none'
'esp_centimo_50_1',1882,'none'
'esp_centimo_50_1',1883,'none'
'esp_centimo_50_1',1884,'none'
'esp_centimo_50_1',1885,'none'
'esp_centimo_50_1',1886,'none'
'esp_centimo_50_1',1887,'none'
'esp_centimo_50_1',1888,'none'
'esp_centimo_50_1',1889,'none'
'esp_centimo_50_1',1890,'none'
'esp_centimo_50_1',1891,'none'
'esp_centimo_50_1',1892,'none'
'esp_centimo_50_1',1893,'none'
'esp_centimo_50_1',1894,'none'
'esp_centimo_50_1',1895,'none'
'esp_centimo_50_1',1896,'none'
'esp_centimo_50_1',1897,'none'
'esp_centimo_50_1',1898,'none'
'esp_centimo_50_1',1899,'none'
'esp_centimo_50_1',1900,'none'
'esp_centimo_50_1',1901,'none'
'esp_centimo_50_1',1902,'none'
'esp_centimo_50_1',1903,'none'
'esp_centimo_50_1',1904,'none'
'esp_centimo_50_1',1905,'none'
'esp_centimo_50_1',1906,'none'
'esp_centimo_50_1',1907,'none'
'esp_centimo_50_1',1908,'none'
'esp_centimo_50_1',1909,'none'
'esp_centimo_50_1',1910,'none'
'esp_centimo_50_1',1911,'none'
'esp_centimo_50_1',1912,'none'
'esp_centimo_50_1',1913,'none'
'esp_centimo_50_1',1914,'none'
'esp_centimo_50_1',1915,'none'
'esp_centimo_50_1',1916,'none'
'esp_centimo_50_1',1917,'none'
'esp_centimo_50_1',1918,'none'
'esp_centimo_50_1',1919,'none'
'esp_centimo_50_1',1920,'none'
'esp_centimo_50_1',1921,'none'
'esp_centimo_50_1',1922,'none'
'esp_centimo_50_1',1923,'none'
'esp_centimo_50_1',1924,'none'
'esp_centimo_50_1',1925,'none'
'esp_centimo_50_1',1926,'none'
'esp_centimo_50_1',1927,'none'
'esp_centimo_50_1',1928,'none'
'esp_centimo_50_1',1929,'none'
'esp_centimo_50_1',1930,'none'
'esp_centimo_50_1',1931,'none'
'esp_centimo_50_1',1932,'none'
'esp_centimo_50_1',1933,'none'
'esp_centimo_50_1',1934,'none'
'esp_escudo_10_1',1865,'none'
'esp_escudo_10_1',1866,'none'
'esp_escudo_10_1',1867,'none'
'esp_escudo_10_1',1868,'none'
'esp_escudo_1_1',1864,'none'
'esp_escudo_1_1',1865,'none'
'esp_escudo_1_1',1866,'none'
'esp_escudo_1_1',1867,'none'
'esp_escudo_1_1',1868,'none'
'esp_escudo_2_1',1864,'none'
'esp_escudo_2_1',1865,'none'
'esp_escudo_2_1',1866,'none'
'esp_escudo_2_1',1867,'none'
'esp_escudo_2_1',1868,'none'
'esp_escudo_2_2',1865,'none'
'esp_escudo_2_2',1866,'none'
'esp_escudo_2_2',1867,'none'
'esp_escudo_2_2',1868,'none'
'esp_escudo_4_1',1865,'none'
'esp_escudo_4_1',1866,'none'
'esp_escudo_4_1',1867,'none'
'esp_escudo_4_1',1868,'none'
'esp_peseta_100_1',1876,'none'
'esp_peseta_100_1',1877,'none'
'esp_peseta_100_1',1878,'none'
'esp_peseta_100_1',1879,'none'
'esp_peseta_100_1',1880,'none'
'esp_peseta_100_1',1881,'none'
'esp_peseta_100_1',1882,'none'
'esp_peseta_100_1',1883,'none'
'esp_peseta_100_1',1884,'none'
'esp_peseta_100_1',1885,'none'
'esp_peseta_100_1',1886,'none'
'esp_peseta_100_1',1887,'none'
'esp_peseta_100_1',1888,'none'
'esp_peseta_100_1',1889,'none'
'esp_peseta_100_1',1890,'none'
'esp_peseta_100_1',1891,'none'
'esp_peseta_100_1',1892,'none'
'esp_peseta_100_1',1893,'none'
'esp_peseta_100_1',1894,'none'
'esp_peseta_100_1',1895,'none'
'esp_peseta_100_1',1896,'none'
'esp_peseta_100_1',1897,'none'
'esp_peseta_100_1',1898,'none'
'esp_peseta_100_1',1899,'none'
'esp_peseta_100_1',1900,'none'
'esp_peseta_100_1',1901,'none'
'esp_peseta_100_1',1902,'none'
'esp_peseta_100_1',1903,'none'
'esp_peseta_100_1',1904,'none'
'esp_peseta_100_1',1905,'none'
'esp_peseta_100_1',1906,'none'
'esp_peseta_100_1',1907,'none'
'esp_peseta_100_1',1908,'none'
'esp_peseta_100_1',1909,'none'
'esp_peseta_100_1',1910,'none'
'esp_peseta_100_1',1911,'none'
'esp_peseta_100_1',1912,'none'
'esp_peseta_100_1',1913,'none'
'esp_peseta_100_1',1914,'none'
'esp_peseta_100_1',1915,'none'
'esp_peseta_100_1',1916,'none'
'esp_peseta_100_1',1917,'none'
'esp_peseta_100_1',1918,'none'
'esp_peseta_100_1',1919,'none'
'esp_peseta_100_1',1920,'none'
'esp_peseta_100_1',1921,'none'
'esp_peseta_100_1',1922,'none'
'esp_peseta_100_1',1923,'none'
'esp_peseta_100_1',1924,'none'
'esp_peseta_100_1',1925,'none'
'esp_peseta_100_1',1926,'none'
'esp_peseta_100_1',1927,'none'
'esp_peseta_100_1',1928,'none'
'esp_peseta_100_1',1929,'none'
'esp_peseta_100_1',1930,'none'
'esp_peseta_100_1',1931,'none'
'esp_peseta_100_1',1932,'none'
'esp_peseta_100_1',1933,'none'
'esp_peseta_100_1',1934,'none'
'esp_peseta_100_1',1935,'none'
'esp_peseta_100_1',1936,'none'
'esp_peseta_100_1',1937,'none'
'esp_peseta_100_1',1938,'none'
'esp_peseta_100_1',1939,'none'
'esp_peseta_100_1',1940,'none'
'esp_peseta_100_1',1941,'none'
'esp_peseta_100_1',1942,'none'
'esp_peseta_100_1',1943,'none'
'esp_peseta_100_1',1944,'none'
'esp_peseta_100_1',1945,'none'
'esp_peseta_100_1',1946,'none'
'esp_peseta_100_1',1947,'none'
'esp_peseta_100_1',1948,'none'
'esp_peseta_100_1',1949,'none'
'esp_peseta_100_1',1950,'none'
'esp_peseta_100_1',1951,'none'
'esp_peseta_100_1',1952,'none'
'esp_peseta_100_1',1953,'none'
'esp_peseta_100_1',1954,'none'
'esp_peseta_100_1',1955,'none'
'esp_peseta_100_1',1956,'none'
'esp_peseta_100_1',1957,'none'
'esp_peseta_100_1',1958,'none'
'esp_peseta_100_1',1959,'none'
'esp_peseta_100_1',1960,'none'
'esp_peseta_100_1',1961,'none'
'esp_peseta_100_1',1962,'none'
'esp_peseta_10_1',1876,'none'
'esp_peseta_10_1',1877,'none'
'esp_peseta_10_1',1878,'none'
'esp_peseta_10_1',1879,'none'
'esp_peseta_10_1',1880,'none'
'esp_peseta_10_1',1881,'none'
'esp_peseta_10_1',1882,'none'
'esp_peseta_10_1',1883,'none'
'esp_peseta_10_1',1884,'none'
'esp_peseta_10_1',1885,'none'
'esp_peseta_10_1',1886,'none'
'esp_peseta_10_1',1887,'none'
'esp_peseta_10_1',1888,'none'
'esp_peseta_10_1',1889,'none'
'esp_peseta_10_1',1890,'none'
'esp_peseta_10_1',1891,'none'
'esp_peseta_10_1',1892,'none'
'esp_peseta_10_1',1893,'none'
'esp_peseta_10_1',1894,'none'
'esp_peseta_10_1',1895,'none'
'esp_peseta_10_1',1896,'none'
'esp_peseta_10_1',1897,'none'
'esp_peseta_10_1',1898,'none'
'esp_peseta_10_1',1899,'none'
'esp_peseta_10_1',1900,'none'
'esp_peseta_10_1',1901,'none'
'esp_peseta_10_1',1902,'none'
'esp_peseta_10_1',1903,'none'
'esp_peseta_10_1',1904,'none'
'esp_peseta_10_1',1905,'none'
'esp_peseta_10_1',1906,'none'
'esp_peseta_10_1',1907,'none'
'esp_peseta_10_1',1908,'none'
'esp_peseta_10_1',1909,'none'
'esp_peseta_10_1',1910,'none'
'esp_peseta_10_1',1911,'none'
'esp_peseta_10_1',1912,'none'
'esp_peseta_10_1',1913,'none'
'esp_peseta_10_1',1914,'none'
'esp_peseta_10_1',1915,'none'
'esp_peseta_10_1',1916,'none'
'esp_peseta_10_1',1917,'none'
'esp_peseta_10_1',1918,'none'
'esp_peseta_10_1',1919,'none'
'esp_peseta_10_1',1920,'none'
'esp_peseta_10_1',1921,'none'
'esp_peseta_10_1',1922,'none'
'esp_peseta_10_1',1923,'none'
'esp_peseta_10_1',1924,'none'
'esp_peseta_10_1',1925,'none'
'esp_peseta_10_1',1926,'none'
'esp_peseta_10_1',1927,'none'
'esp_peseta_10_1',1928,'none'
'esp_peseta_10_1',1929,'none'
'esp_peseta_10_1',1930,'none'
'esp_peseta_10_1',1931,'none'
'esp_peseta_10_1',1932,'none'
'esp_peseta_10_1',1933,'none'
'esp_peseta_10_1',1934,'none'
'esp_peseta_10_1',1935,'none'
'esp_peseta_10_1',1936,'none'
'esp_peseta_10_1',1937,'none'
'esp_peseta_10_1',1938,'none'
'esp_peseta_10_1',1939,'none'
'esp_peseta_10_1',1940,'none'
'esp_peseta_10_1',1941,'none'
'esp_peseta_10_1',1942,'none'
'esp_peseta_10_1',1943,'none'
'esp_peseta_10_1',1944,'none'
'esp_peseta_10_1',1945,'none'
'esp_peseta_10_1',1946,'none'
'esp_peseta_10_1',1947,'none'
'esp_peseta_10_1',1948,'none'
'esp_peseta_10_1',1949,'none'
'esp_peseta_10_1',1950,'none'
'esp_peseta_10_1',1951,'none'
'esp_peseta_10_1',1952,'none'
'esp_peseta_10_1',1953,'none'
'esp_peseta_10_1',1954,'none'
'esp_peseta_10_1',1955,'none'
'esp_peseta_10_1',1956,'none'
'esp_peseta_10_1',1957,'none'
'esp_peseta_10_1',1958,'none'
'esp_peseta_10_1',1959,'none'
'esp_peseta_10_1',1960,'none'
'esp_peseta_10_1',1961,'none'
'esp_peseta_10_1',1962,'none'
'esp_peseta_1_1',1869,'none'
'esp_peseta_1_1',1870,'none'
'esp_peseta_1_1',1871,'none'
'esp_peseta_1_1',1872,'none'
'esp_peseta_1_1',1873,'none'
'esp_peseta_1_1',1874,'none'
'esp_peseta_1_1',1875,'none'
'esp_peseta_1_1',1876,'none'
'esp_peseta_1_1',1877,'none'
'esp_peseta_1_1',1878,'none'
'esp_peseta_1_1',1879,'none'
'esp_peseta_1_1',1880,'none'
'esp_peseta_1_1',1881,'none'
'esp_peseta_1_1',1882,'none'
'esp_peseta_1_1',1883,'none'
'esp_peseta_1_1',1884,'none'
'esp_peseta_1_1',1885,'none'
'esp_peseta_1_1',1886,'none'
'esp_peseta_1_1',1887,'none'
'esp_peseta_1_1',1888,'none'
'esp_peseta_1_1',1889,'none'
'esp_peseta_1_1',1890,'none'
'esp_peseta_1_1',1891,'none'
'esp_peseta_1_1',1892,'none'
'esp_peseta_1_1',1893,'none'
'esp_peseta_1_1',1894,'none'
'esp_peseta_1_1',1895,'none'
'esp_peseta_1_1',1896,'none'
'esp_peseta_1_1',1897,'none'
'esp_peseta_1_1',1898,'none'
'esp_peseta_1_1',1899,'none'
'esp_peseta_1_1',1900,'none'
'esp_peseta_1_1',1901,'none'
'esp_peseta_1_1',1902,'none'
'esp_peseta_1_1',1903,'none'
'esp_peseta_1_1',1904,'none'
'esp_peseta_1_1',1905,'none'
'esp_peseta_1_1',1906,'none'
'esp_peseta_1_1',1907,'none'
'esp_peseta_1_1',1908,'none'
'esp_peseta_1_1',1909,'none'
'esp_peseta_1_1',1910,'none'
'esp_peseta_1_1',1911,'none'
'esp_peseta_1_1',1912,'none'
'esp_peseta_1_1',1913,'none'
'esp_peseta_1_1',1914,'none'
'esp_peseta_1_1',1915,'none'
'esp_peseta_1_1',1916,'none'
'esp_peseta_1_1',1917,'none'
'esp_peseta_1_1',1918,'none'
'esp_peseta_1_1',1919,'none'
'esp_peseta_1_1',1920,'none'
'esp_peseta_1_1',1921,'none'
'esp_peseta_1_1',1922,'none'
'esp_peseta_1_1',1923,'none'
'esp_peseta_1_1',1924,'none'
'esp_peseta_1_1',1925,'none'
'esp_peseta_1_1',1926,'none'
'esp_peseta_1_1',1927,'none'
'esp_peseta_1_1',1928,'none'
'esp_peseta_1_1',1929,'none'
'esp_peseta_1_1',1930,'none'
'esp_peseta_1_1',1931,'none'
'esp_peseta_1_1',1932,'none'
'esp_peseta_1_1',1933,'none'
'esp_peseta_1_1',1934,'none'
'esp_peseta_20_1',1876,'none'
'esp_peseta_20_1',1877,'none'
'esp_peseta_20_1',1878,'none'
'esp_peseta_20_1',1879,'none'
'esp_peseta_20_1',1880,'none'
'esp_peseta_20_1',1881,'none'
'esp_peseta_20_1',1882,'none'
'esp_peseta_20_1',1883,'none'
'esp_peseta_20_1',1884,'none'
'esp_peseta_20_1',1885,'none'
'esp_peseta_20_1',1886,'none'
'esp_peseta_20_1',1887,'none'
'esp_peseta_20_1',1888,'none'
'esp_peseta_20_1',1889,'none'
'esp_peseta_20_1',1890,'none'
'esp_peseta_20_1',1891,'none'
'esp_peseta_20_1',1892,'none'
'esp_peseta_20_1',1893,'none'
'esp_peseta_20_1',1894,'none'
'esp_peseta_20_1',1895,'none'
'esp_peseta_20_1',1896,'none'
'esp_peseta_20_1',1897,'none'
'esp_peseta_20_1',1898,'none'
'esp_peseta_20_1',1899,'none'
'esp_peseta_20_1',1900,'none'
'esp_peseta_20_1',1901,'none'
'esp_peseta_20_1',1902,'none'
'esp_peseta_20_1',1903,'none'
'esp_peseta_20_1',1904,'none'
'esp_peseta_20_1',1905,'none'
'esp_peseta_20_1',1906,'none'
'esp_peseta_20_1',1907,'none'
'esp_peseta_20_1',1908,'none'
'esp_peseta_20_1',1909,'none'
'esp_peseta_20_1',1910,'none'
'esp_peseta_20_1',1911,'none'
'esp_peseta_20_1',1912,'none'
'esp_peseta_20_1',1913,'none'
'esp_peseta_20_1',1914,'none'
'esp_peseta_20_1',1915,'none'
'esp_peseta_20_1',1916,'none'
'esp_peseta_20_1',1917,'none'
'esp_peseta_20_1',1918,'none'
'esp_peseta_20_1',1919,'none'
'esp_peseta_20_1',1920,'none'
'esp_peseta_20_1',1921,'none'
'esp_peseta_20_1',1922,'none'
'esp_peseta_20_1',1923,'none'
'esp_peseta_20_1',1924,'none'
'esp_peseta_20_1',1925,'none'
'esp_peseta_20_1',1926,'none'
'esp_peseta_20_1',1927,'none'
'esp_peseta_20_1',1928,'none'
'esp_peseta_20_1',1929,'none'
'esp_peseta_20_1',1930,'none'
'esp_peseta_20_1',1931,'none'
'esp_peseta_20_1',1932,'none'
'esp_peseta_20_1',1933,'none'
'esp_peseta_20_1',1934,'none'
'esp_peseta_20_1',1935,'none'
'esp_peseta_20_1',1936,'none'
'esp_peseta_20_1',1937,'none'
'esp_peseta_20_1',1938,'none'
'esp_peseta_20_1',1939,'none'
'esp_peseta_20_1',1940,'none'
'esp_peseta_20_1',1941,'none'
'esp_peseta_20_1',1942,'none'
'esp_peseta_20_1',1943,'none'
'esp_peseta_20_1',1944,'none'
'esp_peseta_20_1',1945,'none'
'esp_peseta_20_1',1946,'none'
'esp_peseta_20_1',1947,'none'
'esp_peseta_20_1',1948,'none'
'esp_peseta_20_1',1949,'none'
'esp_peseta_20_1',1950,'none'
'esp_peseta_20_1',1951,'none'
'esp_peseta_20_1',1952,'none'
'esp_peseta_20_1',1953,'none'
'esp_peseta_20_1',1954,'none'
'esp_peseta_20_1',1955,'none'
'esp_peseta_20_1',1956,'none'
'esp_peseta_20_1',1957,'none'
'esp_peseta_20_1',1958,'none'
'esp_peseta_20_1',1959,'none'
'esp_peseta_20_1',1960,'none'
'esp_peseta_20_1',1961,'none'
'esp_peseta_20_1',1962,'none'
'esp_peseta_25_1',1876,'none'
'esp_peseta_25_1',1877,'none'
'esp_peseta_25_1',1878,'none'
'esp_peseta_25_1',1879,'none'
'esp_peseta_25_1',1880,'none'
'esp_peseta_25_1',1881,'none'
'esp_peseta_25_1',1882,'none'
'esp_peseta_25_1',1883,'none'
'esp_peseta_25_1',1884,'none'
'esp_peseta_25_1',1885,'none'
'esp_peseta_25_1',1886,'none'
'esp_peseta_25_1',1887,'none'
'esp_peseta_25_1',1888,'none'
'esp_peseta_25_1',1889,'none'
'esp_peseta_25_1',1890,'none'
'esp_peseta_25_1',1891,'none'
'esp_peseta_25_1',1892,'none'
'esp_peseta_25_1',1893,'none'
'esp_peseta_25_1',1894,'none'
'esp_peseta_25_1',1895,'none'
'esp_peseta_25_1',1896,'none'
'esp_peseta_25_1',1897,'none'
'esp_peseta_25_1',1898,'none'
'esp_peseta_25_1',1899,'none'
'esp_peseta_25_1',1900,'none'
'esp_peseta_25_1',1901,'none'
'esp_peseta_25_1',1902,'none'
'esp_peseta_25_1',1903,'none'
'esp_peseta_25_1',1904,'none'
'esp_peseta_25_1',1905,'none'
'esp_peseta_25_1',1906,'none'
'esp_peseta_25_1',1907,'none'
'esp_peseta_25_1',1908,'none'
'esp_peseta_25_1',1909,'none'
'esp_peseta_25_1',1910,'none'
'esp_peseta_25_1',1911,'none'
'esp_peseta_25_1',1912,'none'
'esp_peseta_25_1',1913,'none'
'esp_peseta_25_1',1914,'none'
'esp_peseta_25_1',1915,'none'
'esp_peseta_25_1',1916,'none'
'esp_peseta_25_1',1917,'none'
'esp_peseta_25_1',1918,'none'
'esp_peseta_25_1',1919,'none'
'esp_peseta_25_1',1920,'none'
'esp_peseta_25_1',1921,'none'
'esp_peseta_25_1',1922,'none'
'esp_peseta_25_1',1923,'none'
'esp_peseta_25_1',1924,'none'
'esp_peseta_25_1',1925,'none'
'esp_peseta_25_1',1926,'none'
'esp_peseta_25_1',1927,'none'
'esp_peseta_25_1',1928,'none'
'esp_peseta_25_1',1929,'none'
'esp_peseta_25_1',1930,'none'
'esp_peseta_25_1',1931,'none'
'esp_peseta_25_1',1932,'none'
'esp_peseta_25_1',1933,'none'
'esp_peseta_25_1',1934,'none'
'esp_peseta_25_1',1935,'none'
'esp_peseta_25_1',1936,'none'
'esp_peseta_25_1',1937,'none'
'esp_peseta_25_1',1938,'none'
'esp_peseta_25_1',1939,'none'
'esp_peseta_25_1',1940,'none'
'esp_peseta_25_1',1941,'none'
'esp_peseta_25_1',1942,'none'
'esp_peseta_25_1',1943,'none'
'esp_peseta_25_1',1944,'none'
'esp_peseta_25_1',1945,'none'
'esp_peseta_25_1',1946,'none'
'esp_peseta_25_1',1947,'none'
'esp_peseta_25_1',1948,'none'
'esp_peseta_25_1',1949,'none'
'esp_peseta_25_1',1950,'none'
'esp_peseta_25_1',1951,'none'
'esp_peseta_25_1',1952,'none'
'esp_peseta_25_1',1953,'none'
'esp_peseta_25_1',1954,'none'
'esp_peseta_25_1',1955,'none'
'esp_peseta_25_1',1956,'none'
'esp_peseta_25_1',1957,'none'
'esp_peseta_25_1',1958,'none'
'esp_peseta_25_1',1959,'none'
'esp_peseta_25_1',1960,'none'
'esp_peseta_25_1',1961,'none'
'esp_peseta_25_1',1962,'none'
'esp_peseta_2_1',1869,'none'
'esp_peseta_2_1',1870,'none'
'esp_peseta_2_1',1871,'none'
'esp_peseta_2_1',1872,'none'
'esp_peseta_2_1',1873,'none'
'esp_peseta_2_1',1874,'none'
'esp_peseta_2_1',1875,'none'
'esp_peseta_2_1',1876,'none'
'esp_peseta_2_1',1877,'none'
'esp_peseta_2_1',1878,'none'
'esp_peseta_2_1',1879,'none'
'esp_peseta_2_1',1880,'none'
'esp_peseta_2_1',1881,'none'
'esp_peseta_2_1',1882,'none'
'esp_peseta_2_1',1883,'none'
'esp_peseta_2_1',1884,'none'
'esp_peseta_2_1',1885,'none'
'esp_peseta_2_1',1886,'none'
'esp_peseta_2_1',1887,'none'
'esp_peseta_2_1',1888,'none'
'esp_peseta_2_1',1889,'none'
'esp_peseta_2_1',1890,'none'
'esp_peseta_2_1',1891,'none'
'esp_peseta_2_1',1892,'none'
'esp_peseta_2_1',1893,'none'
'esp_peseta_2_1',1894,'none'
'esp_peseta_2_1',1895,'none'
'esp_peseta_2_1',1896,'none'
'esp_peseta_2_1',1897,'none'
'esp_peseta_2_1',1898,'none'
'esp_peseta_2_1',1899,'none'
'esp_peseta_2_1',1900,'none'
'esp_peseta_2_1',1901,'none'
'esp_peseta_2_1',1902,'none'
'esp_peseta_2_1',1903,'none'
'esp_peseta_2_1',1904,'none'
'esp_peseta_2_1',1905,'none'
'esp_peseta_2_1',1906,'none'
'esp_peseta_2_1',1907,'none'
'esp_peseta_2_1',1908,'none'
'esp_peseta_2_1',1909,'none'
'esp_peseta_2_1',1910,'none'
'esp_peseta_2_1',1911,'none'
'esp_peseta_2_1',1912,'none'
'esp_peseta_2_1',1913,'none'
'esp_peseta_2_1',1914,'none'
'esp_peseta_2_1',1915,'none'
'esp_peseta_2_1',1916,'none'
'esp_peseta_2_1',1917,'none'
'esp_peseta_2_1',1918,'none'
'esp_peseta_2_1',1919,'none'
'esp_peseta_2_1',1920,'none'
'esp_peseta_2_1',1921,'none'
'esp_peseta_2_1',1922,'none'
'esp_peseta_2_1',1923,'none'
'esp_peseta_2_1',1924,'none'
'esp_peseta_2_1',1925,'none'
'esp_peseta_2_1',1926,'none'
'esp_peseta_2_1',1927,'none'
'esp_peseta_2_1',1928,'none'
'esp_peseta_2_1',1929,'none'
'esp_peseta_2_1',1930,'none'
'esp_peseta_2_1',1931,'none'
'esp_peseta_2_1',1932,'none'
'esp_peseta_2_1',1933,'none'
'esp_peseta_2_1',1934,'none'
'esp_peseta_5_1',1869,'none'
'esp_peseta_5_1',1870,'none'
'esp_peseta_5_1',1871,'none'
'esp_peseta_5_1',1872,'none'
'esp_peseta_5_1',1873,'none'
'esp_peseta_5_1',1874,'none'
'esp_peseta_5_1',1875,'none'
'esp_peseta_5_1',1876,'none'
'esp_peseta_5_1',1877,'none'
'esp_peseta_5_1',1878,'none'
'esp_peseta_5_1',1879,'none'
'esp_peseta_5_1',1880,'none'
'esp_peseta_5_1',1881,'none'
'esp_peseta_5_1',1882,'none'
'esp_peseta_5_1',1883,'none'
'esp_peseta_5_1',1884,'none'
'esp_peseta_5_1',1885,'none'
'esp_peseta_5_1',1886,'none'
'esp_peseta_5_1',1887,'none'
'esp_peseta_5_1',1888,'none'
'esp_peseta_5_1',1889,'none'
'esp_peseta_5_1',1890,'none'
'esp_peseta_5_1',1891,'none'
'esp_peseta_5_1',1892,'none'
'esp_peseta_5_1',1893,'none'
'esp_peseta_5_1',1894,'none'
'esp_peseta_5_1',1895,'none'
'esp_peseta_5_1',1896,'none'
'esp_peseta_5_1',1897,'none'
'esp_peseta_5_1',1898,'none'
'esp_peseta_5_1',1899,'none'
'esp_peseta_5_1',1900,'none'
'esp_peseta_5_1',1901,'none'
'esp_peseta_5_1',1902,'none'
'esp_peseta_5_1',1903,'none'
'esp_peseta_5_1',1904,'none'
'esp_peseta_5_1',1905,'none'
'esp_peseta_5_1',1906,'none'
'esp_peseta_5_1',1907,'none'
'esp_peseta_5_1',1908,'none'
'esp_peseta_5_1',1909,'none'
'esp_peseta_5_1',1910,'none'
'esp_peseta_5_1',1911,'none'
'esp_peseta_5_1',1912,'none'
'esp_peseta_5_1',1913,'none'
'esp_peseta_5_1',1914,'none'
'esp_peseta_5_1',1915,'none'
'esp_peseta_5_1',1916,'none'
'esp_peseta_5_1',1917,'none'
'esp_peseta_5_1',1918,'none'
'esp_peseta_5_1',1919,'none'
'esp_peseta_5_1',1920,'none'
'esp_peseta_5_1',1921,'none'
'esp_peseta_5_1',1922,'none'
'esp_peseta_5_1',1923,'none'
'esp_peseta_5_1',1924,'none'
'esp_peseta_5_1',1925,'none'
'esp_peseta_5_1',1926,'none'
'esp_peseta_5_1',1927,'none'
'esp_peseta_5_1',1928,'none'
'esp_peseta_5_1',1929,'none'
'esp_peseta_5_1',1930,'none'
'esp_peseta_5_1',1931,'none'
'esp_peseta_5_1',1932,'none'
'esp_peseta_5_1',1933,'none'
'esp_peseta_5_1',1934,'none'
'esp_real_100_1',1850,'none'
'esp_real_100_1',1851,'none'
'esp_real_100_1',1852,'none'
'esp_real_100_1',1853,'none'
'esp_real_100_1',1854,'none'
'esp_real_100_1',1855,'none'
'esp_real_100_1',1856,'none'
'esp_real_100_1',1857,'none'
'esp_real_100_1',1858,'none'
'esp_real_100_1',1859,'none'
'esp_real_100_1',1860,'none'
'esp_real_100_1',1861,'none'
'esp_real_100_1',1862,'none'
'esp_real_100_1',1863,'none'
'esp_real_100_1',1864,'none'
'esp_real_10_1',1850,'none'
'esp_real_10_1',1851,'none'
'esp_real_10_1',1852,'none'
'esp_real_10_1',1853,'none'
'esp_real_10_1',1854,'none'
'esp_real_10_1',1855,'none'
'esp_real_10_1',1856,'none'
'esp_real_10_1',1857,'none'
'esp_real_10_1',1858,'none'
'esp_real_10_1',1859,'none'
'esp_real_10_1',1860,'none'
'esp_real_10_1',1861,'none'
'esp_real_10_1',1862,'none'
'esp_real_10_1',1863,'none'
'esp_real_10_1',1864,'none'
'esp_real_10_1',1865,'none'
'esp_real_1_1',1850,'none'
'esp_real_1_1',1851,'none'
'esp_real_1_1',1852,'none'
'esp_real_1_1',1853,'none'
'esp_real_1_1',1854,'none'
'esp_real_1_1',1855,'none'
'esp_real_1_1',1856,'none'
'esp_real_1_1',1857,'none'
'esp_real_1_1',1858,'none'
'esp_real_1_1',1859,'none'
'esp_real_1_1',1860,'none'
'esp_real_1_1',1861,'none'
'esp_real_1_1',1862,'none'
'esp_real_1_1',1863,'none'
'esp_real_1_1',1864,'none'
'esp_real_1_1',1865,'none'
'esp_real_20_1',1850,'none'
'esp_real_20_1',1851,'none'
'esp_real_20_1',1852,'none'
'esp_real_20_1',1853,'none'
'esp_real_20_1',1854,'none'
'esp_real_20_1',1855,'none'
'esp_real_20_1',1856,'none'
'esp_real_20_1',1857,'none'
'esp_real_20_1',1858,'none'
'esp_real_20_1',1859,'none'
'esp_real_20_1',1860,'none'
'esp_real_20_1',1861,'none'
'esp_real_20_1',1862,'none'
'esp_real_20_1',1863,'none'
'esp_real_20_1',1864,'none'
'esp_real_20_1',1865,'none'
'esp_real_20_2',1850,'none'
'esp_real_20_2',1851,'none'
'esp_real_20_2',1852,'none'
'esp_real_20_2',1853,'none'
'esp_real_20_2',1854,'none'
'esp_real_20_2',1855,'none'
'esp_real_20_2',1856,'none'
'esp_real_20_2',1857,'none'
'esp_real_20_2',1858,'none'
'esp_real_20_2',1859,'none'
'esp_real_20_2',1860,'none'
'esp_real_20_2',1861,'none'
'esp_real_20_2',1862,'none'
'esp_real_20_2',1863,'none'
'esp_real_20_2',1864,'none'
'esp_real_2_1',1850,'none'
'esp_real_2_1',1851,'none'
'esp_real_2_1',1852,'none'
'esp_real_2_1',1853,'none'
'esp_real_2_1',1854,'none'
'esp_real_2_1',1855,'none'
'esp_real_2_1',1856,'none'
'esp_real_2_1',1857,'none'
'esp_real_2_1',1858,'none'
'esp_real_2_1',1859,'none'
'esp_real_2_1',1860,'none'
'esp_real_2_1',1861,'none'
'esp_real_2_1',1862,'none'
'esp_real_2_1',1863,'none'
'esp_real_2_1',1864,'none'
'esp_real_2_1',1865,'none'
'esp_real_40_1',1850,'none'
'esp_real_40_1',1851,'none'
'esp_real_40_1',1852,'none'
'esp_real_40_1',1853,'none'
'esp_real_40_1',1854,'none'
'esp_real_40_1',1855,'none'
'esp_real_40_1',1856,'none'
'esp_real_40_1',1857,'none'
'esp_real_40_1',1858,'none'
'esp_real_40_1',1859,'none'
'esp_real_40_1',1860,'none'
'esp_real_40_1',1861,'none'
'esp_real_40_1',1862,'none'
'esp_real_40_1',1863,'none'
'esp_real_40_1',1864,'none'
'esp_real_4_1',1850,'none'
'esp_real_4_1',1851,'none'
'esp_real_4_1',1852,'none'
'esp_real_4_1',1853,'none'
'esp_real_4_1',1854,'none'
'esp_real_4_1',1855,'none'
'esp_real_4_1',1856,'none'
'esp_real_4_1',1857,'none'
'esp_real_4_1',1858,'none'
'esp_real_4_1',1859,'none'
'esp_real_4_1',1860,'none'
'esp_real_4_1',1861,'none'
'esp_real_4_1',1862,'none'
'esp_real_4_1',1863,'none'
'esp_real_4_1',1864,'none'
'esp_real_4_1',1865,'none'
'est_kroon_1_1',1930,'none'
'est_kroon_1_1',1931,'none'
'est_kroon_1_1',1932,'none'
'est_kroon_1_1',1933,'none'
'est_kroon_2_1',1930,'none'
'est_kroon_2_1',1931,'none'
'est_kroon_2_1',1932,'none'
'est_kroon_2_1',1933,'none'
'eth_birr_1_1',1897,'none'
'eth_birr_1_1',1898,'none'
'eth_birr_1_1',1899,'none'
'eth_birr_1_1',1900,'none'
'eth_birr_1_1',1901,'none'
'eth_birr_1_1',1902,'none'
'eth_birr_1_1',1903,'none'
'eth_birr_fractional_1_2_1',1897,'none'
'eth_birr_fractional_1_2_1',1898,'none'
'eth_birr_fractional_1_2_1',1899,'none'
'eth_birr_fractional_1_2_1',1900,'none'
'eth_birr_fractional_1_2_1',1901,'none'
'eth_birr_fractional_1_2_1',1902,'none'
'eth_birr_fractional_1_2_1',1903,'none'
'eth_birr_fractional_1_4_1',1897,'none'
'eth_birr_fractional_1_4_1',1898,'none'
'eth_birr_fractional_1_4_1',1899,'none'
'eth_birr_fractional_1_4_1',1900,'none'
'eth_birr_fractional_1_4_1',1901,'none'
'eth_birr_fractional_1_4_1',1902,'none'
'eth_birr_fractional_1_4_1',1903,'none'
'eth_birr_fractional_1_8_1',1897,'none'
'eth_birr_fractional_1_8_1',1898,'none'
'eth_birr_fractional_1_8_1',1899,'none'
'eth_birr_fractional_1_8_1',1900,'none'
'eth_birr_fractional_1_8_1',1901,'none'
'eth_birr_fractional_1_8_1',1902,'none'
'eth_birr_fractional_1_8_1',1903,'none'
'eth_gersh_1_1',1897,'none'
'eth_gersh_1_1',1898,'none'
'eth_gersh_1_1',1899,'none'
'eth_gersh_1_1',1900,'none'
'eth_gersh_1_1',1901,'none'
'eth_gersh_1_1',1902,'none'
'eth_gersh_1_1',1903,'none'
'eth_santeem_50_1',1944,'none'
'eth_santeem_50_1',1945,'none'
'eth_santeem_50_2',1947,'none'
'eth_wark_1_1',1897,'none'
'eth_wark_1_1',1898,'none'
'eth_wark_1_1',1899,'none'
'eth_wark_1_1',1900,'none'
'eth_wark_1_1',1901,'none'
'eth_wark_1_1',1902,'none'
'eth_wark_1_1',1903,'none'
'eth_wark_1_1',1904,'none'
'eth_wark_1_1',1905,'none'
'eth_wark_1_1',1906,'none'
'eth_wark_1_1',1907,'none'
'eth_wark_1_1',1908,'none'
'eth_wark_1_1',1909,'none'
'eth_wark_1_1',1910,'none'
'eth_wark_1_1',1911,'none'
'eth_wark_1_1',1912,'none'
'eth_wark_1_1',1913,'none'
'eth_wark_1_1',1914,'none'
'eth_wark_1_1',1915,'none'
'eth_wark_1_1',1916,'none'
'eth_wark_1_1',1917,'none'
'eth_wark_1_1',1918,'none'
'eth_wark_1_1',1919,'none'
'eth_wark_1_1',1920,'none'
'eth_wark_1_1',1921,'none'
'eth_wark_1_1',1922,'none'
'eth_wark_1_1',1923,'none'
'eth_wark_1_1',1924,'none'
'eth_wark_1_1',1925,'none'
'eth_wark_1_1',1926,'none'
'eth_wark_1_1',1927,'none'
'eth_wark_1_1',1928,'none'
'eth_wark_1_1',1929,'none'
'eth_wark_1_1',1930,'none'
'eth_wark_1_1',1931,'none'
'eth_wark_fractional_1_2_1',1897,'none'
'eth_wark_fractional_1_2_1',1898,'none'
'eth_wark_fractional_1_2_1',1899,'none'
'eth_wark_fractional_1_2_1',1900,'none'
'eth_wark_fractional_1_2_1',1901,'none'
'eth_wark_fractional_1_2_1',1902,'none'
'eth_wark_fractional_1_2_1',1903,'none'
'eth_wark_fractional_1_2_1',1904,'none'
'eth_wark_fractional_1_2_1',1905,'none'
'eth_wark_fractional_1_2_1',1906,'none'
'eth_wark_fractional_1_2_1',1907,'none'
'eth_wark_fractional_1_2_1',1908,'none'
'eth_wark_fractional_1_2_1',1909,'none'
'eth_wark_fractional_1_2_1',1910,'none'
'eth_wark_fractional_1_2_1',1911,'none'
'eth_wark_fractional_1_2_1',1912,'none'
'eth_wark_fractional_1_2_1',1913,'none'
'eth_wark_fractional_1_2_1',1914,'none'
'eth_wark_fractional_1_2_1',1915,'none'
'eth_wark_fractional_1_2_1',1916,'none'
'eth_wark_fractional_1_2_1',1917,'none'
'eth_wark_fractional_1_2_1',1918,'none'
'eth_wark_fractional_1_2_1',1919,'none'
'eth_wark_fractional_1_2_1',1920,'none'
'eth_wark_fractional_1_2_1',1921,'none'
'eth_wark_fractional_1_2_1',1922,'none'
'eth_wark_fractional_1_2_1',1923,'none'
'eth_wark_fractional_1_2_1',1924,'none'
'eth_wark_fractional_1_2_1',1925,'none'
'eth_wark_fractional_1_2_1',1926,'none'
'eth_wark_fractional_1_2_1',1927,'none'
'eth_wark_fractional_1_2_1',1928,'none'
'eth_wark_fractional_1_2_1',1929,'none'
'eth_wark_fractional_1_2_1',1930,'none'
'eth_wark_fractional_1_2_1',1931,'none'
'eth_wark_fractional_1_4_1',1897,'none'
'eth_wark_fractional_1_4_1',1898,'none'
'eth_wark_fractional_1_4_1',1899,'none'
'eth_wark_fractional_1_4_1',1900,'none'
'eth_wark_fractional_1_4_1',1901,'none'
'eth_wark_fractional_1_4_1',1902,'none'
'eth_wark_fractional_1_4_1',1903,'none'
'eth_wark_fractional_1_4_1',1904,'none'
'eth_wark_fractional_1_4_1',1905,'none'
'eth_wark_fractional_1_4_1',1906,'none'
'eth_wark_fractional_1_4_1',1907,'none'
'eth_wark_fractional_1_4_1',1908,'none'
'eth_wark_fractional_1_4_1',1909,'none'
'eth_wark_fractional_1_4_1',1910,'none'
'eth_wark_fractional_1_4_1',1911,'none'
'eth_wark_fractional_1_4_1',1912,'none'
'eth_wark_fractional_1_4_1',1913,'none'
'eth_wark_fractional_1_4_1',1914,'none'
'eth_wark_fractional_1_4_1',1915,'none'
'eth_wark_fractional_1_4_1',1916,'none'
'eth_wark_fractional_1_4_1',1917,'none'
'eth_wark_fractional_1_4_1',1918,'none'
'eth_wark_fractional_1_4_1',1919,'none'
'eth_wark_fractional_1_4_1',1920,'none'
'eth_wark_fractional_1_4_1',1921,'none'
'eth_wark_fractional_1_4_1',1922,'none'
'eth_wark_fractional_1_4_1',1923,'none'
'eth_wark_fractional_1_4_1',1924,'none'
'eth_wark_fractional_1_4_1',1925,'none'
'eth_wark_fractional_1_4_1',1926,'none'
'eth_wark_fractional_1_4_1',1927,'none'
'eth_wark_fractional_1_4_1',1928,'none'
'eth_wark_fractional_1_4_1',1929,'none'
'eth_wark_fractional_1_4_1',1930,'none'
'eth_wark_fractional_1_4_1',1931,'none'
'fin_markka_1000_1',1956,'none'
'fin_markka_1000_1',1957,'none'
'fin_markka_1000_1',1958,'none'
'fin_markka_1000_1',1959,'none'
'fin_markka_1000_1',1960,'none'
'fin_markka_100_1',1956,'none'
'fin_markka_100_1',1957,'none'
'fin_markka_100_1',1958,'none'
'fin_markka_100_1',1959,'none'
'fin_markka_100_1',1960,'none'
'fin_markka_100_2',1926,'none'
'fin_markka_10_1',1878,'none'
'fin_markka_10_1',1879,'none'
'fin_markka_10_1',1880,'none'
'fin_markka_10_1',1881,'none'
'fin_markka_10_1',1882,'none'
'fin_markka_10_1',1883,'none'
'fin_markka_10_1',1884,'none'
'fin_markka_10_1',1885,'none'
'fin_markka_10_1',1886,'none'
'fin_markka_10_1',1887,'none'
'fin_markka_10_1',1888,'none'
'fin_markka_10_1',1889,'none'
'fin_markka_10_1',1890,'none'
'fin_markka_10_1',1891,'none'
'fin_markka_10_1',1892,'none'
'fin_markka_10_1',1893,'none'
'fin_markka_10_1',1894,'none'
'fin_markka_10_1',1895,'none'
'fin_markka_10_1',1896,'none'
'fin_markka_10_1',1897,'none'
'fin_markka_10_1',1898,'none'
'fin_markka_10_1',1899,'none'
'fin_markka_10_1',1900,'none'
'fin_markka_10_1',1901,'none'
'fin_markka_10_1',1902,'none'
'fin_markka_10_1',1903,'none'
'fin_markka_10_1',1904,'none'
'fin_markka_10_1',1905,'none'
'fin_markka_10_1',1906,'none'
'fin_markka_10_1',1907,'none'
'fin_markka_10_1',1908,'none'
'fin_markka_10_1',1909,'none'
'fin_markka_10_1',1910,'none'
'fin_markka_10_1',1911,'none'
'fin_markka_10_1',1912,'none'
'fin_markka_10_1',1913,'none'
'fin_markka_1_1',1864,'none'
'fin_markka_1_1',1865,'none'
'fin_markka_1_1',1866,'none'
'fin_markka_1_1',1867,'none'
'fin_markka_1_1',1868,'none'
'fin_markka_1_1',1869,'none'
'fin_markka_1_1',1870,'none'
'fin_markka_1_1',1871,'none'
'fin_markka_1_1',1872,'none'
'fin_markka_1_1',1873,'none'
'fin_markka_1_1',1874,'none'
'fin_markka_1_1',1875,'none'
'fin_markka_1_1',1876,'none'
'fin_markka_1_1',1877,'none'
'fin_markka_1_1',1878,'none'
'fin_markka_1_1',1879,'none'
'fin_markka_1_1',1880,'none'
'fin_markka_1_1',1881,'none'
'fin_markka_1_1',1882,'none'
'fin_markka_1_1',1883,'none'
'fin_markka_1_1',1884,'none'
'fin_markka_1_1',1885,'none'
'fin_markka_1_1',1886,'none'
'fin_markka_1_1',1887,'none'
'fin_markka_1_1',1888,'none'
'fin_markka_1_1',1889,'none'
'fin_markka_1_1',1890,'none'
'fin_markka_1_1',1891,'none'
'fin_markka_1_1',1892,'none'
'fin_markka_1_1',1893,'none'
'fin_markka_1_1',1894,'none'
'fin_markka_1_1',1895,'none'
'fin_markka_1_1',1896,'none'
'fin_markka_1_1',1897,'none'
'fin_markka_1_1',1898,'none'
'fin_markka_1_1',1899,'none'
'fin_markka_1_1',1900,'none'
'fin_markka_1_1',1901,'none'
'fin_markka_1_1',1902,'none'
'fin_markka_1_1',1903,'none'
'fin_markka_1_1',1904,'none'
'fin_markka_1_1',1905,'none'
'fin_markka_1_1',1906,'none'
'fin_markka_1_1',1907,'none'
'fin_markka_1_1',1908,'none'
'fin_markka_1_1',1909,'none'
'fin_markka_1_1',1910,'none'
'fin_markka_1_1',1911,'none'
'fin_markka_1_1',1912,'none'
'fin_markka_1_1',1913,'none'
'fin_markka_1_1',1914,'none'
'fin_markka_1_1',1915,'none'
'fin_markka_1_1',1916,'none'
'fin_markka_1_1',1917,'none'
'fin_markka_200_1',1956,'none'
'fin_markka_200_1',1957,'none'
'fin_markka_200_1',1958,'none'
'fin_markka_200_1',1959,'none'
'fin_markka_200_1',1960,'none'
'fin_markka_200_2',1926,'none'
'fin_markka_20_1',1878,'none'
'fin_markka_20_1',1879,'none'
'fin_markka_20_1',1880,'none'
'fin_markka_20_1',1881,'none'
'fin_markka_20_1',1882,'none'
'fin_markka_20_1',1883,'none'
'fin_markka_20_1',1884,'none'
'fin_markka_20_1',1885,'none'
'fin_markka_20_1',1886,'none'
'fin_markka_20_1',1887,'none'
'fin_markka_20_1',1888,'none'
'fin_markka_20_1',1889,'none'
'fin_markka_20_1',1890,'none'
'fin_markka_20_1',1891,'none'
'fin_markka_20_1',1892,'none'
'fin_markka_20_1',1893,'none'
'fin_markka_20_1',1894,'none'
'fin_markka_20_1',1895,'none'
'fin_markka_20_1',1896,'none'
'fin_markka_20_1',1897,'none'
'fin_markka_20_1',1898,'none'
'fin_markka_20_1',1899,'none'
'fin_markka_20_1',1900,'none'
'fin_markka_20_1',1901,'none'
'fin_markka_20_1',1902,'none'
'fin_markka_20_1',1903,'none'
'fin_markka_20_1',1904,'none'
'fin_markka_20_1',1905,'none'
'fin_markka_20_1',1906,'none'
'fin_markka_20_1',1907,'none'
'fin_markka_20_1',1908,'none'
'fin_markka_20_1',1909,'none'
'fin_markka_20_1',1910,'none'
'fin_markka_20_1',1911,'none'
'fin_markka_20_1',1912,'none'
'fin_markka_20_1',1913,'none'
'fin_markka_2_1',1864,'none'
'fin_markka_2_1',1865,'none'
'fin_markka_2_1',1866,'none'
'fin_markka_2_1',1867,'none'
'fin_markka_2_1',1868,'none'
'fin_markka_2_1',1869,'none'
'fin_markka_2_1',1870,'none'
'fin_markka_2_1',1871,'none'
'fin_markka_2_1',1872,'none'
'fin_markka_2_1',1873,'none'
'fin_markka_2_1',1874,'none'
'fin_markka_2_1',1875,'none'
'fin_markka_2_1',1876,'none'
'fin_markka_2_1',1877,'none'
'fin_markka_2_1',1878,'none'
'fin_markka_2_1',1879,'none'
'fin_markka_2_1',1880,'none'
'fin_markka_2_1',1881,'none'
'fin_markka_2_1',1882,'none'
'fin_markka_2_1',1883,'none'
'fin_markka_2_1',1884,'none'
'fin_markka_2_1',1885,'none'
'fin_markka_2_1',1886,'none'
'fin_markka_2_1',1887,'none'
'fin_markka_2_1',1888,'none'
'fin_markka_2_1',1889,'none'
'fin_markka_2_1',1890,'none'
'fin_markka_2_1',1891,'none'
'fin_markka_2_1',1892,'none'
'fin_markka_2_1',1893,'none'
'fin_markka_2_1',1894,'none'
'fin_markka_2_1',1895,'none'
'fin_markka_2_1',1896,'none'
'fin_markka_2_1',1897,'none'
'fin_markka_2_1',1898,'none'
'fin_markka_2_1',1899,'none'
'fin_markka_2_1',1900,'none'
'fin_markka_2_1',1901,'none'
'fin_markka_2_1',1902,'none'
'fin_markka_2_1',1903,'none'
'fin_markka_2_1',1904,'none'
'fin_markka_2_1',1905,'none'
'fin_markka_2_1',1906,'none'
'fin_markka_2_1',1907,'none'
'fin_markka_2_1',1908,'none'
'fin_markka_2_1',1909,'none'
'fin_markka_2_1',1910,'none'
'fin_markka_2_1',1911,'none'
'fin_markka_2_1',1912,'none'
'fin_markka_2_1',1913,'none'
'fin_markka_2_1',1914,'none'
'fin_markka_2_1',1915,'none'
'fin_markka_2_1',1916,'none'
'fin_markka_2_1',1917,'none'
'fin_markka_500_1',1951,'none'
'fin_markka_500_1',1952,'none'
'fin_pennia_25_1',1864,'none'
'fin_pennia_25_1',1865,'none'
'fin_pennia_25_1',1866,'none'
'fin_pennia_25_1',1867,'none'
'fin_pennia_25_1',1868,'none'
'fin_pennia_25_1',1869,'none'
'fin_pennia_25_1',1870,'none'
'fin_pennia_25_1',1871,'none'
'fin_pennia_25_1',1872,'none'
'fin_pennia_25_1',1873,'none'
'fin_pennia_25_1',1874,'none'
'fin_pennia_25_1',1875,'none'
'fin_pennia_25_1',1876,'none'
'fin_pennia_25_1',1877,'none'
'fin_pennia_25_1',1878,'none'
'fin_pennia_25_1',1879,'none'
'fin_pennia_25_1',1880,'none'
'fin_pennia_25_1',1881,'none'
'fin_pennia_25_1',1882,'none'
'fin_pennia_25_1',1883,'none'
'fin_pennia_25_1',1884,'none'
'fin_pennia_25_1',1885,'none'
'fin_pennia_25_1',1886,'none'
'fin_pennia_25_1',1887,'none'
'fin_pennia_25_1',1888,'none'
'fin_pennia_25_1',1889,'none'
'fin_pennia_25_1',1890,'none'
'fin_pennia_25_1',1891,'none'
'fin_pennia_25_1',1892,'none'
'fin_pennia_25_1',1893,'none'
'fin_pennia_25_1',1894,'none'
'fin_pennia_25_1',1895,'none'
'fin_pennia_25_1',1896,'none'
'fin_pennia_25_1',1897,'none'
'fin_pennia_25_1',1898,'none'
'fin_pennia_25_1',1899,'none'
'fin_pennia_25_1',1900,'none'
'fin_pennia_25_1',1901,'none'
'fin_pennia_25_1',1902,'none'
'fin_pennia_25_1',1903,'none'
'fin_pennia_25_1',1904,'none'
'fin_pennia_25_1',1905,'none'
'fin_pennia_25_1',1906,'none'
'fin_pennia_25_1',1907,'none'
'fin_pennia_25_1',1908,'none'
'fin_pennia_25_1',1909,'none'
'fin_pennia_25_1',1910,'none'
'fin_pennia_25_1',1911,'none'
'fin_pennia_25_1',1912,'none'
'fin_pennia_25_1',1913,'none'
'fin_pennia_25_1',1914,'none'
'fin_pennia_25_1',1915,'none'
'fin_pennia_25_1',1916,'none'
'fin_pennia_25_1',1917,'none'
'fin_pennia_50_1',1864,'none'
'fin_pennia_50_1',1865,'none'
'fin_pennia_50_1',1866,'none'
'fin_pennia_50_1',1867,'none'
'fin_pennia_50_1',1868,'none'
'fin_pennia_50_1',1869,'none'
'fin_pennia_50_1',1870,'none'
'fin_pennia_50_1',1871,'none'
'fin_pennia_50_1',1872,'none'
'fin_pennia_50_1',1873,'none'
'fin_pennia_50_1',1874,'none'
'fin_pennia_50_1',1875,'none'
'fin_pennia_50_1',1876,'none'
'fin_pennia_50_1',1877,'none'
'fin_pennia_50_1',1878,'none'
'fin_pennia_50_1',1879,'none'
'fin_pennia_50_1',1880,'none'
'fin_pennia_50_1',1881,'none'
'fin_pennia_50_1',1882,'none'
'fin_pennia_50_1',1883,'none'
'fin_pennia_50_1',1884,'none'
'fin_pennia_50_1',1885,'none'
'fin_pennia_50_1',1886,'none'
'fin_pennia_50_1',1887,'none'
'fin_pennia_50_1',1888,'none'
'fin_pennia_50_1',1889,'none'
'fin_pennia_50_1',1890,'none'
'fin_pennia_50_1',1891,'none'
'fin_pennia_50_1',1892,'none'
'fin_pennia_50_1',1893,'none'
'fin_pennia_50_1',1894,'none'
'fin_pennia_50_1',1895,'none'
'fin_pennia_50_1',1896,'none'
'fin_pennia_50_1',1897,'none'
'fin_pennia_50_1',1898,'none'
'fin_pennia_50_1',1899,'none'
'fin_pennia_50_1',1900,'none'
'fin_pennia_50_1',1901,'none'
'fin_pennia_50_1',1902,'none'
'fin_pennia_50_1',1903,'none'
'fin_pennia_50_1',1904,'none'
'fin_pennia_50_1',1905,'none'
'fin_pennia_50_1',1906,'none'
'fin_pennia_50_1',1907,'none'
'fin_pennia_50_1',1908,'none'
'fin_pennia_50_1',1909,'none'
'fin_pennia_50_1',1910,'none'
'fin_pennia_50_1',1911,'none'
'fin_pennia_50_1',1912,'none'
'fin_pennia_50_1',1913,'none'
'fin_pennia_50_1',1914,'none'
'fin_pennia_50_1',1915,'none'
'fin_pennia_50_1',1916,'none'
'fin_pennia_50_1',1917,'none'
'fji_florin_1_1',1934,'none'
'fji_florin_1_1',1935,'none'
'fji_florin_1_1',1936,'none'
'fji_florin_1_1',1937,'none'
'fji_florin_1_1',1938,'none'
'fji_florin_1_1',1939,'none'
'fji_florin_1_1',1940,'none'
'fji_florin_1_1',1941,'none'
'fji_florin_1_1',1942,'none'
'fji_florin_1_1',1943,'none'
'fji_florin_1_1',1944,'none'
'fji_florin_1_1',1945,'none'
'fji_florin_1_2',1942,'none'
'fji_florin_1_2',1943,'none'
'fji_penny_6_1',1934,'none'
'fji_penny_6_1',1935,'none'
'fji_penny_6_1',1936,'none'
'fji_penny_6_1',1937,'none'
'fji_penny_6_1',1938,'none'
'fji_penny_6_1',1939,'none'
'fji_penny_6_1',1940,'none'
'fji_penny_6_1',1941,'none'
'fji_penny_6_1',1942,'none'
'fji_penny_6_1',1943,'none'
'fji_penny_6_1',1944,'none'
'fji_penny_6_1',1945,'none'
'fji_penny_6_2',1942,'none'
'fji_penny_6_2',1943,'none'
'fji_shilling_1_1',1934,'none'
'fji_shilling_1_1',1935,'none'
'fji_shilling_1_1',1936,'none'
'fji_shilling_1_1',1937,'none'
'fji_shilling_1_1',1938,'none'
'fji_shilling_1_1',1939,'none'
'fji_shilling_1_1',1940,'none'
'fji_shilling_1_1',1941,'none'
'fji_shilling_1_1',1942,'none'
'fji_shilling_1_1',1943,'none'
'fji_shilling_1_1',1944,'none'
'fji_shilling_1_1',1945,'none'
'fji_shilling_1_2',1942,'none'
'fji_shilling_1_2',1943,'none'
'fra_centime_20_1',1849,'none'
'fra_centime_20_1',1850,'none'
'fra_centime_20_1',1851,'none'
'fra_centime_20_1',1852,'none'
'fra_centime_20_1',1853,'none'
'fra_centime_20_1',1854,'none'
'fra_centime_20_1',1855,'none'
'fra_centime_20_1',1856,'none'
'fra_centime_20_1',1857,'none'
'fra_centime_20_1',1858,'none'
'fra_centime_20_1',1859,'none'
'fra_centime_20_1',1860,'none'
'fra_centime_20_1',1861,'none'
'fra_centime_20_1',1862,'none'
'fra_centime_20_1',1863,'none'
'fra_centime_20_1',1867,'none'
'fra_centime_20_1',1868,'none'
'fra_centime_20_1',1869,'none'
'fra_centime_20_1',1878,'none'
'fra_centime_20_1',1889,'none'
'fra_centime_50_1',1849,'none'
'fra_centime_50_1',1850,'none'
'fra_centime_50_1',1851,'none'
'fra_centime_50_1',1852,'none'
'fra_centime_50_1',1853,'none'
'fra_centime_50_1',1854,'none'
'fra_centime_50_1',1855,'none'
'fra_centime_50_1',1856,'none'
'fra_centime_50_1',1857,'none'
'fra_centime_50_1',1858,'none'
'fra_centime_50_1',1859,'none'
'fra_centime_50_1',1860,'none'
'fra_centime_50_1',1861,'none'
'fra_centime_50_1',1862,'none'
'fra_centime_50_1',1863,'none'
'fra_centime_50_1',1864,'none'
'fra_centime_50_1',1865,'none'
'fra_centime_50_1',1866,'none'
'fra_centime_50_2',1866,'none'
'fra_centime_50_2',1867,'none'
'fra_centime_50_2',1868,'none'
'fra_centime_50_2',1869,'none'
'fra_centime_50_2',1871,'none'
'fra_centime_50_2',1872,'none'
'fra_centime_50_2',1873,'none'
'fra_centime_50_2',1874,'none'
'fra_centime_50_2',1875,'none'
'fra_centime_50_2',1876,'none'
'fra_centime_50_2',1877,'none'
'fra_centime_50_2',1878,'none'
'fra_centime_50_2',1879,'none'
'fra_centime_50_2',1880,'none'
'fra_centime_50_2',1881,'none'
'fra_centime_50_2',1882,'none'
'fra_centime_50_2',1883,'none'
'fra_centime_50_2',1884,'none'
'fra_centime_50_2',1885,'none'
'fra_centime_50_2',1886,'none'
'fra_centime_50_2',1887,'none'
'fra_centime_50_2',1888,'none'
'fra_centime_50_2',1889,'none'
'fra_centime_50_2',1890,'none'
'fra_centime_50_2',1891,'none'
'fra_centime_50_2',1892,'none'
'fra_centime_50_2',1893,'none'
'fra_centime_50_2',1894,'none'
'fra_centime_50_2',1895,'none'
'fra_centime_50_2',1897,'none'
'fra_centime_50_2',1898,'none'
'fra_centime_50_2',1899,'none'
'fra_centime_50_2',1900,'none'
'fra_centime_50_2',1901,'none'
'fra_centime_50_2',1902,'none'
'fra_centime_50_2',1903,'none'
'fra_centime_50_2',1904,'none'
'fra_centime_50_2',1905,'none'
'fra_centime_50_2',1906,'none'
'fra_centime_50_2',1907,'none'
'fra_centime_50_2',1908,'none'
'fra_centime_50_2',1909,'none'
'fra_centime_50_2',1910,'none'
'fra_centime_50_2',1911,'none'
'fra_centime_50_2',1912,'none'
'fra_centime_50_2',1913,'none'
'fra_centime_50_2',1914,'none'
'fra_centime_50_2',1915,'none'
'fra_centime_50_2',1916,'none'
'fra_centime_50_2',1917,'none'
'fra_centime_50_2',1918,'none'
'fra_centime_50_2',1919,'none'
'fra_centime_50_2',1920,'none'
'fra_franc_100_1',1982,'none'
'fra_franc_100_1',1983,'none'
'fra_franc_100_1',1984,'none'
'fra_franc_100_1',1985,'none'
'fra_franc_100_1',1986,'none'
'fra_franc_100_1',1987,'none'
'fra_franc_100_1',1988,'none'
'fra_franc_100_1',1989,'none'
'fra_franc_100_1',1990,'none'
'fra_franc_100_1',1991,'none'
'fra_franc_100_1',1992,'none'
'fra_franc_100_1',1993,'none'
'fra_franc_100_1',1994,'none'
'fra_franc_100_1',1995,'none'
'fra_franc_100_1',1996,'none'
'fra_franc_100_1',1997,'none'
'fra_franc_100_1',1998,'none'
'fra_franc_100_1',1999,'none'
'fra_franc_100_1',2000,'none'
'fra_franc_100_2',1855,'none'
'fra_franc_100_2',1856,'none'
'fra_franc_100_2',1857,'none'
'fra_franc_100_2',1858,'none'
'fra_franc_100_2',1859,'none'
'fra_franc_100_2',1860,'none'
'fra_franc_100_2',1861,'none'
'fra_franc_100_2',1878,'none'
'fra_franc_100_2',1879,'none'
'fra_franc_100_2',1880,'none'
'fra_franc_100_2',1881,'none'
'fra_franc_100_2',1882,'none'
'fra_franc_100_2',1883,'none'
'fra_franc_100_2',1884,'none'
'fra_franc_100_2',1885,'none'
'fra_franc_100_2',1886,'none'
'fra_franc_100_2',1887,'none'
'fra_franc_100_2',1888,'none'
'fra_franc_100_2',1889,'none'
'fra_franc_100_2',1890,'none'
'fra_franc_100_2',1891,'none'
'fra_franc_100_2',1892,'none'
'fra_franc_100_2',1893,'none'
'fra_franc_100_2',1894,'none'
'fra_franc_100_2',1895,'none'
'fra_franc_100_2',1896,'none'
'fra_franc_100_2',1897,'none'
'fra_franc_100_2',1898,'none'
'fra_franc_100_2',1899,'none'
'fra_franc_100_2',1900,'none'
'fra_franc_100_2',1901,'none'
'fra_franc_100_2',1902,'none'
'fra_franc_100_2',1903,'none'
'fra_franc_100_2',1904,'none'
'fra_franc_100_2',1905,'none'
'fra_franc_100_2',1906,'none'
'fra_franc_100_3',1929,'none'
'fra_franc_100_3',1930,'none'
'fra_franc_100_3',1931,'none'
'fra_franc_100_3',1932,'none'
'fra_franc_100_3',1933,'none'
'fra_franc_100_3',1934,'none'
'fra_franc_100_3',1935,'none'
'fra_franc_100_3',1936,'none'
'fra_franc_10_1',1929,'none'
'fra_franc_10_1',1930,'none'
'fra_franc_10_1',1931,'none'
'fra_franc_10_1',1932,'none'
'fra_franc_10_1',1933,'none'
'fra_franc_10_1',1934,'none'
'fra_franc_10_1',1937,'none'
'fra_franc_10_1',1938,'none'
'fra_franc_10_1',1939,'none'
'fra_franc_10_2',1850,'none'
'fra_franc_10_2',1851,'none'
'fra_franc_10_2',1854,'none'
'fra_franc_10_2',1855,'none'
'fra_franc_10_2',1856,'none'
'fra_franc_10_2',1857,'none'
'fra_franc_10_2',1858,'none'
'fra_franc_10_2',1859,'none'
'fra_franc_10_2',1860,'none'
'fra_franc_10_2',1861,'none'
'fra_franc_10_2',1862,'none'
'fra_franc_10_2',1863,'none'
'fra_franc_10_2',1864,'none'
'fra_franc_10_2',1865,'none'
'fra_franc_10_2',1866,'none'
'fra_franc_10_2',1867,'none'
'fra_franc_10_2',1868,'none'
'fra_franc_10_2',1869,'none'
'fra_franc_10_2',1895,'none'
'fra_franc_10_2',1896,'none'
'fra_franc_10_2',1897,'none'
'fra_franc_10_2',1898,'none'
'fra_franc_10_2',1899,'none'
'fra_franc_10_2',1900,'none'
'fra_franc_10_2',1901,'none'
'fra_franc_10_2',1902,'none'
'fra_franc_10_2',1903,'none'
'fra_franc_10_2',1904,'none'
'fra_franc_10_2',1905,'none'
'fra_franc_10_2',1906,'none'
'fra_franc_10_2',1907,'none'
'fra_franc_10_2',1908,'none'
'fra_franc_10_2',1909,'none'
'fra_franc_10_2',1910,'none'
'fra_franc_10_2',1911,'none'
'fra_franc_10_2',1912,'none'
'fra_franc_10_2',1913,'none'
'fra_franc_10_2',1914,'none'
'fra_franc_1_1',1848,'none'
'fra_franc_1_1',1849,'none'
'fra_franc_1_1',1850,'none'
'fra_franc_1_1',1851,'none'
'fra_franc_1_1',1852,'none'
'fra_franc_1_1',1853,'none'
'fra_franc_1_1',1854,'none'
'fra_franc_1_1',1855,'none'
'fra_franc_1_1',1856,'none'
'fra_franc_1_1',1857,'none'
'fra_franc_1_1',1858,'none'
'fra_franc_1_1',1859,'none'
'fra_franc_1_1',1860,'none'
'fra_franc_1_1',1861,'none'
'fra_franc_1_1',1862,'none'
'fra_franc_1_1',1863,'none'
'fra_franc_1_1',1864,'none'
'fra_franc_1_1',1866,'none'
'fra_franc_1_2',1866,'none'
'fra_franc_1_2',1867,'none'
'fra_franc_1_2',1868,'none'
'fra_franc_1_2',1869,'none'
'fra_franc_1_2',1870,'none'
'fra_franc_1_2',1871,'none'
'fra_franc_1_2',1872,'none'
'fra_franc_1_2',1873,'none'
'fra_franc_1_2',1874,'none'
'fra_franc_1_2',1875,'none'
'fra_franc_1_2',1876,'none'
'fra_franc_1_2',1877,'none'
'fra_franc_1_2',1878,'none'
'fra_franc_1_2',1879,'none'
'fra_franc_1_2',1880,'none'
'fra_franc_1_2',1881,'none'
'fra_franc_1_2',1882,'none'
'fra_franc_1_2',1883,'none'
'fra_franc_1_2',1884,'none'
'fra_franc_1_2',1885,'none'
'fra_franc_1_2',1886,'none'
'fra_franc_1_2',1887,'none'
'fra_franc_1_2',1888,'none'
'fra_franc_1_2',1889,'none'
'fra_franc_1_2',1890,'none'
'fra_franc_1_2',1891,'none'
'fra_franc_1_2',1892,'none'
'fra_franc_1_2',1893,'none'
'fra_franc_1_2',1894,'none'
'fra_franc_1_2',1895,'none'
'fra_franc_1_2',1898,'none'
'fra_franc_1_2',1899,'none'
'fra_franc_1_2',1900,'none'
'fra_franc_1_2',1901,'none'
'fra_franc_1_2',1902,'none'
'fra_franc_1_2',1903,'none'
'fra_franc_1_2',1904,'none'
'fra_franc_1_2',1905,'none'
'fra_franc_1_2',1906,'none'
'fra_franc_1_2',1907,'none'
'fra_franc_1_2',1908,'none'
'fra_franc_1_2',1909,'none'
'fra_franc_1_2',1910,'none'
'fra_franc_1_2',1911,'none'
'fra_franc_1_2',1912,'none'
'fra_franc_1_2',1913,'none'
'fra_franc_1_2',1914,'none'
'fra_franc_1_2',1915,'none'
'fra_franc_1_2',1916,'none'
'fra_franc_1_2',1917,'none'
'fra_franc_1_2',1918,'none'
'fra_franc_1_2',1919,'none'
'fra_franc_1_2',1920,'none'
'fra_franc_20_1',1848,'none'
'fra_franc_20_1',1849,'none'
'fra_franc_20_1',1850,'none'
'fra_franc_20_1',1851,'none'
'fra_franc_20_1',1852,'none'
'fra_franc_20_1',1853,'none'
'fra_franc_20_1',1854,'none'
'fra_franc_20_1',1855,'none'
'fra_franc_20_1',1856,'none'
'fra_franc_20_1',1857,'none'
'fra_franc_20_1',1858,'none'
'fra_franc_20_1',1859,'none'
'fra_franc_20_1',1860,'none'
'fra_franc_20_1',1861,'none'
'fra_franc_20_1',1862,'none'
'fra_franc_20_1',1863,'none'
'fra_franc_20_1',1864,'none'
'fra_franc_20_1',1865,'none'
'fra_franc_20_1',1866,'none'
'fra_franc_20_1',1867,'none'
'fra_franc_20_1',1868,'none'
'fra_franc_20_1',1869,'none'
'fra_franc_20_1',1870,'none'
'fra_franc_20_1',1871,'none'
'fra_franc_20_1',1872,'none'
'fra_franc_20_1',1873,'none'
'fra_franc_20_1',1874,'none'
'fra_franc_20_1',1875,'none'
'fra_franc_20_1',1876,'none'
'fra_franc_20_1',1877,'none'
'fra_franc_20_1',1878,'none'
'fra_franc_20_1',1879,'none'
'fra_franc_20_1',1880,'none'
'fra_franc_20_1',1881,'none'
'fra_franc_20_1',1882,'none'
'fra_franc_20_1',1883,'none'
'fra_franc_20_1',1884,'none'
'fra_franc_20_1',1885,'none'
'fra_franc_20_1',1886,'none'
'fra_franc_20_1',1887,'none'
'fra_franc_20_1',1888,'none'
'fra_franc_20_1',1889,'none'
'fra_franc_20_1',1890,'none'
'fra_franc_20_1',1891,'none'
'fra_franc_20_1',1892,'none'
'fra_franc_20_1',1893,'none'
'fra_franc_20_1',1894,'none'
'fra_franc_20_1',1895,'none'
'fra_franc_20_1',1896,'none'
'fra_franc_20_1',1897,'none'
'fra_franc_20_1',1898,'none'
'fra_franc_20_1',1899,'none'
'fra_franc_20_1',1900,'none'
'fra_franc_20_1',1901,'none'
'fra_franc_20_1',1902,'none'
'fra_franc_20_1',1903,'none'
'fra_franc_20_1',1904,'none'
'fra_franc_20_1',1905,'none'
'fra_franc_20_1',1906,'none'
'fra_franc_20_1',1907,'none'
'fra_franc_20_1',1908,'none'
'fra_franc_20_1',1909,'none'
'fra_franc_20_1',1910,'none'
'fra_franc_20_1',1911,'none'
'fra_franc_20_1',1912,'none'
'fra_franc_20_1',1913,'none'
'fra_franc_20_1',1914,'none'
'fra_franc_20_2',1929,'none'
'fra_franc_20_2',1930,'none'
'fra_franc_20_2',1931,'none'
'fra_franc_20_2',1932,'none'
'fra_franc_20_2',1933,'none'
'fra_franc_20_2',1934,'none'
'fra_franc_20_2',1935,'none'
'fra_franc_20_2',1936,'none'
'fra_franc_20_2',1937,'none'
'fra_franc_20_2',1938,'none'
'fra_franc_20_2',1939,'none'
'fra_franc_2_1',1848,'none'
'fra_franc_2_1',1849,'none'
'fra_franc_2_1',1850,'none'
'fra_franc_2_1',1851,'none'
'fra_franc_2_1',1853,'none'
'fra_franc_2_1',1854,'none'
'fra_franc_2_1',1855,'none'
'fra_franc_2_1',1856,'none'
'fra_franc_2_1',1857,'none'
'fra_franc_2_1',1858,'none'
'fra_franc_2_1',1859,'none'
'fra_franc_2_1',1866,'none'
'fra_franc_2_1',1867,'none'
'fra_franc_2_1',1868,'none'
'fra_franc_2_1',1869,'none'
'fra_franc_2_1',1870,'none'
'fra_franc_2_1',1871,'none'
'fra_franc_2_1',1872,'none'
'fra_franc_2_1',1873,'none'
'fra_franc_2_1',1874,'none'
'fra_franc_2_1',1875,'none'
'fra_franc_2_1',1876,'none'
'fra_franc_2_1',1877,'none'
'fra_franc_2_1',1878,'none'
'fra_franc_2_1',1879,'none'
'fra_franc_2_1',1880,'none'
'fra_franc_2_1',1881,'none'
'fra_franc_2_1',1882,'none'
'fra_franc_2_1',1883,'none'
'fra_franc_2_1',1884,'none'
'fra_franc_2_1',1885,'none'
'fra_franc_2_1',1886,'none'
'fra_franc_2_1',1887,'none'
'fra_franc_2_1',1888,'none'
'fra_franc_2_1',1889,'none'
'fra_franc_2_1',1890,'none'
'fra_franc_2_1',1891,'none'
'fra_franc_2_1',1892,'none'
'fra_franc_2_1',1893,'none'
'fra_franc_2_1',1894,'none'
'fra_franc_2_1',1895,'none'
'fra_franc_2_1',1898,'none'
'fra_franc_2_1',1899,'none'
'fra_franc_2_1',1900,'none'
'fra_franc_2_1',1901,'none'
'fra_franc_2_1',1902,'none'
'fra_franc_2_1',1903,'none'
'fra_franc_2_1',1904,'none'
'fra_franc_2_1',1905,'none'
'fra_franc_2_1',1906,'none'
'fra_franc_2_1',1907,'none'
'fra_franc_2_1',1908,'none'
'fra_franc_2_1',1909,'none'
'fra_franc_2_1',1910,'none'
'fra_franc_2_1',1911,'none'
'fra_franc_2_1',1912,'none'
'fra_franc_2_1',1913,'none'
'fra_franc_2_1',1914,'none'
'fra_franc_2_1',1915,'none'
'fra_franc_2_1',1916,'none'
'fra_franc_2_1',1917,'none'
'fra_franc_2_1',1918,'none'
'fra_franc_2_1',1919,'none'
'fra_franc_2_1',1920,'none'
'fra_franc_50_1',1855,'none'
'fra_franc_50_1',1856,'none'
'fra_franc_50_1',1857,'none'
'fra_franc_50_1',1858,'none'
'fra_franc_50_1',1859,'none'
'fra_franc_50_1',1860,'none'
'fra_franc_50_1',1862,'none'
'fra_franc_50_1',1863,'none'
'fra_franc_50_1',1864,'none'
'fra_franc_50_1',1865,'none'
'fra_franc_50_1',1866,'none'
'fra_franc_50_1',1867,'none'
'fra_franc_50_1',1868,'none'
'fra_franc_50_1',1869,'none'
'fra_franc_50_1',1878,'none'
'fra_franc_50_1',1879,'none'
'fra_franc_50_1',1880,'none'
'fra_franc_50_1',1881,'none'
'fra_franc_50_1',1882,'none'
'fra_franc_50_1',1883,'none'
'fra_franc_50_1',1884,'none'
'fra_franc_50_1',1885,'none'
'fra_franc_50_1',1886,'none'
'fra_franc_50_1',1887,'none'
'fra_franc_50_1',1888,'none'
'fra_franc_50_1',1889,'none'
'fra_franc_50_1',1890,'none'
'fra_franc_50_1',1891,'none'
'fra_franc_50_1',1892,'none'
'fra_franc_50_1',1893,'none'
'fra_franc_50_1',1894,'none'
'fra_franc_50_1',1895,'none'
'fra_franc_50_1',1896,'none'
'fra_franc_50_1',1897,'none'
'fra_franc_50_1',1898,'none'
'fra_franc_50_1',1899,'none'
'fra_franc_50_1',1900,'none'
'fra_franc_50_1',1901,'none'
'fra_franc_50_1',1902,'none'
'fra_franc_50_1',1903,'none'
'fra_franc_50_1',1904,'none'
'fra_franc_5_1',1848,'none'
'fra_franc_5_1',1849,'none'
'fra_franc_5_1',1850,'none'
'fra_franc_5_1',1851,'none'
'fra_franc_5_1',1852,'none'
'fra_franc_5_1',1854,'none'
'fra_franc_5_1',1855,'none'
'fra_franc_5_1',1856,'none'
'fra_franc_5_1',1857,'none'
'fra_franc_5_1',1858,'none'
'fra_franc_5_1',1859,'none'
'fra_franc_5_1',1861,'none'
'fra_franc_5_1',1862,'none'
'fra_franc_5_1',1863,'none'
'fra_franc_5_1',1864,'none'
'fra_franc_5_1',1865,'none'
'fra_franc_5_1',1866,'none'
'fra_franc_5_1',1867,'none'
'fra_franc_5_1',1868,'none'
'fra_franc_5_1',1869,'none'
'fra_franc_5_1',1870,'none'
'fra_franc_5_1',1871,'none'
'fra_franc_5_1',1872,'none'
'fra_franc_5_1',1873,'none'
'fra_franc_5_1',1874,'none'
'fra_franc_5_1',1875,'none'
'fra_franc_5_1',1876,'none'
'fra_franc_5_1',1877,'none'
'fra_franc_5_1',1878,'none'
'fra_franc_5_2',1960,'none'
'fra_franc_5_2',1961,'none'
'fra_franc_5_2',1962,'none'
'fra_franc_5_2',1963,'none'
'fra_franc_5_2',1964,'none'
'fra_franc_5_2',1965,'none'
'fra_franc_5_2',1966,'none'
'fra_franc_5_2',1967,'none'
'fra_franc_5_2',1968,'none'
'fra_franc_5_2',1969,'none'
'fra_franc_5_3',1854,'none'
'fra_franc_5_3',1855,'none'
'fra_franc_5_3',1856,'none'
'fra_franc_5_3',1857,'none'
'fra_franc_5_3',1858,'none'
'fra_franc_5_3',1859,'none'
'fra_franc_5_3',1860,'none'
'fra_franc_5_3',1862,'none'
'fra_franc_5_3',1863,'none'
'fra_franc_5_3',1864,'none'
'fra_franc_5_3',1865,'none'
'fra_franc_5_3',1866,'none'
'fra_franc_5_3',1867,'none'
'fra_franc_5_3',1868,'none'
'fra_franc_5_3',1869,'none'
'gbr_crown_1_1',1837,'none'
'gbr_crown_1_1',1838,'none'
'gbr_crown_1_1',1839,'none'
'gbr_crown_1_1',1840,'none'
'gbr_crown_1_1',1841,'none'
'gbr_crown_1_1',1842,'none'
'gbr_crown_1_1',1843,'none'
'gbr_crown_1_1',1844,'none'
'gbr_crown_1_1',1845,'none'
'gbr_crown_1_1',1846,'none'
'gbr_crown_1_1',1847,'none'
'gbr_crown_1_1',1848,'none'
'gbr_crown_1_1',1849,'none'
'gbr_crown_1_1',1850,'none'
'gbr_crown_1_1',1851,'none'
'gbr_crown_1_1',1852,'none'
'gbr_crown_1_1',1853,'none'
'gbr_crown_1_1',1854,'none'
'gbr_crown_1_1',1855,'none'
'gbr_crown_1_1',1856,'none'
'gbr_crown_1_1',1857,'none'
'gbr_crown_1_1',1858,'none'
'gbr_crown_1_1',1859,'none'
'gbr_crown_1_1',1860,'none'
'gbr_crown_1_1',1861,'none'
'gbr_crown_1_1',1862,'none'
'gbr_crown_1_1',1863,'none'
'gbr_crown_1_1',1864,'none'
'gbr_crown_1_1',1865,'none'
'gbr_crown_1_1',1866,'none'
'gbr_crown_1_1',1867,'none'
'gbr_crown_1_1',1868,'none'
'gbr_crown_1_1',1869,'none'
'gbr_crown_1_1',1870,'none'
'gbr_crown_1_1',1871,'none'
'gbr_crown_1_1',1872,'none'
'gbr_crown_1_1',1873,'none'
'gbr_crown_1_1',1874,'none'
'gbr_crown_1_1',1875,'none'
'gbr_crown_1_1',1876,'none'
'gbr_crown_1_1',1877,'none'
'gbr_crown_1_1',1878,'none'
'gbr_crown_1_1',1879,'none'
'gbr_crown_1_1',1880,'none'
'gbr_crown_1_1',1881,'none'
'gbr_crown_1_1',1882,'none'
'gbr_crown_1_1',1883,'none'
'gbr_crown_1_1',1884,'none'
'gbr_crown_1_1',1885,'none'
'gbr_crown_1_1',1886,'none'
'gbr_crown_1_1',1887,'none'
'gbr_crown_1_1',1888,'none'
'gbr_crown_1_1',1889,'none'
'gbr_crown_1_1',1890,'none'
'gbr_crown_1_1',1891,'none'
'gbr_crown_1_1',1892,'none'
'gbr_crown_1_1',1893,'none'
'gbr_crown_1_1',1894,'none'
'gbr_crown_1_1',1895,'none'
'gbr_crown_1_1',1896,'none'
'gbr_crown_1_1',1897,'none'
'gbr_crown_1_1',1898,'none'
'gbr_crown_1_1',1899,'none'
'gbr_crown_1_1',1900,'none'
'gbr_crown_1_1',1901,'none'
'gbr_crown_1_1',1902,'none'
'gbr_crown_1_1',1903,'none'
'gbr_crown_1_1',1904,'none'
'gbr_crown_1_1',1905,'none'
'gbr_crown_1_1',1906,'none'
'gbr_crown_1_1',1907,'none'
'gbr_crown_1_1',1908,'none'
'gbr_crown_1_1',1909,'none'
'gbr_crown_1_1',1910,'none'
'gbr_crown_1_1',1911,'none'
'gbr_crown_1_1',1912,'none'
'gbr_crown_1_1',1913,'none'
'gbr_crown_1_1',1914,'none'
'gbr_crown_1_1',1915,'none'
'gbr_crown_1_1',1916,'none'
'gbr_crown_1_1',1917,'none'
'gbr_crown_1_1',1918,'none'
'gbr_crown_1_1',1919,'none'
'gbr_crown_1_1',1920,'none'
'gbr_crown_1_2',1920,'none'
'gbr_crown_1_2',1921,'none'
'gbr_crown_1_2',1922,'none'
'gbr_crown_1_2',1923,'none'
'gbr_crown_1_2',1924,'none'
'gbr_crown_1_2',1925,'none'
'gbr_crown_1_2',1926,'none'
'gbr_crown_1_2',1927,'none'
'gbr_crown_1_2',1928,'none'
'gbr_crown_1_2',1929,'none'
'gbr_crown_1_2',1930,'none'
'gbr_crown_1_2',1931,'none'
'gbr_crown_1_2',1932,'none'
'gbr_crown_1_2',1933,'none'
'gbr_crown_1_2',1934,'none'
'gbr_crown_1_2',1935,'none'
'gbr_crown_1_2',1936,'none'
'gbr_crown_1_2',1937,'none'
'gbr_crown_1_2',1938,'none'
'gbr_crown_1_2',1939,'none'
'gbr_crown_1_2',1940,'none'
'gbr_crown_1_2',1941,'none'
'gbr_crown_1_2',1942,'none'
'gbr_crown_1_2',1943,'none'
'gbr_crown_1_2',1944,'none'
'gbr_crown_1_2',1945,'none'
'gbr_crown_1_2',1946,'none'
'gbr_crown_fractional_1_2_1',1837,'none'
'gbr_crown_fractional_1_2_1',1838,'none'
'gbr_crown_fractional_1_2_1',1839,'none'
'gbr_crown_fractional_1_2_1',1840,'none'
'gbr_crown_fractional_1_2_1',1841,'none'
'gbr_crown_fractional_1_2_1',1842,'none'
'gbr_crown_fractional_1_2_1',1843,'none'
'gbr_crown_fractional_1_2_1',1844,'none'
'gbr_crown_fractional_1_2_1',1845,'none'
'gbr_crown_fractional_1_2_1',1846,'none'
'gbr_crown_fractional_1_2_1',1847,'none'
'gbr_crown_fractional_1_2_1',1848,'none'
'gbr_crown_fractional_1_2_1',1849,'none'
'gbr_crown_fractional_1_2_1',1850,'none'
'gbr_crown_fractional_1_2_1',1851,'none'
'gbr_crown_fractional_1_2_1',1852,'none'
'gbr_crown_fractional_1_2_1',1853,'none'
'gbr_crown_fractional_1_2_1',1854,'none'
'gbr_crown_fractional_1_2_1',1855,'none'
'gbr_crown_fractional_1_2_1',1856,'none'
'gbr_crown_fractional_1_2_1',1857,'none'
'gbr_crown_fractional_1_2_1',1858,'none'
'gbr_crown_fractional_1_2_1',1859,'none'
'gbr_crown_fractional_1_2_1',1860,'none'
'gbr_crown_fractional_1_2_1',1861,'none'
'gbr_crown_fractional_1_2_1',1862,'none'
'gbr_crown_fractional_1_2_1',1863,'none'
'gbr_crown_fractional_1_2_1',1864,'none'
'gbr_crown_fractional_1_2_1',1865,'none'
'gbr_crown_fractional_1_2_1',1866,'none'
'gbr_crown_fractional_1_2_1',1867,'none'
'gbr_crown_fractional_1_2_1',1868,'none'
'gbr_crown_fractional_1_2_1',1869,'none'
'gbr_crown_fractional_1_2_1',1870,'none'
'gbr_crown_fractional_1_2_1',1871,'none'
'gbr_crown_fractional_1_2_1',1872,'none'
'gbr_crown_fractional_1_2_1',1873,'none'
'gbr_crown_fractional_1_2_1',1874,'none'
'gbr_crown_fractional_1_2_1',1875,'none'
'gbr_crown_fractional_1_2_1',1876,'none'
'gbr_crown_fractional_1_2_1',1877,'none'
'gbr_crown_fractional_1_2_1',1878,'none'
'gbr_crown_fractional_1_2_1',1879,'none'
'gbr_crown_fractional_1_2_1',1880,'none'
'gbr_crown_fractional_1_2_1',1881,'none'
'gbr_crown_fractional_1_2_1',1882,'none'
'gbr_crown_fractional_1_2_1',1883,'none'
'gbr_crown_fractional_1_2_1',1884,'none'
'gbr_crown_fractional_1_2_1',1885,'none'
'gbr_crown_fractional_1_2_1',1886,'none'
'gbr_crown_fractional_1_2_1',1887,'none'
'gbr_crown_fractional_1_2_1',1888,'none'
'gbr_crown_fractional_1_2_1',1889,'none'
'gbr_crown_fractional_1_2_1',1890,'none'
'gbr_crown_fractional_1_2_1',1891,'none'
'gbr_crown_fractional_1_2_1',1892,'none'
'gbr_crown_fractional_1_2_1',1893,'none'
'gbr_crown_fractional_1_2_1',1894,'none'
'gbr_crown_fractional_1_2_1',1895,'none'
'gbr_crown_fractional_1_2_1',1896,'none'
'gbr_crown_fractional_1_2_1',1897,'none'
'gbr_crown_fractional_1_2_1',1898,'none'
'gbr_crown_fractional_1_2_1',1899,'none'
'gbr_crown_fractional_1_2_1',1900,'none'
'gbr_crown_fractional_1_2_1',1901,'none'
'gbr_crown_fractional_1_2_1',1902,'none'
'gbr_crown_fractional_1_2_1',1903,'none'
'gbr_crown_fractional_1_2_1',1904,'none'
'gbr_crown_fractional_1_2_1',1905,'none'
'gbr_crown_fractional_1_2_1',1906,'none'
'gbr_crown_fractional_1_2_1',1907,'none'
'gbr_crown_fractional_1_2_1',1908,'none'
'gbr_crown_fractional_1_2_1',1909,'none'
'gbr_crown_fractional_1_2_1',1910,'none'
'gbr_crown_fractional_1_2_1',1911,'none'
'gbr_crown_fractional_1_2_1',1912,'none'
'gbr_crown_fractional_1_2_1',1913,'none'
'gbr_crown_fractional_1_2_1',1914,'none'
'gbr_crown_fractional_1_2_1',1915,'none'
'gbr_crown_fractional_1_2_1',1916,'none'
'gbr_crown_fractional_1_2_1',1917,'none'
'gbr_crown_fractional_1_2_1',1918,'none'
'gbr_crown_fractional_1_2_1',1919,'none'
'gbr_crown_fractional_1_2_1',1920,'none'
'gbr_crown_fractional_1_2_2',1920,'none'
'gbr_crown_fractional_1_2_2',1921,'none'
'gbr_crown_fractional_1_2_2',1922,'none'
'gbr_crown_fractional_1_2_2',1923,'none'
'gbr_crown_fractional_1_2_2',1924,'none'
'gbr_crown_fractional_1_2_2',1925,'none'
'gbr_crown_fractional_1_2_2',1926,'none'
'gbr_crown_fractional_1_2_2',1927,'none'
'gbr_crown_fractional_1_2_2',1928,'none'
'gbr_crown_fractional_1_2_2',1929,'none'
'gbr_crown_fractional_1_2_2',1930,'none'
'gbr_crown_fractional_1_2_2',1931,'none'
'gbr_crown_fractional_1_2_2',1932,'none'
'gbr_crown_fractional_1_2_2',1933,'none'
'gbr_crown_fractional_1_2_2',1934,'none'
'gbr_crown_fractional_1_2_2',1935,'none'
'gbr_crown_fractional_1_2_2',1936,'none'
'gbr_crown_fractional_1_2_2',1937,'none'
'gbr_crown_fractional_1_2_2',1938,'none'
'gbr_crown_fractional_1_2_2',1939,'none'
'gbr_crown_fractional_1_2_2',1940,'none'
'gbr_crown_fractional_1_2_2',1941,'none'
'gbr_crown_fractional_1_2_2',1942,'none'
'gbr_crown_fractional_1_2_2',1943,'none'
'gbr_crown_fractional_1_2_2',1944,'none'
'gbr_crown_fractional_1_2_2',1945,'none'
'gbr_crown_fractional_1_2_2',1946,'none'
'gbr_dollar_1_1',1895,'none'
'gbr_dollar_1_1',1896,'none'
'gbr_dollar_1_1',1897,'none'
'gbr_dollar_1_1',1898,'none'
'gbr_dollar_1_1',1899,'none'
'gbr_dollar_1_1',1900,'none'
'gbr_dollar_1_1',1901,'none'
'gbr_dollar_1_1',1902,'none'
'gbr_dollar_1_1',1903,'none'
'gbr_dollar_1_1',1904,'none'
'gbr_dollar_1_1',1905,'none'
'gbr_dollar_1_1',1906,'none'
'gbr_dollar_1_1',1907,'none'
'gbr_dollar_1_1',1908,'none'
'gbr_dollar_1_1',1909,'none'
'gbr_dollar_1_1',1910,'none'
'gbr_dollar_1_1',1911,'none'
'gbr_dollar_1_1',1912,'none'
'gbr_dollar_1_1',1913,'none'
'gbr_dollar_1_1',1914,'none'
'gbr_dollar_1_1',1915,'none'
'gbr_dollar_1_1',1916,'none'
'gbr_dollar_1_1',1917,'none'
'gbr_dollar_1_1',1918,'none'
'gbr_dollar_1_1',1919,'none'
'gbr_dollar_1_1',1920,'none'
'gbr_dollar_1_1',1921,'none'
'gbr_dollar_1_1',1922,'none'
'gbr_dollar_1_1',1923,'none'
'gbr_dollar_1_1',1924,'none'
'gbr_dollar_1_1',1925,'none'
'gbr_dollar_1_1',1926,'none'
'gbr_dollar_1_1',1927,'none'
'gbr_dollar_1_1',1928,'none'
'gbr_dollar_1_1',1929,'none'
'gbr_dollar_1_1',1930,'none'
'gbr_dollar_1_1',1931,'none'
'gbr_dollar_1_1',1932,'none'
'gbr_dollar_1_1',1933,'none'
'gbr_dollar_1_1',1934,'none'
'gbr_dollar_1_1',1935,'none'
'gbr_florin_1_1',1837,'none'
'gbr_florin_1_1',1838,'none'
'gbr_florin_1_1',1839,'none'
'gbr_florin_1_1',1840,'none'
'gbr_florin_1_1',1841,'none'
'gbr_florin_1_1',1842,'none'
'gbr_florin_1_1',1843,'none'
'gbr_florin_1_1',1844,'none'
'gbr_florin_1_1',1845,'none'
'gbr_florin_1_1',1846,'none'
'gbr_florin_1_1',1847,'none'
'gbr_florin_1_1',1848,'none'
'gbr_florin_1_1',1849,'none'
'gbr_florin_1_1',1850,'none'
'gbr_florin_1_1',1851,'none'
'gbr_florin_1_1',1852,'none'
'gbr_florin_1_1',1853,'none'
'gbr_florin_1_1',1854,'none'
'gbr_florin_1_1',1855,'none'
'gbr_florin_1_1',1856,'none'
'gbr_florin_1_1',1857,'none'
'gbr_florin_1_1',1858,'none'
'gbr_florin_1_1',1859,'none'
'gbr_florin_1_1',1860,'none'
'gbr_florin_1_1',1861,'none'
'gbr_florin_1_1',1862,'none'
'gbr_florin_1_1',1863,'none'
'gbr_florin_1_1',1864,'none'
'gbr_florin_1_1',1865,'none'
'gbr_florin_1_1',1866,'none'
'gbr_florin_1_1',1867,'none'
'gbr_florin_1_1',1868,'none'
'gbr_florin_1_1',1869,'none'
'gbr_florin_1_1',1870,'none'
'gbr_florin_1_1',1871,'none'
'gbr_florin_1_1',1872,'none'
'gbr_florin_1_1',1873,'none'
'gbr_florin_1_1',1874,'none'
'gbr_florin_1_1',1875,'none'
'gbr_florin_1_1',1876,'none'
'gbr_florin_1_1',1877,'none'
'gbr_florin_1_1',1878,'none'
'gbr_florin_1_1',1879,'none'
'gbr_florin_1_1',1880,'none'
'gbr_florin_1_1',1881,'none'
'gbr_florin_1_1',1882,'none'
'gbr_florin_1_1',1883,'none'
'gbr_florin_1_1',1884,'none'
'gbr_florin_1_1',1885,'none'
'gbr_florin_1_1',1886,'none'
'gbr_florin_1_1',1887,'none'
'gbr_florin_1_1',1888,'none'
'gbr_florin_1_1',1889,'none'
'gbr_florin_1_1',1890,'none'
'gbr_florin_1_1',1891,'none'
'gbr_florin_1_1',1892,'none'
'gbr_florin_1_1',1893,'none'
'gbr_florin_1_1',1894,'none'
'gbr_florin_1_1',1895,'none'
'gbr_florin_1_1',1896,'none'
'gbr_florin_1_1',1897,'none'
'gbr_florin_1_1',1898,'none'
'gbr_florin_1_1',1899,'none'
'gbr_florin_1_1',1900,'none'
'gbr_florin_1_1',1901,'none'
'gbr_florin_1_1',1902,'none'
'gbr_florin_1_1',1903,'none'
'gbr_florin_1_1',1904,'none'
'gbr_florin_1_1',1905,'none'
'gbr_florin_1_1',1906,'none'
'gbr_florin_1_1',1907,'none'
'gbr_florin_1_1',1908,'none'
'gbr_florin_1_1',1909,'none'
'gbr_florin_1_1',1910,'none'
'gbr_florin_1_1',1911,'none'
'gbr_florin_1_1',1912,'none'
'gbr_florin_1_1',1913,'none'
'gbr_florin_1_1',1914,'none'
'gbr_florin_1_1',1915,'none'
'gbr_florin_1_1',1916,'none'
'gbr_florin_1_1',1917,'none'
'gbr_florin_1_1',1918,'none'
'gbr_florin_1_1',1919,'none'
'gbr_florin_1_1',1920,'none'
'gbr_florin_1_2',1920,'none'
'gbr_florin_1_2',1921,'none'
'gbr_florin_1_2',1922,'none'
'gbr_florin_1_2',1923,'none'
'gbr_florin_1_2',1924,'none'
'gbr_florin_1_2',1925,'none'
'gbr_florin_1_2',1926,'none'
'gbr_florin_1_2',1927,'none'
'gbr_florin_1_2',1928,'none'
'gbr_florin_1_2',1929,'none'
'gbr_florin_1_2',1930,'none'
'gbr_florin_1_2',1931,'none'
'gbr_florin_1_2',1932,'none'
'gbr_florin_1_2',1933,'none'
'gbr_florin_1_2',1934,'none'
'gbr_florin_1_2',1935,'none'
'gbr_florin_1_2',1936,'none'
'gbr_florin_1_2',1937,'none'
'gbr_florin_1_2',1938,'none'
'gbr_florin_1_2',1939,'none'
'gbr_florin_1_2',1940,'none'
'gbr_florin_1_2',1941,'none'
'gbr_florin_1_2',1942,'none'
'gbr_florin_1_2',1943,'none'
'gbr_florin_1_2',1944,'none'
'gbr_florin_1_2',1945,'none'
'gbr_florin_1_2',1946,'none'
'gbr_florin_2_1',1837,'none'
'gbr_florin_2_1',1838,'none'
'gbr_florin_2_1',1839,'none'
'gbr_florin_2_1',1840,'none'
'gbr_florin_2_1',1841,'none'
'gbr_florin_2_1',1842,'none'
'gbr_florin_2_1',1843,'none'
'gbr_florin_2_1',1844,'none'
'gbr_florin_2_1',1845,'none'
'gbr_florin_2_1',1846,'none'
'gbr_florin_2_1',1847,'none'
'gbr_florin_2_1',1848,'none'
'gbr_florin_2_1',1849,'none'
'gbr_florin_2_1',1850,'none'
'gbr_florin_2_1',1851,'none'
'gbr_florin_2_1',1852,'none'
'gbr_florin_2_1',1853,'none'
'gbr_florin_2_1',1854,'none'
'gbr_florin_2_1',1855,'none'
'gbr_florin_2_1',1856,'none'
'gbr_florin_2_1',1857,'none'
'gbr_florin_2_1',1858,'none'
'gbr_florin_2_1',1859,'none'
'gbr_florin_2_1',1860,'none'
'gbr_florin_2_1',1861,'none'
'gbr_florin_2_1',1862,'none'
'gbr_florin_2_1',1863,'none'
'gbr_florin_2_1',1864,'none'
'gbr_florin_2_1',1865,'none'
'gbr_florin_2_1',1866,'none'
'gbr_florin_2_1',1867,'none'
'gbr_florin_2_1',1868,'none'
'gbr_florin_2_1',1869,'none'
'gbr_florin_2_1',1870,'none'
'gbr_florin_2_1',1871,'none'
'gbr_florin_2_1',1872,'none'
'gbr_florin_2_1',1873,'none'
'gbr_florin_2_1',1874,'none'
'gbr_florin_2_1',1875,'none'
'gbr_florin_2_1',1876,'none'
'gbr_florin_2_1',1877,'none'
'gbr_florin_2_1',1878,'none'
'gbr_florin_2_1',1879,'none'
'gbr_florin_2_1',1880,'none'
'gbr_florin_2_1',1881,'none'
'gbr_florin_2_1',1882,'none'
'gbr_florin_2_1',1883,'none'
'gbr_florin_2_1',1884,'none'
'gbr_florin_2_1',1885,'none'
'gbr_florin_2_1',1886,'none'
'gbr_florin_2_1',1887,'none'
'gbr_florin_2_1',1888,'none'
'gbr_florin_2_1',1889,'none'
'gbr_florin_2_1',1890,'none'
'gbr_florin_2_1',1891,'none'
'gbr_florin_2_1',1892,'none'
'gbr_florin_2_1',1893,'none'
'gbr_florin_2_1',1894,'none'
'gbr_florin_2_1',1895,'none'
'gbr_florin_2_1',1896,'none'
'gbr_florin_2_1',1897,'none'
'gbr_florin_2_1',1898,'none'
'gbr_florin_2_1',1899,'none'
'gbr_florin_2_1',1900,'none'
'gbr_florin_2_1',1901,'none'
'gbr_florin_2_1',1902,'none'
'gbr_florin_2_1',1903,'none'
'gbr_florin_2_1',1904,'none'
'gbr_florin_2_1',1905,'none'
'gbr_florin_2_1',1906,'none'
'gbr_florin_2_1',1907,'none'
'gbr_florin_2_1',1908,'none'
'gbr_florin_2_1',1909,'none'
'gbr_florin_2_1',1910,'none'
'gbr_florin_2_1',1911,'none'
'gbr_florin_2_1',1912,'none'
'gbr_florin_2_1',1913,'none'
'gbr_florin_2_1',1914,'none'
'gbr_florin_2_1',1915,'none'
'gbr_florin_2_1',1916,'none'
'gbr_florin_2_1',1917,'none'
'gbr_florin_2_1',1918,'none'
'gbr_florin_2_1',1919,'none'
'gbr_florin_2_1',1920,'none'
'gbr_penny_3_1',1837,'none'
'gbr_penny_3_1',1838,'none'
'gbr_penny_3_1',1839,'none'
'gbr_penny_3_1',1840,'none'
'gbr_penny_3_1',1841,'none'
'gbr_penny_3_1',1842,'none'
'gbr_penny_3_1',1843,'none'
'gbr_penny_3_1',1844,'none'
'gbr_penny_3_1',1845,'none'
'gbr_penny_3_1',1846,'none'
'gbr_penny_3_1',1847,'none'
'gbr_penny_3_1',1848,'none'
'gbr_penny_3_1',1849,'none'
'gbr_penny_3_1',1850,'none'
'gbr_penny_3_1',1851,'none'
'gbr_penny_3_1',1852,'none'
'gbr_penny_3_1',1853,'none'
'gbr_penny_3_1',1854,'none'
'gbr_penny_3_1',1855,'none'
'gbr_penny_3_1',1856,'none'
'gbr_penny_3_1',1857,'none'
'gbr_penny_3_1',1858,'none'
'gbr_penny_3_1',1859,'none'
'gbr_penny_3_1',1860,'none'
'gbr_penny_3_1',1861,'none'
'gbr_penny_3_1',1862,'none'
'gbr_penny_3_1',1863,'none'
'gbr_penny_3_1',1864,'none'
'gbr_penny_3_1',1865,'none'
'gbr_penny_3_1',1866,'none'
'gbr_penny_3_1',1867,'none'
'gbr_penny_3_1',1868,'none'
'gbr_penny_3_1',1869,'none'
'gbr_penny_3_1',1870,'none'
'gbr_penny_3_1',1871,'none'
'gbr_penny_3_1',1872,'none'
'gbr_penny_3_1',1873,'none'
'gbr_penny_3_1',1874,'none'
'gbr_penny_3_1',1875,'none'
'gbr_penny_3_1',1876,'none'
'gbr_penny_3_1',1877,'none'
'gbr_penny_3_1',1878,'none'
'gbr_penny_3_1',1879,'none'
'gbr_penny_3_1',1880,'none'
'gbr_penny_3_1',1881,'none'
'gbr_penny_3_1',1882,'none'
'gbr_penny_3_1',1883,'none'
'gbr_penny_3_1',1884,'none'
'gbr_penny_3_1',1885,'none'
'gbr_penny_3_1',1886,'none'
'gbr_penny_3_1',1887,'none'
'gbr_penny_3_1',1888,'none'
'gbr_penny_3_1',1889,'none'
'gbr_penny_3_1',1890,'none'
'gbr_penny_3_1',1891,'none'
'gbr_penny_3_1',1892,'none'
'gbr_penny_3_1',1893,'none'
'gbr_penny_3_1',1894,'none'
'gbr_penny_3_1',1895,'none'
'gbr_penny_3_1',1896,'none'
'gbr_penny_3_1',1897,'none'
'gbr_penny_3_1',1898,'none'
'gbr_penny_3_1',1899,'none'
'gbr_penny_3_1',1900,'none'
'gbr_penny_3_1',1901,'none'
'gbr_penny_3_1',1902,'none'
'gbr_penny_3_1',1903,'none'
'gbr_penny_3_1',1904,'none'
'gbr_penny_3_1',1905,'none'
'gbr_penny_3_1',1906,'none'
'gbr_penny_3_1',1907,'none'
'gbr_penny_3_1',1908,'none'
'gbr_penny_3_1',1909,'none'
'gbr_penny_3_1',1910,'none'
'gbr_penny_3_1',1911,'none'
'gbr_penny_3_1',1912,'none'
'gbr_penny_3_1',1913,'none'
'gbr_penny_3_1',1914,'none'
'gbr_penny_3_1',1915,'none'
'gbr_penny_3_1',1916,'none'
'gbr_penny_3_1',1917,'none'
'gbr_penny_3_1',1918,'none'
'gbr_penny_3_1',1919,'none'
'gbr_penny_3_1',1920,'none'
'gbr_penny_3_2',1920,'none'
'gbr_penny_3_2',1921,'none'
'gbr_penny_3_2',1922,'none'
'gbr_penny_3_2',1923,'none'
'gbr_penny_3_2',1924,'none'
'gbr_penny_3_2',1925,'none'
'gbr_penny_3_2',1926,'none'
'gbr_penny_3_2',1927,'none'
'gbr_penny_3_2',1928,'none'
'gbr_penny_3_2',1929,'none'
'gbr_penny_3_2',1930,'none'
'gbr_penny_3_2',1931,'none'
'gbr_penny_3_2',1932,'none'
'gbr_penny_3_2',1933,'none'
'gbr_penny_3_2',1934,'none'
'gbr_penny_3_2',1935,'none'
'gbr_penny_3_2',1936,'none'
'gbr_penny_3_2',1937,'none'
'gbr_penny_3_2',1938,'none'
'gbr_penny_3_2',1939,'none'
'gbr_penny_3_2',1940,'none'
'gbr_penny_3_2',1941,'none'
'gbr_penny_3_2',1942,'none'
'gbr_penny_3_2',1943,'none'
'gbr_penny_3_2',1944,'none'
'gbr_penny_3_2',1945,'none'
'gbr_penny_3_2',1946,'none'
'gbr_penny_4_1',1837,'none'
'gbr_penny_4_1',1838,'none'
'gbr_penny_4_1',1839,'none'
'gbr_penny_4_1',1840,'none'
'gbr_penny_4_1',1841,'none'
'gbr_penny_4_1',1842,'none'
'gbr_penny_4_1',1843,'none'
'gbr_penny_4_1',1844,'none'
'gbr_penny_4_1',1845,'none'
'gbr_penny_4_1',1846,'none'
'gbr_penny_4_1',1847,'none'
'gbr_penny_4_1',1848,'none'
'gbr_penny_4_1',1849,'none'
'gbr_penny_4_1',1850,'none'
'gbr_penny_4_1',1851,'none'
'gbr_penny_4_1',1852,'none'
'gbr_penny_4_1',1853,'none'
'gbr_penny_4_1',1854,'none'
'gbr_penny_4_1',1855,'none'
'gbr_penny_4_1',1856,'none'
'gbr_penny_4_1',1857,'none'
'gbr_penny_4_1',1858,'none'
'gbr_penny_4_1',1859,'none'
'gbr_penny_4_1',1860,'none'
'gbr_penny_4_1',1861,'none'
'gbr_penny_4_1',1862,'none'
'gbr_penny_4_1',1863,'none'
'gbr_penny_4_1',1864,'none'
'gbr_penny_4_1',1865,'none'
'gbr_penny_4_1',1866,'none'
'gbr_penny_4_1',1867,'none'
'gbr_penny_4_1',1868,'none'
'gbr_penny_4_1',1869,'none'
'gbr_penny_4_1',1870,'none'
'gbr_penny_4_1',1871,'none'
'gbr_penny_4_1',1872,'none'
'gbr_penny_4_1',1873,'none'
'gbr_penny_4_1',1874,'none'
'gbr_penny_4_1',1875,'none'
'gbr_penny_4_1',1876,'none'
'gbr_penny_4_1',1877,'none'
'gbr_penny_4_1',1878,'none'
'gbr_penny_4_1',1879,'none'
'gbr_penny_4_1',1880,'none'
'gbr_penny_4_1',1881,'none'
'gbr_penny_4_1',1882,'none'
'gbr_penny_4_1',1883,'none'
'gbr_penny_4_1',1884,'none'
'gbr_penny_4_1',1885,'none'
'gbr_penny_4_1',1886,'none'
'gbr_penny_4_1',1887,'none'
'gbr_penny_4_1',1888,'none'
'gbr_penny_4_1',1889,'none'
'gbr_penny_4_1',1890,'none'
'gbr_penny_4_1',1891,'none'
'gbr_penny_4_1',1892,'none'
'gbr_penny_4_1',1893,'none'
'gbr_penny_4_1',1894,'none'
'gbr_penny_4_1',1895,'none'
'gbr_penny_4_1',1896,'none'
'gbr_penny_4_1',1897,'none'
'gbr_penny_4_1',1898,'none'
'gbr_penny_4_1',1899,'none'
'gbr_penny_4_1',1900,'none'
'gbr_penny_4_1',1901,'none'
'gbr_penny_4_1',1902,'none'
'gbr_penny_4_1',1903,'none'
'gbr_penny_4_1',1904,'none'
'gbr_penny_4_1',1905,'none'
'gbr_penny_4_1',1906,'none'
'gbr_penny_4_1',1907,'none'
'gbr_penny_4_1',1908,'none'
'gbr_penny_4_1',1909,'none'
'gbr_penny_4_1',1910,'none'
'gbr_penny_4_1',1911,'none'
'gbr_penny_4_1',1912,'none'
'gbr_penny_4_1',1913,'none'
'gbr_penny_4_1',1914,'none'
'gbr_penny_4_1',1915,'none'
'gbr_penny_4_1',1916,'none'
'gbr_penny_4_1',1917,'none'
'gbr_penny_4_1',1918,'none'
'gbr_penny_4_1',1919,'none'
'gbr_penny_4_1',1920,'none'
'gbr_penny_6_1',1837,'none'
'gbr_penny_6_1',1838,'none'
'gbr_penny_6_1',1839,'none'
'gbr_penny_6_1',1840,'none'
'gbr_penny_6_1',1841,'none'
'gbr_penny_6_1',1842,'none'
'gbr_penny_6_1',1843,'none'
'gbr_penny_6_1',1844,'none'
'gbr_penny_6_1',1845,'none'
'gbr_penny_6_1',1846,'none'
'gbr_penny_6_1',1847,'none'
'gbr_penny_6_1',1848,'none'
'gbr_penny_6_1',1849,'none'
'gbr_penny_6_1',1850,'none'
'gbr_penny_6_1',1851,'none'
'gbr_penny_6_1',1852,'none'
'gbr_penny_6_1',1853,'none'
'gbr_penny_6_1',1854,'none'
'gbr_penny_6_1',1855,'none'
'gbr_penny_6_1',1856,'none'
'gbr_penny_6_1',1857,'none'
'gbr_penny_6_1',1858,'none'
'gbr_penny_6_1',1859,'none'
'gbr_penny_6_1',1860,'none'
'gbr_penny_6_1',1861,'none'
'gbr_penny_6_1',1862,'none'
'gbr_penny_6_1',1863,'none'
'gbr_penny_6_1',1864,'none'
'gbr_penny_6_1',1865,'none'
'gbr_penny_6_1',1866,'none'
'gbr_penny_6_1',1867,'none'
'gbr_penny_6_1',1868,'none'
'gbr_penny_6_1',1869,'none'
'gbr_penny_6_1',1870,'none'
'gbr_penny_6_1',1871,'none'
'gbr_penny_6_1',1872,'none'
'gbr_penny_6_1',1873,'none'
'gbr_penny_6_1',1874,'none'
'gbr_penny_6_1',1875,'none'
'gbr_penny_6_1',1876,'none'
'gbr_penny_6_1',1877,'none'
'gbr_penny_6_1',1878,'none'
'gbr_penny_6_1',1879,'none'
'gbr_penny_6_1',1880,'none'
'gbr_penny_6_1',1881,'none'
'gbr_penny_6_1',1882,'none'
'gbr_penny_6_1',1883,'none'
'gbr_penny_6_1',1884,'none'
'gbr_penny_6_1',1885,'none'
'gbr_penny_6_1',1886,'none'
'gbr_penny_6_1',1887,'none'
'gbr_penny_6_1',1888,'none'
'gbr_penny_6_1',1889,'none'
'gbr_penny_6_1',1890,'none'
'gbr_penny_6_1',1891,'none'
'gbr_penny_6_1',1892,'none'
'gbr_penny_6_1',1893,'none'
'gbr_penny_6_1',1894,'none'
'gbr_penny_6_1',1895,'none'
'gbr_penny_6_1',1896,'none'
'gbr_penny_6_1',1897,'none'
'gbr_penny_6_1',1898,'none'
'gbr_penny_6_1',1899,'none'
'gbr_penny_6_1',1900,'none'
'gbr_penny_6_1',1901,'none'
'gbr_penny_6_1',1902,'none'
'gbr_penny_6_1',1903,'none'
'gbr_penny_6_1',1904,'none'
'gbr_penny_6_1',1905,'none'
'gbr_penny_6_1',1906,'none'
'gbr_penny_6_1',1907,'none'
'gbr_penny_6_1',1908,'none'
'gbr_penny_6_1',1909,'none'
'gbr_penny_6_1',1910,'none'
'gbr_penny_6_1',1911,'none'
'gbr_penny_6_1',1912,'none'
'gbr_penny_6_1',1913,'none'
'gbr_penny_6_1',1914,'none'
'gbr_penny_6_1',1915,'none'
'gbr_penny_6_1',1916,'none'
'gbr_penny_6_1',1917,'none'
'gbr_penny_6_1',1918,'none'
'gbr_penny_6_1',1919,'none'
'gbr_penny_6_1',1920,'none'
'gbr_penny_6_2',1920,'none'
'gbr_penny_6_2',1921,'none'
'gbr_penny_6_2',1922,'none'
'gbr_penny_6_2',1923,'none'
'gbr_penny_6_2',1924,'none'
'gbr_penny_6_2',1925,'none'
'gbr_penny_6_2',1926,'none'
'gbr_penny_6_2',1927,'none'
'gbr_penny_6_2',1928,'none'
'gbr_penny_6_2',1929,'none'
'gbr_penny_6_2',1930,'none'
'gbr_penny_6_2',1931,'none'
'gbr_penny_6_2',1932,'none'
'gbr_penny_6_2',1933,'none'
'gbr_penny_6_2',1934,'none'
'gbr_penny_6_2',1935,'none'
'gbr_penny_6_2',1936,'none'
'gbr_penny_6_2',1937,'none'
'gbr_penny_6_2',1938,'none'
'gbr_penny_6_2',1939,'none'
'gbr_penny_6_2',1940,'none'
'gbr_penny_6_2',1941,'none'
'gbr_penny_6_2',1942,'none'
'gbr_penny_6_2',1943,'none'
'gbr_penny_6_2',1944,'none'
'gbr_penny_6_2',1945,'none'
'gbr_penny_6_2',1946,'none'
'gbr_pound_2_1',1838,'none'
'gbr_pound_2_1',1839,'none'
'gbr_pound_2_1',1840,'none'
'gbr_pound_2_1',1841,'none'
'gbr_pound_2_1',1842,'none'
'gbr_pound_2_1',1843,'none'
'gbr_pound_2_1',1844,'none'
'gbr_pound_2_1',1845,'none'
'gbr_pound_2_1',1846,'none'
'gbr_pound_2_1',1847,'none'
'gbr_pound_2_1',1848,'none'
'gbr_pound_2_1',1849,'none'
'gbr_pound_2_1',1850,'none'
'gbr_pound_2_1',1851,'none'
'gbr_pound_2_1',1852,'none'
'gbr_pound_2_1',1853,'none'
'gbr_pound_2_1',1854,'none'
'gbr_pound_2_1',1855,'none'
'gbr_pound_2_1',1856,'none'
'gbr_pound_2_1',1857,'none'
'gbr_pound_2_1',1858,'none'
'gbr_pound_2_1',1859,'none'
'gbr_pound_2_1',1860,'none'
'gbr_pound_2_1',1861,'none'
'gbr_pound_2_1',1862,'none'
'gbr_pound_2_1',1863,'none'
'gbr_pound_2_1',1864,'none'
'gbr_pound_2_1',1865,'none'
'gbr_pound_2_1',1866,'none'
'gbr_pound_2_1',1867,'none'
'gbr_pound_2_1',1868,'none'
'gbr_pound_2_1',1869,'none'
'gbr_pound_2_1',1870,'none'
'gbr_pound_2_1',1871,'none'
'gbr_pound_2_1',1872,'none'
'gbr_pound_2_1',1873,'none'
'gbr_pound_2_1',1874,'none'
'gbr_pound_2_1',1875,'none'
'gbr_pound_2_1',1876,'none'
'gbr_pound_2_1',1877,'none'
'gbr_pound_2_1',1878,'none'
'gbr_pound_2_1',1879,'none'
'gbr_pound_2_1',1880,'none'
'gbr_pound_2_1',1881,'none'
'gbr_pound_2_1',1882,'none'
'gbr_pound_2_1',1883,'none'
'gbr_pound_2_1',1884,'none'
'gbr_pound_2_1',1885,'none'
'gbr_pound_2_1',1886,'none'
'gbr_pound_2_1',1887,'none'
'gbr_pound_2_1',1888,'none'
'gbr_pound_2_1',1889,'none'
'gbr_pound_2_1',1890,'none'
'gbr_pound_2_1',1891,'none'
'gbr_pound_2_1',1892,'none'
'gbr_pound_2_1',1893,'none'
'gbr_pound_2_1',1894,'none'
'gbr_pound_2_1',1895,'none'
'gbr_pound_2_1',1896,'none'
'gbr_pound_2_1',1897,'none'
'gbr_pound_2_1',1898,'none'
'gbr_pound_2_1',1899,'none'
'gbr_pound_2_1',1900,'none'
'gbr_pound_2_1',1901,'none'
'gbr_pound_2_1',1902,'none'
'gbr_pound_2_1',1903,'none'
'gbr_pound_2_1',1904,'none'
'gbr_pound_2_1',1905,'none'
'gbr_pound_2_1',1906,'none'
'gbr_pound_2_1',1907,'none'
'gbr_pound_2_1',1908,'none'
'gbr_pound_2_1',1909,'none'
'gbr_pound_2_1',1910,'none'
'gbr_pound_2_1',1911,'none'
'gbr_pound_2_1',1912,'none'
'gbr_pound_2_1',1913,'none'
'gbr_pound_2_1',1914,'none'
'gbr_pound_2_1',1915,'none'
'gbr_pound_2_1',1916,'none'
'gbr_pound_2_1',1917,'none'
'gbr_pound_2_1',1918,'none'
'gbr_pound_2_1',1919,'none'
'gbr_pound_2_1',1920,'none'
'gbr_pound_2_1',1921,'none'
'gbr_pound_2_1',1922,'none'
'gbr_pound_2_1',1923,'none'
'gbr_pound_2_1',1924,'none'
'gbr_pound_2_1',1925,'none'
'gbr_pound_2_1',1926,'none'
'gbr_pound_2_1',1927,'none'
'gbr_pound_2_1',1928,'none'
'gbr_pound_2_1',1929,'none'
'gbr_pound_2_1',1930,'none'
'gbr_pound_2_1',1931,'none'
'gbr_pound_2_1',1932,'none'
'gbr_pound_2_1',1933,'none'
'gbr_pound_2_1',1934,'none'
'gbr_pound_2_1',1935,'none'
'gbr_pound_2_1',1936,'none'
'gbr_pound_2_1',1937,'none'
'gbr_pound_2_1',1938,'none'
'gbr_pound_2_1',1939,'none'
'gbr_pound_2_1',1940,'none'
'gbr_pound_2_1',1941,'none'
'gbr_pound_2_1',1942,'none'
'gbr_pound_2_1',1943,'none'
'gbr_pound_2_1',1944,'none'
'gbr_pound_2_1',1945,'none'
'gbr_pound_2_1',1946,'none'
'gbr_pound_2_1',1947,'none'
'gbr_pound_2_1',1948,'none'
'gbr_pound_2_1',1949,'none'
'gbr_pound_2_1',1950,'none'
'gbr_pound_2_1',1951,'none'
'gbr_pound_2_1',1952,'none'
'gbr_pound_2_1',1953,'none'
'gbr_pound_2_1',1954,'none'
'gbr_pound_2_1',1955,'none'
'gbr_pound_2_1',1956,'none'
'gbr_pound_2_1',1957,'none'
'gbr_pound_2_1',1958,'none'
'gbr_pound_2_1',1959,'none'
'gbr_pound_2_1',1960,'none'
'gbr_pound_2_1',1961,'none'
'gbr_pound_2_1',1962,'none'
'gbr_pound_2_1',1963,'none'
'gbr_pound_2_1',1964,'none'
'gbr_pound_2_1',1965,'none'
'gbr_pound_2_1',1966,'none'
'gbr_pound_2_1',1967,'none'
'gbr_pound_2_1',1968,'none'
'gbr_pound_5_1',1838,'none'
'gbr_pound_5_1',1839,'none'
'gbr_pound_5_1',1840,'none'
'gbr_pound_5_1',1841,'none'
'gbr_pound_5_1',1842,'none'
'gbr_pound_5_1',1843,'none'
'gbr_pound_5_1',1844,'none'
'gbr_pound_5_1',1845,'none'
'gbr_pound_5_1',1846,'none'
'gbr_pound_5_1',1847,'none'
'gbr_pound_5_1',1848,'none'
'gbr_pound_5_1',1849,'none'
'gbr_pound_5_1',1850,'none'
'gbr_pound_5_1',1851,'none'
'gbr_pound_5_1',1852,'none'
'gbr_pound_5_1',1853,'none'
'gbr_pound_5_1',1854,'none'
'gbr_pound_5_1',1855,'none'
'gbr_pound_5_1',1856,'none'
'gbr_pound_5_1',1857,'none'
'gbr_pound_5_1',1858,'none'
'gbr_pound_5_1',1859,'none'
'gbr_pound_5_1',1860,'none'
'gbr_pound_5_1',1861,'none'
'gbr_pound_5_1',1862,'none'
'gbr_pound_5_1',1863,'none'
'gbr_pound_5_1',1864,'none'
'gbr_pound_5_1',1865,'none'
'gbr_pound_5_1',1866,'none'
'gbr_pound_5_1',1867,'none'
'gbr_pound_5_1',1868,'none'
'gbr_pound_5_1',1869,'none'
'gbr_pound_5_1',1870,'none'
'gbr_pound_5_1',1871,'none'
'gbr_pound_5_1',1872,'none'
'gbr_pound_5_1',1873,'none'
'gbr_pound_5_1',1874,'none'
'gbr_pound_5_1',1875,'none'
'gbr_pound_5_1',1876,'none'
'gbr_pound_5_1',1877,'none'
'gbr_pound_5_1',1878,'none'
'gbr_pound_5_1',1879,'none'
'gbr_pound_5_1',1880,'none'
'gbr_pound_5_1',1881,'none'
'gbr_pound_5_1',1882,'none'
'gbr_pound_5_1',1883,'none'
'gbr_pound_5_1',1884,'none'
'gbr_pound_5_1',1885,'none'
'gbr_pound_5_1',1886,'none'
'gbr_pound_5_1',1887,'none'
'gbr_pound_5_1',1888,'none'
'gbr_pound_5_1',1889,'none'
'gbr_pound_5_1',1890,'none'
'gbr_pound_5_1',1891,'none'
'gbr_pound_5_1',1892,'none'
'gbr_pound_5_1',1893,'none'
'gbr_pound_5_1',1894,'none'
'gbr_pound_5_1',1895,'none'
'gbr_pound_5_1',1896,'none'
'gbr_pound_5_1',1897,'none'
'gbr_pound_5_1',1898,'none'
'gbr_pound_5_1',1899,'none'
'gbr_pound_5_1',1900,'none'
'gbr_pound_5_1',1901,'none'
'gbr_pound_5_1',1902,'none'
'gbr_pound_5_1',1903,'none'
'gbr_pound_5_1',1904,'none'
'gbr_pound_5_1',1905,'none'
'gbr_pound_5_1',1906,'none'
'gbr_pound_5_1',1907,'none'
'gbr_pound_5_1',1908,'none'
'gbr_pound_5_1',1909,'none'
'gbr_pound_5_1',1910,'none'
'gbr_pound_5_1',1911,'none'
'gbr_pound_5_1',1912,'none'
'gbr_pound_5_1',1913,'none'
'gbr_pound_5_1',1914,'none'
'gbr_pound_5_1',1915,'none'
'gbr_pound_5_1',1916,'none'
'gbr_pound_5_1',1917,'none'
'gbr_pound_5_1',1918,'none'
'gbr_pound_5_1',1919,'none'
'gbr_pound_5_1',1920,'none'
'gbr_pound_5_1',1921,'none'
'gbr_pound_5_1',1922,'none'
'gbr_pound_5_1',1923,'none'
'gbr_pound_5_1',1924,'none'
'gbr_pound_5_1',1925,'none'
'gbr_pound_5_1',1926,'none'
'gbr_pound_5_1',1927,'none'
'gbr_pound_5_1',1928,'none'
'gbr_pound_5_1',1929,'none'
'gbr_pound_5_1',1930,'none'
'gbr_pound_5_1',1931,'none'
'gbr_pound_5_1',1932,'none'
'gbr_pound_5_1',1933,'none'
'gbr_pound_5_1',1934,'none'
'gbr_pound_5_1',1935,'none'
'gbr_pound_5_1',1936,'none'
'gbr_pound_5_1',1937,'none'
'gbr_pound_5_1',1938,'none'
'gbr_pound_5_1',1939,'none'
'gbr_pound_5_1',1940,'none'
'gbr_pound_5_1',1941,'none'
'gbr_pound_5_1',1942,'none'
'gbr_pound_5_1',1943,'none'
'gbr_pound_5_1',1944,'none'
'gbr_pound_5_1',1945,'none'
'gbr_pound_5_1',1946,'none'
'gbr_pound_5_1',1947,'none'
'gbr_pound_5_1',1948,'none'
'gbr_pound_5_1',1949,'none'
'gbr_pound_5_1',1950,'none'
'gbr_pound_5_1',1951,'none'
'gbr_pound_5_1',1952,'none'
'gbr_pound_5_1',1953,'none'
'gbr_pound_5_1',1954,'none'
'gbr_pound_5_1',1955,'none'
'gbr_pound_5_1',1956,'none'
'gbr_pound_5_1',1957,'none'
'gbr_pound_5_1',1958,'none'
'gbr_pound_5_1',1959,'none'
'gbr_pound_5_1',1960,'none'
'gbr_pound_5_1',1961,'none'
'gbr_pound_5_1',1962,'none'
'gbr_pound_5_1',1963,'none'
'gbr_pound_5_1',1964,'none'
'gbr_pound_5_1',1965,'none'
'gbr_pound_5_1',1966,'none'
'gbr_pound_5_1',1967,'none'
'gbr_pound_5_1',1968,'none'
'gbr_shilling_1_1',1837,'none'
'gbr_shilling_1_1',1838,'none'
'gbr_shilling_1_1',1839,'none'
'gbr_shilling_1_1',1840,'none'
'gbr_shilling_1_1',1841,'none'
'gbr_shilling_1_1',1842,'none'
'gbr_shilling_1_1',1843,'none'
'gbr_shilling_1_1',1844,'none'
'gbr_shilling_1_1',1845,'none'
'gbr_shilling_1_1',1846,'none'
'gbr_shilling_1_1',1847,'none'
'gbr_shilling_1_1',1848,'none'
'gbr_shilling_1_1',1849,'none'
'gbr_shilling_1_1',1850,'none'
'gbr_shilling_1_1',1851,'none'
'gbr_shilling_1_1',1852,'none'
'gbr_shilling_1_1',1853,'none'
'gbr_shilling_1_1',1854,'none'
'gbr_shilling_1_1',1855,'none'
'gbr_shilling_1_1',1856,'none'
'gbr_shilling_1_1',1857,'none'
'gbr_shilling_1_1',1858,'none'
'gbr_shilling_1_1',1859,'none'
'gbr_shilling_1_1',1860,'none'
'gbr_shilling_1_1',1861,'none'
'gbr_shilling_1_1',1862,'none'
'gbr_shilling_1_1',1863,'none'
'gbr_shilling_1_1',1864,'none'
'gbr_shilling_1_1',1865,'none'
'gbr_shilling_1_1',1866,'none'
'gbr_shilling_1_1',1867,'none'
'gbr_shilling_1_1',1868,'none'
'gbr_shilling_1_1',1869,'none'
'gbr_shilling_1_1',1870,'none'
'gbr_shilling_1_1',1871,'none'
'gbr_shilling_1_1',1872,'none'
'gbr_shilling_1_1',1873,'none'
'gbr_shilling_1_1',1874,'none'
'gbr_shilling_1_1',1875,'none'
'gbr_shilling_1_1',1876,'none'
'gbr_shilling_1_1',1877,'none'
'gbr_shilling_1_1',1878,'none'
'gbr_shilling_1_1',1879,'none'
'gbr_shilling_1_1',1880,'none'
'gbr_shilling_1_1',1881,'none'
'gbr_shilling_1_1',1882,'none'
'gbr_shilling_1_1',1883,'none'
'gbr_shilling_1_1',1884,'none'
'gbr_shilling_1_1',1885,'none'
'gbr_shilling_1_1',1886,'none'
'gbr_shilling_1_1',1887,'none'
'gbr_shilling_1_1',1888,'none'
'gbr_shilling_1_1',1889,'none'
'gbr_shilling_1_1',1890,'none'
'gbr_shilling_1_1',1891,'none'
'gbr_shilling_1_1',1892,'none'
'gbr_shilling_1_1',1893,'none'
'gbr_shilling_1_1',1894,'none'
'gbr_shilling_1_1',1895,'none'
'gbr_shilling_1_1',1896,'none'
'gbr_shilling_1_1',1897,'none'
'gbr_shilling_1_1',1898,'none'
'gbr_shilling_1_1',1899,'none'
'gbr_shilling_1_1',1900,'none'
'gbr_shilling_1_1',1901,'none'
'gbr_shilling_1_1',1902,'none'
'gbr_shilling_1_1',1903,'none'
'gbr_shilling_1_1',1904,'none'
'gbr_shilling_1_1',1905,'none'
'gbr_shilling_1_1',1906,'none'
'gbr_shilling_1_1',1907,'none'
'gbr_shilling_1_1',1908,'none'
'gbr_shilling_1_1',1909,'none'
'gbr_shilling_1_1',1910,'none'
'gbr_shilling_1_1',1911,'none'
'gbr_shilling_1_1',1912,'none'
'gbr_shilling_1_1',1913,'none'
'gbr_shilling_1_1',1914,'none'
'gbr_shilling_1_1',1915,'none'
'gbr_shilling_1_1',1916,'none'
'gbr_shilling_1_1',1917,'none'
'gbr_shilling_1_1',1918,'none'
'gbr_shilling_1_1',1919,'none'
'gbr_shilling_1_1',1920,'none'
'gbr_shilling_1_2',1920,'none'
'gbr_shilling_1_2',1921,'none'
'gbr_shilling_1_2',1922,'none'
'gbr_shilling_1_2',1923,'none'
'gbr_shilling_1_2',1924,'none'
'gbr_shilling_1_2',1925,'none'
'gbr_shilling_1_2',1926,'none'
'gbr_shilling_1_2',1927,'none'
'gbr_shilling_1_2',1928,'none'
'gbr_shilling_1_2',1929,'none'
'gbr_shilling_1_2',1930,'none'
'gbr_shilling_1_2',1931,'none'
'gbr_shilling_1_2',1932,'none'
'gbr_shilling_1_2',1933,'none'
'gbr_shilling_1_2',1934,'none'
'gbr_shilling_1_2',1935,'none'
'gbr_shilling_1_2',1936,'none'
'gbr_shilling_1_2',1937,'none'
'gbr_shilling_1_2',1938,'none'
'gbr_shilling_1_2',1939,'none'
'gbr_shilling_1_2',1940,'none'
'gbr_shilling_1_2',1941,'none'
'gbr_shilling_1_2',1942,'none'
'gbr_shilling_1_2',1943,'none'
'gbr_shilling_1_2',1944,'none'
'gbr_shilling_1_2',1945,'none'
'gbr_shilling_1_2',1946,'none'
'gbr_sovereign_1_1',1838,'none'
'gbr_sovereign_1_1',1839,'none'
'gbr_sovereign_1_1',1840,'none'
'gbr_sovereign_1_1',1841,'none'
'gbr_sovereign_1_1',1842,'none'
'gbr_sovereign_1_1',1843,'none'
'gbr_sovereign_1_1',1844,'none'
'gbr_sovereign_1_1',1845,'none'
'gbr_sovereign_1_1',1846,'none'
'gbr_sovereign_1_1',1847,'none'
'gbr_sovereign_1_1',1848,'none'
'gbr_sovereign_1_1',1849,'none'
'gbr_sovereign_1_1',1850,'none'
'gbr_sovereign_1_1',1851,'none'
'gbr_sovereign_1_1',1852,'none'
'gbr_sovereign_1_1',1853,'none'
'gbr_sovereign_1_1',1854,'none'
'gbr_sovereign_1_1',1855,'none'
'gbr_sovereign_1_1',1856,'none'
'gbr_sovereign_1_1',1857,'none'
'gbr_sovereign_1_1',1858,'none'
'gbr_sovereign_1_1',1859,'none'
'gbr_sovereign_1_1',1860,'none'
'gbr_sovereign_1_1',1861,'none'
'gbr_sovereign_1_1',1862,'none'
'gbr_sovereign_1_1',1863,'none'
'gbr_sovereign_1_1',1864,'none'
'gbr_sovereign_1_1',1865,'none'
'gbr_sovereign_1_1',1866,'none'
'gbr_sovereign_1_1',1867,'none'
'gbr_sovereign_1_1',1868,'none'
'gbr_sovereign_1_1',1869,'none'
'gbr_sovereign_1_1',1870,'none'
'gbr_sovereign_1_1',1871,'none'
'gbr_sovereign_1_1',1872,'none'
'gbr_sovereign_1_1',1873,'none'
'gbr_sovereign_1_1',1874,'none'
'gbr_sovereign_1_1',1875,'none'
'gbr_sovereign_1_1',1876,'none'
'gbr_sovereign_1_1',1877,'none'
'gbr_sovereign_1_1',1878,'none'
'gbr_sovereign_1_1',1879,'none'
'gbr_sovereign_1_1',1880,'none'
'gbr_sovereign_1_1',1881,'none'
'gbr_sovereign_1_1',1882,'none'
'gbr_sovereign_1_1',1883,'none'
'gbr_sovereign_1_1',1884,'none'
'gbr_sovereign_1_1',1885,'none'
'gbr_sovereign_1_1',1886,'none'
'gbr_sovereign_1_1',1887,'none'
'gbr_sovereign_1_1',1888,'none'
'gbr_sovereign_1_1',1889,'none'
'gbr_sovereign_1_1',1890,'none'
'gbr_sovereign_1_1',1891,'none'
'gbr_sovereign_1_1',1892,'none'
'gbr_sovereign_1_1',1893,'none'
'gbr_sovereign_1_1',1894,'none'
'gbr_sovereign_1_1',1895,'none'
'gbr_sovereign_1_1',1896,'none'
'gbr_sovereign_1_1',1897,'none'
'gbr_sovereign_1_1',1898,'none'
'gbr_sovereign_1_1',1899,'none'
'gbr_sovereign_1_1',1900,'none'
'gbr_sovereign_1_1',1901,'none'
'gbr_sovereign_1_1',1902,'none'
'gbr_sovereign_1_1',1903,'none'
'gbr_sovereign_1_1',1904,'none'
'gbr_sovereign_1_1',1905,'none'
'gbr_sovereign_1_1',1906,'none'
'gbr_sovereign_1_1',1907,'none'
'gbr_sovereign_1_1',1908,'none'
'gbr_sovereign_1_1',1909,'none'
'gbr_sovereign_1_1',1910,'none'
'gbr_sovereign_1_1',1911,'none'
'gbr_sovereign_1_1',1912,'none'
'gbr_sovereign_1_1',1913,'none'
'gbr_sovereign_1_1',1914,'none'
'gbr_sovereign_1_1',1915,'none'
'gbr_sovereign_1_1',1916,'none'
'gbr_sovereign_1_1',1917,'none'
'gbr_sovereign_1_1',1918,'none'
'gbr_sovereign_1_1',1919,'none'
'gbr_sovereign_1_1',1920,'none'
'gbr_sovereign_1_1',1921,'none'
'gbr_sovereign_1_1',1922,'none'
'gbr_sovereign_1_1',1923,'none'
'gbr_sovereign_1_1',1924,'none'
'gbr_sovereign_1_1',1925,'none'
'gbr_sovereign_1_1',1926,'none'
'gbr_sovereign_1_1',1927,'none'
'gbr_sovereign_1_1',1928,'none'
'gbr_sovereign_1_1',1929,'none'
'gbr_sovereign_1_1',1930,'none'
'gbr_sovereign_1_1',1931,'none'
'gbr_sovereign_1_1',1932,'none'
'gbr_sovereign_1_1',1933,'none'
'gbr_sovereign_1_1',1934,'none'
'gbr_sovereign_1_1',1935,'none'
'gbr_sovereign_1_1',1936,'none'
'gbr_sovereign_1_1',1937,'none'
'gbr_sovereign_1_1',1938,'none'
'gbr_sovereign_1_1',1939,'none'
'gbr_sovereign_1_1',1940,'none'
'gbr_sovereign_1_1',1941,'none'
'gbr_sovereign_1_1',1942,'none'
'gbr_sovereign_1_1',1943,'none'
'gbr_sovereign_1_1',1944,'none'
'gbr_sovereign_1_1',1945,'none'
'gbr_sovereign_1_1',1946,'none'
'gbr_sovereign_1_1',1947,'none'
'gbr_sovereign_1_1',1948,'none'
'gbr_sovereign_1_1',1949,'none'
'gbr_sovereign_1_1',1950,'none'
'gbr_sovereign_1_1',1951,'none'
'gbr_sovereign_1_1',1952,'none'
'gbr_sovereign_1_1',1953,'none'
'gbr_sovereign_1_1',1954,'none'
'gbr_sovereign_1_1',1955,'none'
'gbr_sovereign_1_1',1956,'none'
'gbr_sovereign_1_1',1957,'none'
'gbr_sovereign_1_1',1958,'none'
'gbr_sovereign_1_1',1959,'none'
'gbr_sovereign_1_1',1960,'none'
'gbr_sovereign_1_1',1961,'none'
'gbr_sovereign_1_1',1962,'none'
'gbr_sovereign_1_1',1963,'none'
'gbr_sovereign_1_1',1964,'none'
'gbr_sovereign_1_1',1965,'none'
'gbr_sovereign_1_1',1966,'none'
'gbr_sovereign_1_1',1967,'none'
'gbr_sovereign_1_1',1968,'none'
'gbr_sovereign_fractional_1_2_1',1838,'none'
'gbr_sovereign_fractional_1_2_1',1839,'none'
'gbr_sovereign_fractional_1_2_1',1840,'none'
'gbr_sovereign_fractional_1_2_1',1841,'none'
'gbr_sovereign_fractional_1_2_1',1842,'none'
'gbr_sovereign_fractional_1_2_1',1843,'none'
'gbr_sovereign_fractional_1_2_1',1844,'none'
'gbr_sovereign_fractional_1_2_1',1845,'none'
'gbr_sovereign_fractional_1_2_1',1846,'none'
'gbr_sovereign_fractional_1_2_1',1847,'none'
'gbr_sovereign_fractional_1_2_1',1848,'none'
'gbr_sovereign_fractional_1_2_1',1849,'none'
'gbr_sovereign_fractional_1_2_1',1850,'none'
'gbr_sovereign_fractional_1_2_1',1851,'none'
'gbr_sovereign_fractional_1_2_1',1852,'none'
'gbr_sovereign_fractional_1_2_1',1853,'none'
'gbr_sovereign_fractional_1_2_1',1854,'none'
'gbr_sovereign_fractional_1_2_1',1855,'none'
'gbr_sovereign_fractional_1_2_1',1856,'none'
'gbr_sovereign_fractional_1_2_1',1857,'none'
'gbr_sovereign_fractional_1_2_1',1858,'none'
'gbr_sovereign_fractional_1_2_1',1859,'none'
'gbr_sovereign_fractional_1_2_1',1860,'none'
'gbr_sovereign_fractional_1_2_1',1861,'none'
'gbr_sovereign_fractional_1_2_1',1862,'none'
'gbr_sovereign_fractional_1_2_1',1863,'none'
'gbr_sovereign_fractional_1_2_1',1864,'none'
'gbr_sovereign_fractional_1_2_1',1865,'none'
'gbr_sovereign_fractional_1_2_1',1866,'none'
'gbr_sovereign_fractional_1_2_1',1867,'none'
'gbr_sovereign_fractional_1_2_1',1868,'none'
'gbr_sovereign_fractional_1_2_1',1869,'none'
'gbr_sovereign_fractional_1_2_1',1870,'none'
'gbr_sovereign_fractional_1_2_1',1871,'none'
'gbr_sovereign_fractional_1_2_1',1872,'none'
'gbr_sovereign_fractional_1_2_1',1873,'none'
'gbr_sovereign_fractional_1_2_1',1874,'none'
'gbr_sovereign_fractional_1_2_1',1875,'none'
'gbr_sovereign_fractional_1_2_1',1876,'none'
'gbr_sovereign_fractional_1_2_1',1877,'none'
'gbr_sovereign_fractional_1_2_1',1878,'none'
'gbr_sovereign_fractional_1_2_1',1879,'none'
'gbr_sovereign_fractional_1_2_1',1880,'none'
'gbr_sovereign_fractional_1_2_1',1881,'none'
'gbr_sovereign_fractional_1_2_1',1882,'none'
'gbr_sovereign_fractional_1_2_1',1883,'none'
'gbr_sovereign_fractional_1_2_1',1884,'none'
'gbr_sovereign_fractional_1_2_1',1885,'none'
'gbr_sovereign_fractional_1_2_1',1886,'none'
'gbr_sovereign_fractional_1_2_1',1887,'none'
'gbr_sovereign_fractional_1_2_1',1888,'none'
'gbr_sovereign_fractional_1_2_1',1889,'none'
'gbr_sovereign_fractional_1_2_1',1890,'none'
'gbr_sovereign_fractional_1_2_1',1891,'none'
'gbr_sovereign_fractional_1_2_1',1892,'none'
'gbr_sovereign_fractional_1_2_1',1893,'none'
'gbr_sovereign_fractional_1_2_1',1894,'none'
'gbr_sovereign_fractional_1_2_1',1895,'none'
'gbr_sovereign_fractional_1_2_1',1896,'none'
'gbr_sovereign_fractional_1_2_1',1897,'none'
'gbr_sovereign_fractional_1_2_1',1898,'none'
'gbr_sovereign_fractional_1_2_1',1899,'none'
'gbr_sovereign_fractional_1_2_1',1900,'none'
'gbr_sovereign_fractional_1_2_1',1901,'none'
'gbr_sovereign_fractional_1_2_1',1902,'none'
'gbr_sovereign_fractional_1_2_1',1903,'none'
'gbr_sovereign_fractional_1_2_1',1904,'none'
'gbr_sovereign_fractional_1_2_1',1905,'none'
'gbr_sovereign_fractional_1_2_1',1906,'none'
'gbr_sovereign_fractional_1_2_1',1907,'none'
'gbr_sovereign_fractional_1_2_1',1908,'none'
'gbr_sovereign_fractional_1_2_1',1909,'none'
'gbr_sovereign_fractional_1_2_1',1910,'none'
'gbr_sovereign_fractional_1_2_1',1911,'none'
'gbr_sovereign_fractional_1_2_1',1912,'none'
'gbr_sovereign_fractional_1_2_1',1913,'none'
'gbr_sovereign_fractional_1_2_1',1914,'none'
'gbr_sovereign_fractional_1_2_1',1915,'none'
'gbr_sovereign_fractional_1_2_1',1916,'none'
'gbr_sovereign_fractional_1_2_1',1917,'none'
'gbr_sovereign_fractional_1_2_1',1918,'none'
'gbr_sovereign_fractional_1_2_1',1919,'none'
'gbr_sovereign_fractional_1_2_1',1920,'none'
'gbr_sovereign_fractional_1_2_1',1921,'none'
'gbr_sovereign_fractional_1_2_1',1922,'none'
'gbr_sovereign_fractional_1_2_1',1923,'none'
'gbr_sovereign_fractional_1_2_1',1924,'none'
'gbr_sovereign_fractional_1_2_1',1925,'none'
'gbr_sovereign_fractional_1_2_1',1926,'none'
'gbr_sovereign_fractional_1_2_1',1927,'none'
'gbr_sovereign_fractional_1_2_1',1928,'none'
'gbr_sovereign_fractional_1_2_1',1929,'none'
'gbr_sovereign_fractional_1_2_1',1930,'none'
'gbr_sovereign_fractional_1_2_1',1931,'none'
'gbr_sovereign_fractional_1_2_1',1932,'none'
'gbr_sovereign_fractional_1_2_1',1933,'none'
'gbr_sovereign_fractional_1_2_1',1934,'none'
'gbr_sovereign_fractional_1_2_1',1935,'none'
'gbr_sovereign_fractional_1_2_1',1936,'none'
'gbr_sovereign_fractional_1_2_1',1937,'none'
'gbr_sovereign_fractional_1_2_1',1938,'none'
'gbr_sovereign_fractional_1_2_1',1939,'none'
'gbr_sovereign_fractional_1_2_1',1940,'none'
'gbr_sovereign_fractional_1_2_1',1941,'none'
'gbr_sovereign_fractional_1_2_1',1942,'none'
'gbr_sovereign_fractional_1_2_1',1943,'none'
'gbr_sovereign_fractional_1_2_1',1944,'none'
'gbr_sovereign_fractional_1_2_1',1945,'none'
'gbr_sovereign_fractional_1_2_1',1946,'none'
'gbr_sovereign_fractional_1_2_1',1947,'none'
'gbr_sovereign_fractional_1_2_1',1948,'none'
'gbr_sovereign_fractional_1_2_1',1949,'none'
'gbr_sovereign_fractional_1_2_1',1950,'none'
'gbr_sovereign_fractional_1_2_1',1951,'none'
'gbr_sovereign_fractional_1_2_1',1952,'none'
'gbr_sovereign_fractional_1_2_1',1953,'none'
'gbr_sovereign_fractional_1_2_1',1954,'none'
'gbr_sovereign_fractional_1_2_1',1955,'none'
'gbr_sovereign_fractional_1_2_1',1956,'none'
'gbr_sovereign_fractional_1_2_1',1957,'none'
'gbr_sovereign_fractional_1_2_1',1958,'none'
'gbr_sovereign_fractional_1_2_1',1959,'none'
'gbr_sovereign_fractional_1_2_1',1960,'none'
'gbr_sovereign_fractional_1_2_1',1961,'none'
'gbr_sovereign_fractional_1_2_1',1962,'none'
'gbr_sovereign_fractional_1_2_1',1963,'none'
'gbr_sovereign_fractional_1_2_1',1964,'none'
'gbr_sovereign_fractional_1_2_1',1965,'none'
'gbr_sovereign_fractional_1_2_1',1966,'none'
'gbr_sovereign_fractional_1_2_1',1967,'none'
'gbr_sovereign_fractional_1_2_1',1968,'none'
'grc_drachma_100_1',1876,'none'
'grc_drachma_100_1',1877,'none'
'grc_drachma_100_1',1878,'none'
'grc_drachma_100_1',1879,'none'
'grc_drachma_100_1',1880,'none'
'grc_drachma_100_1',1881,'none'
'grc_drachma_100_1',1882,'none'
'grc_drachma_100_1',1883,'none'
'grc_drachma_100_1',1884,'none'
'grc_drachma_100_1',1885,'none'
'grc_drachma_100_1',1886,'none'
'grc_drachma_100_1',1887,'none'
'grc_drachma_100_1',1888,'none'
'grc_drachma_100_1',1889,'none'
'grc_drachma_100_1',1890,'none'
'grc_drachma_100_1',1891,'none'
'grc_drachma_100_1',1892,'none'
'grc_drachma_100_1',1893,'none'
'grc_drachma_100_1',1894,'none'
'grc_drachma_100_1',1895,'none'
'grc_drachma_100_1',1896,'none'
'grc_drachma_100_1',1897,'none'
'grc_drachma_100_1',1898,'none'
'grc_drachma_100_1',1899,'none'
'grc_drachma_100_1',1900,'none'
'grc_drachma_100_1',1901,'none'
'grc_drachma_100_1',1902,'none'
'grc_drachma_100_1',1903,'none'
'grc_drachma_100_1',1904,'none'
'grc_drachma_100_1',1905,'none'
'grc_drachma_100_1',1906,'none'
'grc_drachma_100_1',1907,'none'
'grc_drachma_100_1',1908,'none'
'grc_drachma_100_1',1909,'none'
'grc_drachma_100_1',1910,'none'
'grc_drachma_100_1',1911,'none'
'grc_drachma_100_1',1912,'none'
'grc_drachma_100_1',1913,'none'
'grc_drachma_100_1',1914,'none'
'grc_drachma_100_1',1915,'none'
'grc_drachma_100_1',1916,'none'
'grc_drachma_100_1',1917,'none'
'grc_drachma_100_1',1918,'none'
'grc_drachma_100_1',1919,'none'
'grc_drachma_100_1',1920,'none'
'grc_drachma_100_1',1921,'none'
'grc_drachma_100_1',1922,'none'
'grc_drachma_100_1',1923,'none'
'grc_drachma_100_1',1924,'none'
'grc_drachma_100_1',1925,'none'
'grc_drachma_100_1',1926,'none'
'grc_drachma_100_1',1927,'none'
'grc_drachma_100_1',1928,'none'
'grc_drachma_100_1',1929,'none'
'grc_drachma_100_1',1930,'none'
'grc_drachma_100_1',1931,'none'
'grc_drachma_100_1',1932,'none'
'grc_drachma_100_1',1933,'none'
'grc_drachma_100_1',1934,'none'
'grc_drachma_100_1',1935,'none'
'grc_drachma_10_1',1930,'none'
'grc_drachma_10_2',1876,'none'
'grc_drachma_10_2',1877,'none'
'grc_drachma_10_2',1878,'none'
'grc_drachma_10_2',1879,'none'
'grc_drachma_10_2',1880,'none'
'grc_drachma_10_2',1881,'none'
'grc_drachma_10_2',1882,'none'
'grc_drachma_10_2',1883,'none'
'grc_drachma_10_2',1884,'none'
'grc_drachma_10_2',1885,'none'
'grc_drachma_10_2',1886,'none'
'grc_drachma_10_2',1887,'none'
'grc_drachma_10_2',1888,'none'
'grc_drachma_10_2',1889,'none'
'grc_drachma_10_2',1890,'none'
'grc_drachma_10_2',1891,'none'
'grc_drachma_10_2',1892,'none'
'grc_drachma_10_2',1893,'none'
'grc_drachma_10_2',1894,'none'
'grc_drachma_10_2',1895,'none'
'grc_drachma_10_2',1896,'none'
'grc_drachma_10_2',1897,'none'
'grc_drachma_10_2',1898,'none'
'grc_drachma_10_2',1899,'none'
'grc_drachma_10_2',1900,'none'
'grc_drachma_10_2',1901,'none'
'grc_drachma_10_2',1902,'none'
'grc_drachma_10_2',1903,'none'
'grc_drachma_10_2',1904,'none'
'grc_drachma_10_2',1905,'none'
'grc_drachma_10_2',1906,'none'
'grc_drachma_10_2',1907,'none'
'grc_drachma_10_2',1908,'none'
'grc_drachma_10_2',1909,'none'
'grc_drachma_10_2',1910,'none'
'grc_drachma_10_2',1911,'none'
'grc_drachma_10_2',1912,'none'
'grc_drachma_10_2',1913,'none'
'grc_drachma_10_2',1914,'none'
'grc_drachma_10_2',1915,'none'
'grc_drachma_10_2',1916,'none'
'grc_drachma_10_2',1917,'none'
'grc_drachma_10_2',1918,'none'
'grc_drachma_10_2',1919,'none'
'grc_drachma_10_2',1920,'none'
'grc_drachma_10_2',1921,'none'
'grc_drachma_10_2',1922,'none'
'grc_drachma_10_2',1923,'none'
'grc_drachma_10_2',1924,'none'
'grc_drachma_10_2',1925,'none'
'grc_drachma_10_2',1926,'none'
'grc_drachma_10_2',1927,'none'
'grc_drachma_10_2',1928,'none'
'grc_drachma_10_2',1929,'none'
'grc_drachma_10_2',1930,'none'
'grc_drachma_10_2',1931,'none'
'grc_drachma_10_2',1932,'none'
'grc_drachma_10_2',1933,'none'
'grc_drachma_10_2',1934,'none'
'grc_drachma_10_2',1935,'none'
'grc_drachma_1_1',1868,'none'
'grc_drachma_1_1',1869,'none'
'grc_drachma_1_1',1870,'none'
'grc_drachma_1_1',1871,'none'
'grc_drachma_1_1',1872,'none'
'grc_drachma_1_1',1873,'none'
'grc_drachma_1_1',1874,'none'
'grc_drachma_1_1',1875,'none'
'grc_drachma_1_1',1876,'none'
'grc_drachma_1_1',1877,'none'
'grc_drachma_1_1',1878,'none'
'grc_drachma_1_1',1879,'none'
'grc_drachma_1_1',1880,'none'
'grc_drachma_1_1',1881,'none'
'grc_drachma_1_1',1882,'none'
'grc_drachma_1_1',1883,'none'
'grc_drachma_1_1',1884,'none'
'grc_drachma_1_1',1885,'none'
'grc_drachma_1_1',1886,'none'
'grc_drachma_1_1',1887,'none'
'grc_drachma_1_1',1888,'none'
'grc_drachma_1_1',1889,'none'
'grc_drachma_1_1',1890,'none'
'grc_drachma_1_1',1891,'none'
'grc_drachma_1_1',1892,'none'
'grc_drachma_1_1',1893,'none'
'grc_drachma_1_1',1894,'none'
'grc_drachma_1_1',1895,'none'
'grc_drachma_1_1',1896,'none'
'grc_drachma_1_1',1897,'none'
'grc_drachma_1_1',1898,'none'
'grc_drachma_1_1',1899,'none'
'grc_drachma_1_1',1900,'none'
'grc_drachma_1_1',1901,'none'
'grc_drachma_1_1',1902,'none'
'grc_drachma_1_1',1903,'none'
'grc_drachma_1_1',1904,'none'
'grc_drachma_1_1',1905,'none'
'grc_drachma_1_1',1906,'none'
'grc_drachma_1_1',1907,'none'
'grc_drachma_1_1',1908,'none'
'grc_drachma_1_1',1909,'none'
'grc_drachma_1_1',1910,'none'
'grc_drachma_1_1',1911,'none'
'grc_drachma_20_1',1930,'none'
'grc_drachma_20_2',1960,'none'
'grc_drachma_20_2',1965,'none'
'grc_drachma_20_3',1876,'none'
'grc_drachma_20_3',1877,'none'
'grc_drachma_20_3',1878,'none'
'grc_drachma_20_3',1879,'none'
'grc_drachma_20_3',1880,'none'
'grc_drachma_20_3',1881,'none'
'grc_drachma_20_3',1882,'none'
'grc_drachma_20_3',1883,'none'
'grc_drachma_20_3',1884,'none'
'grc_drachma_20_3',1885,'none'
'grc_drachma_20_3',1886,'none'
'grc_drachma_20_3',1887,'none'
'grc_drachma_20_3',1888,'none'
'grc_drachma_20_3',1889,'none'
'grc_drachma_20_3',1890,'none'
'grc_drachma_20_3',1891,'none'
'grc_drachma_20_3',1892,'none'
'grc_drachma_20_3',1893,'none'
'grc_drachma_20_3',1894,'none'
'grc_drachma_20_3',1895,'none'
'grc_drachma_20_3',1896,'none'
'grc_drachma_20_3',1897,'none'
'grc_drachma_20_3',1898,'none'
'grc_drachma_20_3',1899,'none'
'grc_drachma_20_3',1900,'none'
'grc_drachma_20_3',1901,'none'
'grc_drachma_20_3',1902,'none'
'grc_drachma_20_3',1903,'none'
'grc_drachma_20_3',1904,'none'
'grc_drachma_20_3',1905,'none'
'grc_drachma_20_3',1906,'none'
'grc_drachma_20_3',1907,'none'
'grc_drachma_20_3',1908,'none'
'grc_drachma_20_3',1909,'none'
'grc_drachma_20_3',1910,'none'
'grc_drachma_20_3',1911,'none'
'grc_drachma_20_3',1912,'none'
'grc_drachma_20_3',1913,'none'
'grc_drachma_20_3',1914,'none'
'grc_drachma_20_3',1915,'none'
'grc_drachma_20_3',1916,'none'
'grc_drachma_20_3',1917,'none'
'grc_drachma_20_3',1918,'none'
'grc_drachma_20_3',1919,'none'
'grc_drachma_20_3',1920,'none'
'grc_drachma_20_3',1921,'none'
'grc_drachma_20_3',1922,'none'
'grc_drachma_20_3',1923,'none'
'grc_drachma_20_3',1924,'none'
'grc_drachma_20_3',1925,'none'
'grc_drachma_20_3',1926,'none'
'grc_drachma_20_3',1927,'none'
'grc_drachma_20_3',1928,'none'
'grc_drachma_20_3',1929,'none'
'grc_drachma_20_3',1930,'none'
'grc_drachma_20_3',1931,'none'
'grc_drachma_20_3',1932,'none'
'grc_drachma_20_3',1933,'none'
'grc_drachma_20_3',1934,'none'
'grc_drachma_20_3',1935,'none'
'grc_drachma_2_1',1868,'none'
'grc_drachma_2_1',1869,'none'
'grc_drachma_2_1',1870,'none'
'grc_drachma_2_1',1871,'none'
'grc_drachma_2_1',1872,'none'
'grc_drachma_2_1',1873,'none'
'grc_drachma_2_1',1874,'none'
'grc_drachma_2_1',1875,'none'
'grc_drachma_2_1',1876,'none'
'grc_drachma_2_1',1877,'none'
'grc_drachma_2_1',1878,'none'
'grc_drachma_2_1',1879,'none'
'grc_drachma_2_1',1880,'none'
'grc_drachma_2_1',1881,'none'
'grc_drachma_2_1',1882,'none'
'grc_drachma_2_1',1883,'none'
'grc_drachma_2_1',1884,'none'
'grc_drachma_2_1',1885,'none'
'grc_drachma_2_1',1886,'none'
'grc_drachma_2_1',1887,'none'
'grc_drachma_2_1',1888,'none'
'grc_drachma_2_1',1889,'none'
'grc_drachma_2_1',1890,'none'
'grc_drachma_2_1',1891,'none'
'grc_drachma_2_1',1892,'none'
'grc_drachma_2_1',1893,'none'
'grc_drachma_2_1',1894,'none'
'grc_drachma_2_1',1895,'none'
'grc_drachma_2_1',1896,'none'
'grc_drachma_2_1',1897,'none'
'grc_drachma_2_1',1898,'none'
'grc_drachma_2_1',1899,'none'
'grc_drachma_2_1',1900,'none'
'grc_drachma_2_1',1901,'none'
'grc_drachma_2_1',1902,'none'
'grc_drachma_2_1',1903,'none'
'grc_drachma_2_1',1904,'none'
'grc_drachma_2_1',1905,'none'
'grc_drachma_2_1',1906,'none'
'grc_drachma_2_1',1907,'none'
'grc_drachma_2_1',1908,'none'
'grc_drachma_2_1',1909,'none'
'grc_drachma_2_1',1910,'none'
'grc_drachma_2_1',1911,'none'
'grc_drachma_30_1',1963,'none'
'grc_drachma_30_2',1964,'none'
'grc_drachma_50_1',1876,'none'
'grc_drachma_50_1',1877,'none'
'grc_drachma_50_1',1878,'none'
'grc_drachma_50_1',1879,'none'
'grc_drachma_50_1',1880,'none'
'grc_drachma_50_1',1881,'none'
'grc_drachma_50_1',1882,'none'
'grc_drachma_50_1',1883,'none'
'grc_drachma_50_1',1884,'none'
'grc_drachma_50_1',1885,'none'
'grc_drachma_50_1',1886,'none'
'grc_drachma_50_1',1887,'none'
'grc_drachma_50_1',1888,'none'
'grc_drachma_50_1',1889,'none'
'grc_drachma_50_1',1890,'none'
'grc_drachma_50_1',1891,'none'
'grc_drachma_50_1',1892,'none'
'grc_drachma_50_1',1893,'none'
'grc_drachma_50_1',1894,'none'
'grc_drachma_50_1',1895,'none'
'grc_drachma_50_1',1896,'none'
'grc_drachma_50_1',1897,'none'
'grc_drachma_50_1',1898,'none'
'grc_drachma_50_1',1899,'none'
'grc_drachma_50_1',1900,'none'
'grc_drachma_50_1',1901,'none'
'grc_drachma_50_1',1902,'none'
'grc_drachma_50_1',1903,'none'
'grc_drachma_50_1',1904,'none'
'grc_drachma_50_1',1905,'none'
'grc_drachma_50_1',1906,'none'
'grc_drachma_50_1',1907,'none'
'grc_drachma_50_1',1908,'none'
'grc_drachma_50_1',1909,'none'
'grc_drachma_50_1',1910,'none'
'grc_drachma_50_1',1911,'none'
'grc_drachma_50_1',1912,'none'
'grc_drachma_50_1',1913,'none'
'grc_drachma_50_1',1914,'none'
'grc_drachma_50_1',1915,'none'
'grc_drachma_50_1',1916,'none'
'grc_drachma_50_1',1917,'none'
'grc_drachma_50_1',1918,'none'
'grc_drachma_50_1',1919,'none'
'grc_drachma_50_1',1920,'none'
'grc_drachma_50_1',1921,'none'
'grc_drachma_50_1',1922,'none'
'grc_drachma_50_1',1923,'none'
'grc_drachma_50_1',1924,'none'
'grc_drachma_50_1',1925,'none'
'grc_drachma_50_1',1926,'none'
'grc_drachma_50_1',1927,'none'
'grc_drachma_50_1',1928,'none'
'grc_drachma_50_1',1929,'none'
'grc_drachma_50_1',1930,'none'
'grc_drachma_50_1',1931,'none'
'grc_drachma_50_1',1932,'none'
'grc_drachma_50_1',1933,'none'
'grc_drachma_50_1',1934,'none'
'grc_drachma_50_1',1935,'none'
'grc_drachma_5_1',1868,'none'
'grc_drachma_5_1',1869,'none'
'grc_drachma_5_1',1870,'none'
'grc_drachma_5_1',1871,'none'
'grc_drachma_5_1',1872,'none'
'grc_drachma_5_1',1873,'none'
'grc_drachma_5_1',1874,'none'
'grc_drachma_5_1',1875,'none'
'grc_drachma_5_1',1876,'none'
'grc_drachma_5_1',1877,'none'
'grc_drachma_5_1',1878,'none'
'grc_drachma_5_1',1879,'none'
'grc_drachma_5_1',1880,'none'
'grc_drachma_5_1',1881,'none'
'grc_drachma_5_1',1882,'none'
'grc_drachma_5_1',1883,'none'
'grc_drachma_5_1',1884,'none'
'grc_drachma_5_1',1885,'none'
'grc_drachma_5_1',1886,'none'
'grc_drachma_5_1',1887,'none'
'grc_drachma_5_1',1888,'none'
'grc_drachma_5_1',1889,'none'
'grc_drachma_5_1',1890,'none'
'grc_drachma_5_1',1891,'none'
'grc_drachma_5_1',1892,'none'
'grc_drachma_5_1',1893,'none'
'grc_drachma_5_1',1894,'none'
'grc_drachma_5_1',1895,'none'
'grc_drachma_5_1',1896,'none'
'grc_drachma_5_1',1897,'none'
'grc_drachma_5_1',1898,'none'
'grc_drachma_5_1',1899,'none'
'grc_drachma_5_1',1900,'none'
'grc_drachma_5_1',1901,'none'
'grc_drachma_5_1',1902,'none'
'grc_drachma_5_1',1903,'none'
'grc_drachma_5_1',1904,'none'
'grc_drachma_5_1',1905,'none'
'grc_drachma_5_1',1906,'none'
'grc_drachma_5_1',1907,'none'
'grc_drachma_5_1',1908,'none'
'grc_drachma_5_1',1909,'none'
'grc_drachma_5_1',1910,'none'
'grc_drachma_5_1',1911,'none'
'grc_drachma_5_2',1876,'none'
'grc_drachma_5_2',1877,'none'
'grc_drachma_5_2',1878,'none'
'grc_drachma_5_2',1879,'none'
'grc_drachma_5_2',1880,'none'
'grc_drachma_5_2',1881,'none'
'grc_drachma_5_2',1882,'none'
'grc_drachma_5_2',1883,'none'
'grc_drachma_5_2',1884,'none'
'grc_drachma_5_2',1885,'none'
'grc_drachma_5_2',1886,'none'
'grc_drachma_5_2',1887,'none'
'grc_drachma_5_2',1888,'none'
'grc_drachma_5_2',1889,'none'
'grc_drachma_5_2',1890,'none'
'grc_drachma_5_2',1891,'none'
'grc_drachma_5_2',1892,'none'
'grc_drachma_5_2',1893,'none'
'grc_drachma_5_2',1894,'none'
'grc_drachma_5_2',1895,'none'
'grc_drachma_5_2',1896,'none'
'grc_drachma_5_2',1897,'none'
'grc_drachma_5_2',1898,'none'
'grc_drachma_5_2',1899,'none'
'grc_drachma_5_2',1900,'none'
'grc_drachma_5_2',1901,'none'
'grc_drachma_5_2',1902,'none'
'grc_drachma_5_2',1903,'none'
'grc_drachma_5_2',1904,'none'
'grc_drachma_5_2',1905,'none'
'grc_drachma_5_2',1906,'none'
'grc_drachma_5_2',1907,'none'
'grc_drachma_5_2',1908,'none'
'grc_drachma_5_2',1909,'none'
'grc_drachma_5_2',1910,'none'
'grc_drachma_5_2',1911,'none'
'grc_drachma_5_2',1912,'none'
'grc_drachma_5_2',1913,'none'
'grc_drachma_5_2',1914,'none'
'grc_drachma_5_2',1915,'none'
'grc_drachma_5_2',1916,'none'
'grc_drachma_5_2',1917,'none'
'grc_drachma_5_2',1918,'none'
'grc_drachma_5_2',1919,'none'
'grc_drachma_5_2',1920,'none'
'grc_drachma_5_2',1921,'none'
'grc_drachma_5_2',1922,'none'
'grc_drachma_5_2',1923,'none'
'grc_drachma_5_2',1924,'none'
'grc_drachma_5_2',1925,'none'
'grc_drachma_5_2',1926,'none'
'grc_drachma_5_2',1927,'none'
'grc_drachma_5_2',1928,'none'
'grc_drachma_5_2',1929,'none'
'grc_drachma_5_2',1930,'none'
'grc_drachma_5_2',1931,'none'
'grc_drachma_5_2',1932,'none'
'grc_drachma_5_2',1933,'none'
'grc_drachma_5_2',1934,'none'
'grc_drachma_5_2',1935,'none'
'grc_lepton_50_1',1868,'none'
'grc_lepton_50_1',1869,'none'
'grc_lepton_50_1',1870,'none'
'grc_lepton_50_1',1871,'none'
'grc_lepton_50_1',1872,'none'
'grc_lepton_50_1',1873,'none'
'grc_lepton_50_1',1874,'none'
'grc_lepton_50_1',1875,'none'
'grc_lepton_50_1',1876,'none'
'grc_lepton_50_1',1877,'none'
'grc_lepton_50_1',1878,'none'
'grc_lepton_50_1',1879,'none'
'grc_lepton_50_1',1880,'none'
'grc_lepton_50_1',1881,'none'
'grc_lepton_50_1',1882,'none'
'grc_lepton_50_1',1883,'none'
'grc_lepton_50_1',1884,'none'
'grc_lepton_50_1',1885,'none'
'grc_lepton_50_1',1886,'none'
'grc_lepton_50_1',1887,'none'
'grc_lepton_50_1',1888,'none'
'grc_lepton_50_1',1889,'none'
'grc_lepton_50_1',1890,'none'
'grc_lepton_50_1',1891,'none'
'grc_lepton_50_1',1892,'none'
'grc_lepton_50_1',1893,'none'
'grc_lepton_50_1',1894,'none'
'grc_lepton_50_1',1895,'none'
'grc_lepton_50_1',1896,'none'
'grc_lepton_50_1',1897,'none'
'grc_lepton_50_1',1898,'none'
'grc_lepton_50_1',1899,'none'
'grc_lepton_50_1',1900,'none'
'grc_lepton_50_1',1901,'none'
'grc_lepton_50_1',1902,'none'
'grc_lepton_50_1',1903,'none'
'grc_lepton_50_1',1904,'none'
'grc_lepton_50_1',1905,'none'
'grc_lepton_50_1',1906,'none'
'grc_lepton_50_1',1907,'none'
'grc_lepton_50_1',1908,'none'
'grc_lepton_50_1',1909,'none'
'grc_lepton_50_1',1910,'none'
'grc_lepton_50_1',1911,'none'
'gtm_centavo_10_1',1881,'none'
'gtm_centavo_10_1',1882,'none'
'gtm_centavo_10_1',1883,'none'
'gtm_centavo_10_1',1884,'none'
'gtm_centavo_10_1',1885,'none'
'gtm_centavo_10_1',1886,'none'
'gtm_centavo_10_1',1887,'none'
'gtm_centavo_10_1',1888,'none'
'gtm_centavo_10_1',1889,'none'
'gtm_centavo_10_1',1890,'none'
'gtm_centavo_10_1',1891,'none'
'gtm_centavo_10_1',1892,'none'
'gtm_centavo_10_1',1893,'none'
'gtm_centavo_10_2',1925,'none'
'gtm_centavo_10_2',1926,'none'
'gtm_centavo_10_2',1927,'none'
'gtm_centavo_10_2',1928,'none'
'gtm_centavo_10_2',1929,'none'
'gtm_centavo_10_2',1930,'none'
'gtm_centavo_10_2',1931,'none'
'gtm_centavo_10_2',1932,'none'
'gtm_centavo_10_2',1933,'none'
'gtm_centavo_10_2',1934,'none'
'gtm_centavo_10_2',1935,'none'
'gtm_centavo_10_2',1936,'none'
'gtm_centavo_10_2',1937,'none'
'gtm_centavo_10_2',1938,'none'
'gtm_centavo_10_2',1939,'none'
'gtm_centavo_10_2',1940,'none'
'gtm_centavo_10_2',1941,'none'
'gtm_centavo_10_2',1942,'none'
'gtm_centavo_10_2',1943,'none'
'gtm_centavo_10_2',1944,'none'
'gtm_centavo_10_2',1945,'none'
'gtm_centavo_10_2',1946,'none'
'gtm_centavo_10_2',1947,'none'
'gtm_centavo_10_2',1948,'none'
'gtm_centavo_10_2',1949,'none'
'gtm_centavo_10_2',1950,'none'
'gtm_centavo_10_2',1951,'none'
'gtm_centavo_10_2',1952,'none'
'gtm_centavo_10_2',1953,'none'
'gtm_centavo_10_2',1954,'none'
'gtm_centavo_10_2',1955,'none'
'gtm_centavo_10_2',1956,'none'
'gtm_centavo_10_2',1957,'none'
'gtm_centavo_10_2',1958,'none'
'gtm_centavo_10_2',1959,'none'
'gtm_centavo_10_2',1960,'none'
'gtm_centavo_10_2',1961,'none'
'gtm_centavo_10_2',1962,'none'
'gtm_centavo_10_2',1963,'none'
'gtm_centavo_10_2',1964,'none'
'gtm_centavo_25_1',1881,'none'
'gtm_centavo_25_1',1882,'none'
'gtm_centavo_25_1',1883,'none'
'gtm_centavo_25_1',1884,'none'
'gtm_centavo_25_1',1885,'none'
'gtm_centavo_25_1',1886,'none'
'gtm_centavo_25_1',1887,'none'
'gtm_centavo_25_1',1888,'none'
'gtm_centavo_25_1',1889,'none'
'gtm_centavo_25_1',1890,'none'
'gtm_centavo_25_1',1891,'none'
'gtm_centavo_25_1',1892,'none'
'gtm_centavo_25_1',1893,'none'
'gtm_centavo_25_2',1925,'none'
'gtm_centavo_25_2',1926,'none'
'gtm_centavo_25_2',1927,'none'
'gtm_centavo_25_2',1928,'none'
'gtm_centavo_25_2',1929,'none'
'gtm_centavo_25_2',1930,'none'
'gtm_centavo_25_2',1931,'none'
'gtm_centavo_25_2',1932,'none'
'gtm_centavo_25_2',1933,'none'
'gtm_centavo_25_2',1934,'none'
'gtm_centavo_25_2',1935,'none'
'gtm_centavo_25_2',1936,'none'
'gtm_centavo_25_2',1937,'none'
'gtm_centavo_25_2',1938,'none'
'gtm_centavo_25_2',1939,'none'
'gtm_centavo_25_2',1940,'none'
'gtm_centavo_25_2',1941,'none'
'gtm_centavo_25_2',1942,'none'
'gtm_centavo_25_2',1943,'none'
'gtm_centavo_25_2',1944,'none'
'gtm_centavo_25_2',1945,'none'
'gtm_centavo_25_2',1946,'none'
'gtm_centavo_25_2',1947,'none'
'gtm_centavo_25_2',1948,'none'
'gtm_centavo_25_2',1949,'none'
'gtm_centavo_25_2',1950,'none'
'gtm_centavo_25_2',1951,'none'
'gtm_centavo_25_2',1952,'none'
'gtm_centavo_25_2',1953,'none'
'gtm_centavo_25_2',1954,'none'
'gtm_centavo_25_2',1955,'none'
'gtm_centavo_25_2',1956,'none'
'gtm_centavo_25_2',1957,'none'
'gtm_centavo_25_2',1958,'none'
'gtm_centavo_25_2',1959,'none'
'gtm_centavo_25_2',1960,'none'
'gtm_centavo_25_2',1961,'none'
'gtm_centavo_25_2',1962,'none'
'gtm_centavo_25_2',1963,'none'
'gtm_centavo_25_2',1964,'none'
'gtm_centavo_50_1',1870,'none'
'gtm_centavo_50_2',1925,'none'
'gtm_centavo_50_2',1926,'none'
'gtm_centavo_50_2',1927,'none'
'gtm_centavo_50_2',1928,'none'
'gtm_centavo_50_2',1929,'none'
'gtm_centavo_50_2',1930,'none'
'gtm_centavo_50_2',1931,'none'
'gtm_centavo_50_2',1932,'none'
'gtm_centavo_50_2',1933,'none'
'gtm_centavo_50_2',1934,'none'
'gtm_centavo_50_2',1935,'none'
'gtm_centavo_50_2',1936,'none'
'gtm_centavo_50_2',1937,'none'
'gtm_centavo_50_2',1938,'none'
'gtm_centavo_50_2',1939,'none'
'gtm_centavo_50_2',1940,'none'
'gtm_centavo_50_2',1941,'none'
'gtm_centavo_50_2',1942,'none'
'gtm_centavo_50_2',1943,'none'
'gtm_centavo_50_2',1944,'none'
'gtm_centavo_50_2',1945,'none'
'gtm_centavo_50_2',1946,'none'
'gtm_centavo_50_2',1947,'none'
'gtm_centavo_50_2',1948,'none'
'gtm_centavo_50_2',1949,'none'
'gtm_centavo_50_2',1950,'none'
'gtm_centavo_50_2',1951,'none'
'gtm_centavo_50_2',1952,'none'
'gtm_centavo_50_2',1953,'none'
'gtm_centavo_50_2',1954,'none'
'gtm_centavo_50_2',1955,'none'
'gtm_centavo_50_2',1956,'none'
'gtm_centavo_50_2',1957,'none'
'gtm_centavo_50_2',1958,'none'
'gtm_centavo_50_2',1959,'none'
'gtm_centavo_50_2',1960,'none'
'gtm_centavo_50_2',1961,'none'
'gtm_centavo_50_2',1962,'none'
'gtm_centavo_50_2',1963,'none'
'gtm_centavo_50_2',1964,'none'
'gtm_centavo_5_1',1881,'none'
'gtm_centavo_5_1',1882,'none'
'gtm_centavo_5_1',1883,'none'
'gtm_centavo_5_1',1884,'none'
'gtm_centavo_5_1',1885,'none'
'gtm_centavo_5_1',1886,'none'
'gtm_centavo_5_1',1887,'none'
'gtm_centavo_5_1',1888,'none'
'gtm_centavo_5_1',1889,'none'
'gtm_centavo_5_1',1890,'none'
'gtm_centavo_5_1',1891,'none'
'gtm_centavo_5_1',1892,'none'
'gtm_centavo_5_1',1893,'none'
'gtm_centavo_5_2',1925,'none'
'gtm_centavo_5_2',1926,'none'
'gtm_centavo_5_2',1927,'none'
'gtm_centavo_5_2',1928,'none'
'gtm_centavo_5_2',1929,'none'
'gtm_centavo_5_2',1930,'none'
'gtm_centavo_5_2',1931,'none'
'gtm_centavo_5_2',1932,'none'
'gtm_centavo_5_2',1933,'none'
'gtm_centavo_5_2',1934,'none'
'gtm_centavo_5_2',1935,'none'
'gtm_centavo_5_2',1936,'none'
'gtm_centavo_5_2',1937,'none'
'gtm_centavo_5_2',1938,'none'
'gtm_centavo_5_2',1939,'none'
'gtm_centavo_5_2',1940,'none'
'gtm_centavo_5_2',1941,'none'
'gtm_centavo_5_2',1942,'none'
'gtm_centavo_5_2',1943,'none'
'gtm_centavo_5_2',1944,'none'
'gtm_centavo_5_2',1945,'none'
'gtm_centavo_5_2',1946,'none'
'gtm_centavo_5_2',1947,'none'
'gtm_centavo_5_2',1948,'none'
'gtm_centavo_5_2',1949,'none'
'gtm_centavo_5_2',1950,'none'
'gtm_centavo_5_2',1951,'none'
'gtm_centavo_5_2',1952,'none'
'gtm_centavo_5_2',1953,'none'
'gtm_centavo_5_2',1954,'none'
'gtm_centavo_5_2',1955,'none'
'gtm_centavo_5_2',1956,'none'
'gtm_centavo_5_2',1957,'none'
'gtm_centavo_5_2',1958,'none'
'gtm_centavo_5_2',1959,'none'
'gtm_centavo_5_2',1960,'none'
'gtm_centavo_5_2',1961,'none'
'gtm_centavo_5_2',1962,'none'
'gtm_centavo_5_2',1963,'none'
'gtm_centavo_5_2',1964,'none'
'gtm_centimo_25_1',1869,'none'
'gtm_centimo_25_1',1870,'none'
'gtm_centimo_25_1',1871,'none'
'gtm_peso_10_1',1869,'none'
'gtm_peso_10_1',1870,'none'
'gtm_peso_10_1',1871,'none'
'gtm_peso_10_1',1872,'none'
'gtm_peso_10_1',1873,'none'
'gtm_peso_10_1',1874,'none'
'gtm_peso_10_1',1875,'none'
'gtm_peso_10_1',1876,'none'
'gtm_peso_10_1',1877,'none'
'gtm_peso_10_1',1878,'none'
'gtm_peso_16_1',1859,'none'
'gtm_peso_16_1',1860,'none'
'gtm_peso_16_1',1861,'none'
'gtm_peso_16_1',1862,'none'
'gtm_peso_16_1',1863,'none'
'gtm_peso_16_1',1864,'none'
'gtm_peso_16_1',1865,'none'
'gtm_peso_16_1',1866,'none'
'gtm_peso_16_1',1867,'none'
'gtm_peso_16_1',1868,'none'
'gtm_peso_16_1',1869,'none'
'gtm_peso_1_1',1859,'none'
'gtm_peso_1_1',1860,'none'
'gtm_peso_1_1',1861,'none'
'gtm_peso_1_1',1862,'none'
'gtm_peso_1_1',1863,'none'
'gtm_peso_1_1',1864,'none'
'gtm_peso_1_1',1865,'none'
'gtm_peso_1_1',1866,'none'
'gtm_peso_1_1',1867,'none'
'gtm_peso_1_1',1868,'none'
'gtm_peso_1_1',1869,'none'
'gtm_peso_1_2',1869,'none'
'gtm_peso_1_2',1870,'none'
'gtm_peso_1_2',1871,'none'
'gtm_peso_1_3',1873,'none'
'gtm_peso_1_3',1874,'none'
'gtm_peso_1_3',1875,'none'
'gtm_peso_1_3',1876,'none'
'gtm_peso_1_3',1877,'none'
'gtm_peso_1_3',1878,'none'
'gtm_peso_1_3',1879,'none'
'gtm_peso_1_3',1880,'none'
'gtm_peso_1_3',1881,'none'
'gtm_peso_1_3',1882,'none'
'gtm_peso_1_3',1883,'none'
'gtm_peso_1_3',1884,'none'
'gtm_peso_1_3',1885,'none'
'gtm_peso_1_3',1886,'none'
'gtm_peso_1_3',1887,'none'
'gtm_peso_1_3',1888,'none'
'gtm_peso_1_3',1889,'none'
'gtm_peso_1_3',1890,'none'
'gtm_peso_1_3',1891,'none'
'gtm_peso_1_3',1892,'none'
'gtm_peso_1_3',1893,'none'
'gtm_peso_1_4',1881,'none'
'gtm_peso_1_4',1882,'none'
'gtm_peso_1_4',1883,'none'
'gtm_peso_1_4',1884,'none'
'gtm_peso_1_4',1885,'none'
'gtm_peso_1_4',1886,'none'
'gtm_peso_1_4',1887,'none'
'gtm_peso_1_4',1888,'none'
'gtm_peso_1_4',1889,'none'
'gtm_peso_1_4',1890,'none'
'gtm_peso_1_4',1891,'none'
'gtm_peso_1_4',1892,'none'
'gtm_peso_1_4',1893,'none'
'gtm_peso_1_5',1894,'none'
'gtm_peso_1_5',1895,'none'
'gtm_peso_1_5',1896,'none'
'gtm_peso_1_5',1897,'none'
'gtm_peso_1_5',1898,'none'
'gtm_peso_1_5',1899,'none'
'gtm_peso_1_5',1900,'none'
'gtm_peso_1_6',1859,'none'
'gtm_peso_1_6',1860,'none'
'gtm_peso_1_6',1861,'none'
'gtm_peso_1_6',1862,'none'
'gtm_peso_1_6',1863,'none'
'gtm_peso_1_6',1864,'none'
'gtm_peso_1_6',1865,'none'
'gtm_peso_1_6',1866,'none'
'gtm_peso_1_6',1867,'none'
'gtm_peso_1_6',1868,'none'
'gtm_peso_1_6',1869,'none'
'gtm_peso_20_1',1869,'none'
'gtm_peso_20_1',1870,'none'
'gtm_peso_20_1',1871,'none'
'gtm_peso_20_1',1872,'none'
'gtm_peso_20_1',1873,'none'
'gtm_peso_20_1',1874,'none'
'gtm_peso_20_1',1875,'none'
'gtm_peso_20_1',1876,'none'
'gtm_peso_20_1',1877,'none'
'gtm_peso_20_1',1878,'none'
'gtm_peso_2_1',1859,'none'
'gtm_peso_2_1',1860,'none'
'gtm_peso_2_1',1861,'none'
'gtm_peso_2_1',1862,'none'
'gtm_peso_2_1',1863,'none'
'gtm_peso_2_1',1864,'none'
'gtm_peso_2_1',1865,'none'
'gtm_peso_2_1',1866,'none'
'gtm_peso_2_1',1867,'none'
'gtm_peso_2_1',1868,'none'
'gtm_peso_2_1',1869,'none'
'gtm_peso_4_1',1859,'none'
'gtm_peso_4_1',1860,'none'
'gtm_peso_4_1',1861,'none'
'gtm_peso_4_1',1862,'none'
'gtm_peso_4_1',1863,'none'
'gtm_peso_4_1',1864,'none'
'gtm_peso_4_1',1865,'none'
'gtm_peso_4_1',1866,'none'
'gtm_peso_4_1',1867,'none'
'gtm_peso_4_1',1868,'none'
'gtm_peso_4_1',1869,'none'
'gtm_peso_5_1',1869,'none'
'gtm_peso_5_1',1870,'none'
'gtm_peso_5_1',1871,'none'
'gtm_peso_5_1',1872,'none'
'gtm_peso_5_1',1873,'none'
'gtm_peso_5_1',1874,'none'
'gtm_peso_5_1',1875,'none'
'gtm_peso_5_1',1876,'none'
'gtm_peso_5_1',1877,'none'
'gtm_peso_5_1',1878,'none'
'gtm_peso_8_1',1859,'none'
'gtm_peso_8_1',1860,'none'
'gtm_peso_8_1',1861,'none'
'gtm_peso_8_1',1862,'none'
'gtm_peso_8_1',1863,'none'
'gtm_peso_8_1',1864,'none'
'gtm_peso_8_1',1865,'none'
'gtm_peso_8_1',1866,'none'
'gtm_peso_8_1',1867,'none'
'gtm_peso_8_1',1868,'none'
'gtm_peso_8_1',1869,'none'
'gtm_quetzal_10_1',1926,'none'
'gtm_quetzal_1_1',1925,'none'
'gtm_quetzal_1_1',1926,'none'
'gtm_quetzal_1_1',1927,'none'
'gtm_quetzal_1_1',1928,'none'
'gtm_quetzal_1_1',1929,'none'
'gtm_quetzal_1_1',1930,'none'
'gtm_quetzal_1_1',1931,'none'
'gtm_quetzal_1_1',1932,'none'
'gtm_quetzal_1_1',1933,'none'
'gtm_quetzal_1_1',1934,'none'
'gtm_quetzal_1_1',1935,'none'
'gtm_quetzal_1_1',1936,'none'
'gtm_quetzal_1_1',1937,'none'
'gtm_quetzal_1_1',1938,'none'
'gtm_quetzal_1_1',1939,'none'
'gtm_quetzal_1_1',1940,'none'
'gtm_quetzal_1_1',1941,'none'
'gtm_quetzal_1_1',1942,'none'
'gtm_quetzal_1_1',1943,'none'
'gtm_quetzal_1_1',1944,'none'
'gtm_quetzal_1_1',1945,'none'
'gtm_quetzal_1_1',1946,'none'
'gtm_quetzal_1_1',1947,'none'
'gtm_quetzal_1_1',1948,'none'
'gtm_quetzal_1_1',1949,'none'
'gtm_quetzal_1_1',1950,'none'
'gtm_quetzal_1_1',1951,'none'
'gtm_quetzal_1_1',1952,'none'
'gtm_quetzal_1_1',1953,'none'
'gtm_quetzal_1_1',1954,'none'
'gtm_quetzal_1_1',1955,'none'
'gtm_quetzal_1_1',1956,'none'
'gtm_quetzal_1_1',1957,'none'
'gtm_quetzal_1_1',1958,'none'
'gtm_quetzal_1_1',1959,'none'
'gtm_quetzal_1_1',1960,'none'
'gtm_quetzal_1_1',1961,'none'
'gtm_quetzal_1_1',1962,'none'
'gtm_quetzal_1_1',1963,'none'
'gtm_quetzal_1_1',1964,'none'
'gtm_quetzal_20_1',1926,'none'
'gtm_quetzal_5_1',1926,'none'
'gtm_quetzal_fractional_1_2_1',1925,'none'
'gtm_quetzal_fractional_1_2_1',1926,'none'
'gtm_quetzal_fractional_1_2_1',1927,'none'
'gtm_quetzal_fractional_1_2_1',1928,'none'
'gtm_quetzal_fractional_1_2_1',1929,'none'
'gtm_quetzal_fractional_1_2_1',1930,'none'
'gtm_quetzal_fractional_1_2_1',1931,'none'
'gtm_quetzal_fractional_1_2_1',1932,'none'
'gtm_quetzal_fractional_1_2_1',1933,'none'
'gtm_quetzal_fractional_1_2_1',1934,'none'
'gtm_quetzal_fractional_1_2_1',1935,'none'
'gtm_quetzal_fractional_1_2_1',1936,'none'
'gtm_quetzal_fractional_1_2_1',1937,'none'
'gtm_quetzal_fractional_1_2_1',1938,'none'
'gtm_quetzal_fractional_1_2_1',1939,'none'
'gtm_quetzal_fractional_1_2_1',1940,'none'
'gtm_quetzal_fractional_1_2_1',1941,'none'
'gtm_quetzal_fractional_1_2_1',1942,'none'
'gtm_quetzal_fractional_1_2_1',1943,'none'
'gtm_quetzal_fractional_1_2_1',1944,'none'
'gtm_quetzal_fractional_1_2_1',1945,'none'
'gtm_quetzal_fractional_1_2_1',1946,'none'
'gtm_quetzal_fractional_1_2_1',1947,'none'
'gtm_quetzal_fractional_1_2_1',1948,'none'
'gtm_quetzal_fractional_1_2_1',1949,'none'
'gtm_quetzal_fractional_1_2_1',1950,'none'
'gtm_quetzal_fractional_1_2_1',1951,'none'
'gtm_quetzal_fractional_1_2_1',1952,'none'
'gtm_quetzal_fractional_1_2_1',1953,'none'
'gtm_quetzal_fractional_1_2_1',1954,'none'
'gtm_quetzal_fractional_1_2_1',1955,'none'
'gtm_quetzal_fractional_1_2_1',1956,'none'
'gtm_quetzal_fractional_1_2_1',1957,'none'
'gtm_quetzal_fractional_1_2_1',1958,'none'
'gtm_quetzal_fractional_1_2_1',1959,'none'
'gtm_quetzal_fractional_1_2_1',1960,'none'
'gtm_quetzal_fractional_1_2_1',1961,'none'
'gtm_quetzal_fractional_1_2_1',1962,'none'
'gtm_quetzal_fractional_1_2_1',1963,'none'
'gtm_quetzal_fractional_1_2_1',1964,'none'
'gtm_quetzal_fractional_1_4_1',1925,'none'
'gtm_quetzal_fractional_1_4_1',1926,'none'
'gtm_quetzal_fractional_1_4_1',1927,'none'
'gtm_quetzal_fractional_1_4_1',1928,'none'
'gtm_quetzal_fractional_1_4_1',1929,'none'
'gtm_quetzal_fractional_1_4_1',1930,'none'
'gtm_quetzal_fractional_1_4_1',1931,'none'
'gtm_quetzal_fractional_1_4_1',1932,'none'
'gtm_quetzal_fractional_1_4_1',1933,'none'
'gtm_quetzal_fractional_1_4_1',1934,'none'
'gtm_quetzal_fractional_1_4_1',1935,'none'
'gtm_quetzal_fractional_1_4_1',1936,'none'
'gtm_quetzal_fractional_1_4_1',1937,'none'
'gtm_quetzal_fractional_1_4_1',1938,'none'
'gtm_quetzal_fractional_1_4_1',1939,'none'
'gtm_quetzal_fractional_1_4_1',1940,'none'
'gtm_quetzal_fractional_1_4_1',1941,'none'
'gtm_quetzal_fractional_1_4_1',1942,'none'
'gtm_quetzal_fractional_1_4_1',1943,'none'
'gtm_quetzal_fractional_1_4_1',1944,'none'
'gtm_quetzal_fractional_1_4_1',1945,'none'
'gtm_quetzal_fractional_1_4_1',1946,'none'
'gtm_quetzal_fractional_1_4_1',1947,'none'
'gtm_quetzal_fractional_1_4_1',1948,'none'
'gtm_quetzal_fractional_1_4_1',1949,'none'
'gtm_quetzal_fractional_1_4_1',1950,'none'
'gtm_quetzal_fractional_1_4_1',1951,'none'
'gtm_quetzal_fractional_1_4_1',1952,'none'
'gtm_quetzal_fractional_1_4_1',1953,'none'
'gtm_quetzal_fractional_1_4_1',1954,'none'
'gtm_quetzal_fractional_1_4_1',1955,'none'
'gtm_quetzal_fractional_1_4_1',1956,'none'
'gtm_quetzal_fractional_1_4_1',1957,'none'
'gtm_quetzal_fractional_1_4_1',1958,'none'
'gtm_quetzal_fractional_1_4_1',1959,'none'
'gtm_quetzal_fractional_1_4_1',1960,'none'
'gtm_quetzal_fractional_1_4_1',1961,'none'
'gtm_quetzal_fractional_1_4_1',1962,'none'
'gtm_quetzal_fractional_1_4_1',1963,'none'
'gtm_quetzal_fractional_1_4_1',1964,'none'
'gtm_real_1_1',1859,'none'
'gtm_real_1_1',1860,'none'
'gtm_real_1_1',1861,'none'
'gtm_real_1_1',1862,'none'
'gtm_real_1_1',1863,'none'
'gtm_real_1_1',1864,'none'
'gtm_real_1_1',1865,'none'
'gtm_real_1_1',1866,'none'
'gtm_real_1_1',1867,'none'
'gtm_real_1_1',1868,'none'
'gtm_real_1_1',1869,'none'
'gtm_real_1_2',1872,'none'
'gtm_real_1_2',1873,'none'
'gtm_real_1_2',1874,'none'
'gtm_real_1_2',1875,'none'
'gtm_real_1_2',1876,'none'
'gtm_real_1_2',1877,'none'
'gtm_real_1_2',1878,'none'
'gtm_real_1_3',1878,'none'
'gtm_real_1_3',1879,'none'
'gtm_real_1_3',1880,'none'
'gtm_real_1_3',1881,'none'
'gtm_real_1_3',1882,'none'
'gtm_real_1_3',1883,'none'
'gtm_real_1_3',1884,'none'
'gtm_real_1_3',1885,'none'
'gtm_real_1_3',1886,'none'
'gtm_real_1_3',1887,'none'
'gtm_real_1_3',1888,'none'
'gtm_real_1_3',1889,'none'
'gtm_real_1_3',1890,'none'
'gtm_real_1_3',1891,'none'
'gtm_real_1_3',1892,'none'
'gtm_real_1_3',1893,'none'
'gtm_real_1_4',1873,'none'
'gtm_real_1_4',1874,'none'
'gtm_real_1_4',1875,'none'
'gtm_real_1_4',1876,'none'
'gtm_real_1_4',1877,'none'
'gtm_real_1_4',1878,'none'
'gtm_real_1_4',1879,'none'
'gtm_real_1_4',1880,'none'
'gtm_real_1_4',1881,'none'
'gtm_real_1_4',1882,'none'
'gtm_real_1_4',1883,'none'
'gtm_real_1_4',1884,'none'
'gtm_real_1_4',1885,'none'
'gtm_real_1_4',1886,'none'
'gtm_real_1_4',1887,'none'
'gtm_real_1_4',1888,'none'
'gtm_real_1_4',1889,'none'
'gtm_real_1_4',1890,'none'
'gtm_real_1_4',1891,'none'
'gtm_real_1_4',1892,'none'
'gtm_real_1_4',1893,'none'
'gtm_real_1_5',1894,'none'
'gtm_real_1_5',1895,'none'
'gtm_real_1_5',1896,'none'
'gtm_real_1_5',1897,'none'
'gtm_real_1_5',1898,'none'
'gtm_real_1_5',1899,'none'
'gtm_real_1_5',1900,'none'
'gtm_real_1_6',1894,'none'
'gtm_real_1_6',1895,'none'
'gtm_real_1_6',1896,'none'
'gtm_real_1_6',1897,'none'
'gtm_real_1_6',1898,'none'
'gtm_real_1_6',1899,'none'
'gtm_real_1_6',1900,'none'
'gtm_real_1_7',1894,'none'
'gtm_real_1_7',1895,'none'
'gtm_real_1_7',1896,'none'
'gtm_real_1_7',1897,'none'
'gtm_real_1_7',1898,'none'
'gtm_real_1_7',1899,'none'
'gtm_real_1_7',1900,'none'
'gtm_real_1_8',1894,'none'
'gtm_real_1_8',1895,'none'
'gtm_real_1_8',1896,'none'
'gtm_real_1_8',1897,'none'
'gtm_real_1_8',1898,'none'
'gtm_real_1_8',1899,'none'
'gtm_real_1_8',1900,'none'
'gtm_real_2_1',1859,'none'
'gtm_real_2_1',1860,'none'
'gtm_real_2_1',1861,'none'
'gtm_real_2_1',1862,'none'
'gtm_real_2_1',1863,'none'
'gtm_real_2_1',1864,'none'
'gtm_real_2_1',1865,'none'
'gtm_real_2_1',1866,'none'
'gtm_real_2_1',1867,'none'
'gtm_real_2_1',1868,'none'
'gtm_real_2_1',1869,'none'
'gtm_real_2_2',1872,'none'
'gtm_real_2_2',1873,'none'
'gtm_real_2_2',1874,'none'
'gtm_real_2_2',1875,'none'
'gtm_real_2_2',1876,'none'
'gtm_real_2_2',1877,'none'
'gtm_real_2_2',1878,'none'
'gtm_real_2_3',1872,'none'
'gtm_real_2_3',1873,'none'
'gtm_real_2_3',1874,'none'
'gtm_real_2_3',1875,'none'
'gtm_real_2_3',1876,'none'
'gtm_real_2_3',1877,'none'
'gtm_real_2_3',1878,'none'
'gtm_real_2_4',1878,'none'
'gtm_real_2_4',1879,'none'
'gtm_real_2_4',1880,'none'
'gtm_real_2_4',1881,'none'
'gtm_real_2_4',1882,'none'
'gtm_real_2_4',1883,'none'
'gtm_real_2_4',1884,'none'
'gtm_real_2_4',1885,'none'
'gtm_real_2_4',1886,'none'
'gtm_real_2_4',1887,'none'
'gtm_real_2_4',1888,'none'
'gtm_real_2_4',1889,'none'
'gtm_real_2_4',1890,'none'
'gtm_real_2_4',1891,'none'
'gtm_real_2_4',1892,'none'
'gtm_real_2_4',1893,'none'
'gtm_real_2_5',1873,'none'
'gtm_real_2_5',1874,'none'
'gtm_real_2_5',1875,'none'
'gtm_real_2_5',1876,'none'
'gtm_real_2_5',1877,'none'
'gtm_real_2_5',1878,'none'
'gtm_real_2_5',1879,'none'
'gtm_real_2_5',1880,'none'
'gtm_real_2_5',1881,'none'
'gtm_real_2_5',1882,'none'
'gtm_real_2_5',1883,'none'
'gtm_real_2_5',1884,'none'
'gtm_real_2_5',1885,'none'
'gtm_real_2_5',1886,'none'
'gtm_real_2_5',1887,'none'
'gtm_real_2_5',1888,'none'
'gtm_real_2_5',1889,'none'
'gtm_real_2_5',1890,'none'
'gtm_real_2_5',1891,'none'
'gtm_real_2_5',1892,'none'
'gtm_real_2_5',1893,'none'
'gtm_real_2_6',1894,'none'
'gtm_real_2_6',1895,'none'
'gtm_real_2_6',1896,'none'
'gtm_real_2_6',1897,'none'
'gtm_real_2_6',1898,'none'
'gtm_real_2_6',1899,'none'
'gtm_real_2_6',1900,'none'
'gtm_real_4_1',1859,'none'
'gtm_real_4_1',1860,'none'
'gtm_real_4_1',1861,'none'
'gtm_real_4_1',1862,'none'
'gtm_real_4_1',1863,'none'
'gtm_real_4_1',1864,'none'
'gtm_real_4_1',1865,'none'
'gtm_real_4_1',1866,'none'
'gtm_real_4_1',1867,'none'
'gtm_real_4_1',1868,'none'
'gtm_real_4_1',1869,'none'
'gtm_real_4_2',1878,'none'
'gtm_real_4_2',1879,'none'
'gtm_real_4_2',1880,'none'
'gtm_real_4_2',1881,'none'
'gtm_real_4_2',1882,'none'
'gtm_real_4_2',1883,'none'
'gtm_real_4_2',1884,'none'
'gtm_real_4_2',1885,'none'
'gtm_real_4_2',1886,'none'
'gtm_real_4_2',1887,'none'
'gtm_real_4_2',1888,'none'
'gtm_real_4_2',1889,'none'
'gtm_real_4_2',1890,'none'
'gtm_real_4_2',1891,'none'
'gtm_real_4_2',1892,'none'
'gtm_real_4_2',1893,'none'
'gtm_real_4_3',1873,'none'
'gtm_real_4_3',1874,'none'
'gtm_real_4_3',1875,'none'
'gtm_real_4_3',1876,'none'
'gtm_real_4_3',1877,'none'
'gtm_real_4_3',1878,'none'
'gtm_real_4_3',1879,'none'
'gtm_real_4_3',1880,'none'
'gtm_real_4_3',1881,'none'
'gtm_real_4_3',1882,'none'
'gtm_real_4_3',1883,'none'
'gtm_real_4_3',1884,'none'
'gtm_real_4_3',1885,'none'
'gtm_real_4_3',1886,'none'
'gtm_real_4_3',1887,'none'
'gtm_real_4_3',1888,'none'
'gtm_real_4_3',1889,'none'
'gtm_real_4_3',1890,'none'
'gtm_real_4_3',1891,'none'
'gtm_real_4_3',1892,'none'
'gtm_real_4_3',1893,'none'
'gtm_real_4_4',1894,'none'
'gtm_real_4_4',1895,'none'
'gtm_real_4_4',1896,'none'
'gtm_real_4_4',1897,'none'
'gtm_real_4_4',1898,'none'
'gtm_real_4_4',1899,'none'
'gtm_real_4_4',1900,'none'
'gtm_real_4_5',1859,'none'
'gtm_real_4_5',1860,'none'
'gtm_real_4_5',1861,'none'
'gtm_real_4_5',1862,'none'
'gtm_real_4_5',1863,'none'
'gtm_real_4_5',1864,'none'
'gtm_real_4_5',1865,'none'
'gtm_real_4_5',1866,'none'
'gtm_real_4_5',1867,'none'
'gtm_real_4_5',1868,'none'
'gtm_real_4_5',1869,'none'
'gtm_real_fractional_1_2_1',1859,'none'
'gtm_real_fractional_1_2_1',1860,'none'
'gtm_real_fractional_1_2_1',1861,'none'
'gtm_real_fractional_1_2_1',1862,'none'
'gtm_real_fractional_1_2_1',1863,'none'
'gtm_real_fractional_1_2_1',1864,'none'
'gtm_real_fractional_1_2_1',1865,'none'
'gtm_real_fractional_1_2_1',1866,'none'
'gtm_real_fractional_1_2_1',1867,'none'
'gtm_real_fractional_1_2_1',1868,'none'
'gtm_real_fractional_1_2_1',1869,'none'
'gtm_real_fractional_1_2_2',1872,'none'
'gtm_real_fractional_1_2_2',1873,'none'
'gtm_real_fractional_1_2_2',1874,'none'
'gtm_real_fractional_1_2_2',1875,'none'
'gtm_real_fractional_1_2_2',1876,'none'
'gtm_real_fractional_1_2_2',1877,'none'
'gtm_real_fractional_1_2_2',1878,'none'
'gtm_real_fractional_1_2_3',1878,'none'
'gtm_real_fractional_1_2_3',1879,'none'
'gtm_real_fractional_1_2_3',1880,'none'
'gtm_real_fractional_1_2_3',1881,'none'
'gtm_real_fractional_1_2_3',1882,'none'
'gtm_real_fractional_1_2_3',1883,'none'
'gtm_real_fractional_1_2_3',1884,'none'
'gtm_real_fractional_1_2_3',1885,'none'
'gtm_real_fractional_1_2_3',1886,'none'
'gtm_real_fractional_1_2_3',1887,'none'
'gtm_real_fractional_1_2_3',1888,'none'
'gtm_real_fractional_1_2_3',1889,'none'
'gtm_real_fractional_1_2_3',1890,'none'
'gtm_real_fractional_1_2_3',1891,'none'
'gtm_real_fractional_1_2_3',1892,'none'
'gtm_real_fractional_1_2_3',1893,'none'
'gtm_real_fractional_1_2_4',1894,'none'
'gtm_real_fractional_1_2_4',1895,'none'
'gtm_real_fractional_1_2_4',1896,'none'
'gtm_real_fractional_1_2_4',1897,'none'
'gtm_real_fractional_1_2_4',1898,'none'
'gtm_real_fractional_1_2_4',1899,'none'
'gtm_real_fractional_1_2_4',1900,'none'
'gtm_real_fractional_1_2_5',1894,'none'
'gtm_real_fractional_1_2_5',1895,'none'
'gtm_real_fractional_1_2_5',1896,'none'
'gtm_real_fractional_1_2_5',1897,'none'
'gtm_real_fractional_1_2_5',1898,'none'
'gtm_real_fractional_1_2_5',1899,'none'
'gtm_real_fractional_1_2_5',1900,'none'
'gtm_real_fractional_1_4_1',1859,'none'
'gtm_real_fractional_1_4_1',1860,'none'
'gtm_real_fractional_1_4_1',1861,'none'
'gtm_real_fractional_1_4_1',1862,'none'
'gtm_real_fractional_1_4_1',1863,'none'
'gtm_real_fractional_1_4_1',1864,'none'
'gtm_real_fractional_1_4_1',1865,'none'
'gtm_real_fractional_1_4_1',1866,'none'
'gtm_real_fractional_1_4_1',1867,'none'
'gtm_real_fractional_1_4_1',1868,'none'
'gtm_real_fractional_1_4_1',1869,'none'
'gtm_real_fractional_1_4_2',1872,'none'
'gtm_real_fractional_1_4_2',1873,'none'
'gtm_real_fractional_1_4_2',1874,'none'
'gtm_real_fractional_1_4_2',1875,'none'
'gtm_real_fractional_1_4_2',1876,'none'
'gtm_real_fractional_1_4_2',1877,'none'
'gtm_real_fractional_1_4_2',1878,'none'
'gtm_real_fractional_1_4_3',1878,'none'
'gtm_real_fractional_1_4_3',1879,'none'
'gtm_real_fractional_1_4_3',1880,'none'
'gtm_real_fractional_1_4_3',1881,'none'
'gtm_real_fractional_1_4_3',1882,'none'
'gtm_real_fractional_1_4_3',1883,'none'
'gtm_real_fractional_1_4_3',1884,'none'
'gtm_real_fractional_1_4_3',1885,'none'
'gtm_real_fractional_1_4_3',1886,'none'
'gtm_real_fractional_1_4_3',1887,'none'
'gtm_real_fractional_1_4_3',1888,'none'
'gtm_real_fractional_1_4_3',1889,'none'
'gtm_real_fractional_1_4_3',1890,'none'
'gtm_real_fractional_1_4_3',1891,'none'
'gtm_real_fractional_1_4_3',1892,'none'
'gtm_real_fractional_1_4_3',1893,'none'
'gtm_real_fractional_1_4_4',1894,'none'
'gtm_real_fractional_1_4_4',1895,'none'
'gtm_real_fractional_1_4_4',1896,'none'
'gtm_real_fractional_1_4_4',1897,'none'
'gtm_real_fractional_1_4_4',1898,'none'
'gtm_real_fractional_1_4_4',1899,'none'
'gtm_real_fractional_1_4_4',1900,'none'
'haw_cent_10_1',1883,'none'
'haw_cent_25_1',1883,'none'
'haw_cent_50_1',1883,'none'
'haw_dollar_1_1',1883,'none'
'hkg_cent_10_1',1863,'none'
'hkg_cent_10_1',1864,'none'
'hkg_cent_10_1',1865,'none'
'hkg_cent_10_1',1866,'none'
'hkg_cent_10_1',1867,'none'
'hkg_cent_10_1',1868,'none'
'hkg_cent_10_1',1869,'none'
'hkg_cent_10_1',1870,'none'
'hkg_cent_10_1',1871,'none'
'hkg_cent_10_1',1872,'none'
'hkg_cent_10_1',1873,'none'
'hkg_cent_10_1',1874,'none'
'hkg_cent_10_1',1875,'none'
'hkg_cent_10_1',1876,'none'
'hkg_cent_10_1',1877,'none'
'hkg_cent_10_1',1878,'none'
'hkg_cent_10_1',1879,'none'
'hkg_cent_10_1',1880,'none'
'hkg_cent_10_1',1881,'none'
'hkg_cent_10_1',1882,'none'
'hkg_cent_10_1',1883,'none'
'hkg_cent_10_1',1884,'none'
'hkg_cent_10_1',1885,'none'
'hkg_cent_10_1',1886,'none'
'hkg_cent_10_1',1887,'none'
'hkg_cent_10_1',1888,'none'
'hkg_cent_10_1',1889,'none'
'hkg_cent_10_1',1890,'none'
'hkg_cent_10_1',1891,'none'
'hkg_cent_10_1',1892,'none'
'hkg_cent_10_1',1893,'none'
'hkg_cent_10_1',1894,'none'
'hkg_cent_10_1',1895,'none'
'hkg_cent_10_1',1896,'none'
'hkg_cent_10_1',1897,'none'
'hkg_cent_10_1',1898,'none'
'hkg_cent_10_1',1899,'none'
'hkg_cent_10_1',1900,'none'
'hkg_cent_10_1',1901,'none'
'hkg_cent_10_1',1902,'none'
'hkg_cent_10_1',1903,'none'
'hkg_cent_10_1',1904,'none'
'hkg_cent_10_1',1905,'none'
'hkg_cent_20_1',1866,'none'
'hkg_cent_20_1',1867,'none'
'hkg_cent_20_1',1868,'none'
'hkg_cent_20_1',1869,'none'
'hkg_cent_20_1',1870,'none'
'hkg_cent_20_1',1871,'none'
'hkg_cent_20_1',1872,'none'
'hkg_cent_20_1',1873,'none'
'hkg_cent_20_1',1874,'none'
'hkg_cent_20_1',1875,'none'
'hkg_cent_20_1',1876,'none'
'hkg_cent_20_1',1877,'none'
'hkg_cent_20_1',1878,'none'
'hkg_cent_20_1',1879,'none'
'hkg_cent_20_1',1880,'none'
'hkg_cent_20_1',1881,'none'
'hkg_cent_20_1',1882,'none'
'hkg_cent_20_1',1883,'none'
'hkg_cent_20_1',1884,'none'
'hkg_cent_20_1',1885,'none'
'hkg_cent_20_1',1886,'none'
'hkg_cent_20_1',1887,'none'
'hkg_cent_20_1',1888,'none'
'hkg_cent_20_1',1889,'none'
'hkg_cent_20_1',1890,'none'
'hkg_cent_20_1',1891,'none'
'hkg_cent_20_1',1892,'none'
'hkg_cent_20_1',1893,'none'
'hkg_cent_20_1',1894,'none'
'hkg_cent_20_1',1895,'none'
'hkg_cent_20_1',1896,'none'
'hkg_cent_20_1',1897,'none'
'hkg_cent_20_1',1898,'none'
'hkg_cent_20_1',1902,'none'
'hkg_cent_20_1',1903,'none'
'hkg_cent_20_1',1904,'none'
'hkg_cent_20_1',1905,'none'
'hkg_cent_50_1',1890,'none'
'hkg_cent_50_1',1891,'none'
'hkg_cent_50_1',1892,'none'
'hkg_cent_50_1',1893,'none'
'hkg_cent_50_1',1894,'none'
'hkg_cent_50_1',1902,'none'
'hkg_cent_50_1',1903,'none'
'hkg_cent_50_1',1904,'none'
'hkg_cent_50_1',1905,'none'
'hkg_cent_5_1',1866,'none'
'hkg_cent_5_1',1867,'none'
'hkg_cent_5_1',1868,'none'
'hkg_cent_5_1',1869,'none'
'hkg_cent_5_1',1870,'none'
'hkg_cent_5_1',1871,'none'
'hkg_cent_5_1',1872,'none'
'hkg_cent_5_1',1873,'none'
'hkg_cent_5_1',1874,'none'
'hkg_cent_5_1',1875,'none'
'hkg_cent_5_1',1876,'none'
'hkg_cent_5_1',1877,'none'
'hkg_cent_5_1',1878,'none'
'hkg_cent_5_1',1879,'none'
'hkg_cent_5_1',1880,'none'
'hkg_cent_5_1',1881,'none'
'hkg_cent_5_1',1882,'none'
'hkg_cent_5_1',1883,'none'
'hkg_cent_5_1',1884,'none'
'hkg_cent_5_1',1885,'none'
'hkg_cent_5_1',1886,'none'
'hkg_cent_5_1',1887,'none'
'hkg_cent_5_1',1888,'none'
'hkg_cent_5_1',1889,'none'
'hkg_cent_5_1',1890,'none'
'hkg_cent_5_1',1891,'none'
'hkg_cent_5_1',1892,'none'
'hkg_cent_5_1',1893,'none'
'hkg_cent_5_1',1894,'none'
'hkg_cent_5_1',1895,'none'
'hkg_cent_5_1',1896,'none'
'hkg_cent_5_1',1897,'none'
'hkg_cent_5_1',1898,'none'
'hkg_cent_5_1',1899,'none'
'hkg_cent_5_1',1900,'none'
'hkg_cent_5_1',1901,'none'
'hkg_cent_5_1',1903,'none'
'hkg_cent_5_1',1904,'none'
'hkg_cent_5_1',1905,'none'
'hkg_cent_5_1',1932,'none'
'hkg_cent_5_1',1933,'none'
'hkg_dollar_1_1',1866,'none'
'hkg_dollar_1_1',1867,'none'
'hkg_dollar_1_1',1868,'none'
'hkg_dollar_fractional_1_2_1',1866,'none'
'hkg_dollar_fractional_1_2_1',1867,'none'
'hkg_dollar_fractional_1_2_1',1868,'none'
'hnd_centavo_10_1',1871,'none'
'hnd_centavo_10_1',1884,'none'
'hnd_centavo_10_1',1885,'none'
'hnd_centavo_10_1',1886,'none'
'hnd_centavo_10_1',1887,'none'
'hnd_centavo_10_1',1888,'none'
'hnd_centavo_10_1',1889,'none'
'hnd_centavo_10_1',1890,'none'
'hnd_centavo_10_1',1891,'none'
'hnd_centavo_10_1',1892,'none'
'hnd_centavo_10_1',1893,'none'
'hnd_centavo_10_1',1894,'none'
'hnd_centavo_10_1',1895,'none'
'hnd_centavo_10_1',1896,'none'
'hnd_centavo_10_1',1897,'none'
'hnd_centavo_10_1',1898,'none'
'hnd_centavo_10_1',1899,'none'
'hnd_centavo_10_1',1900,'none'
'hnd_centavo_20_1',1931,'none'
'hnd_centavo_20_1',1932,'none'
'hnd_centavo_20_1',1933,'none'
'hnd_centavo_20_1',1934,'none'
'hnd_centavo_20_1',1935,'none'
'hnd_centavo_20_1',1936,'none'
'hnd_centavo_20_1',1937,'none'
'hnd_centavo_20_1',1938,'none'
'hnd_centavo_20_1',1939,'none'
'hnd_centavo_20_1',1940,'none'
'hnd_centavo_20_1',1941,'none'
'hnd_centavo_20_1',1942,'none'
'hnd_centavo_20_1',1943,'none'
'hnd_centavo_20_1',1944,'none'
'hnd_centavo_20_1',1945,'none'
'hnd_centavo_20_1',1946,'none'
'hnd_centavo_20_1',1947,'none'
'hnd_centavo_20_1',1948,'none'
'hnd_centavo_20_1',1949,'none'
'hnd_centavo_20_1',1950,'none'
'hnd_centavo_20_1',1951,'none'
'hnd_centavo_20_1',1952,'none'
'hnd_centavo_20_1',1953,'none'
'hnd_centavo_20_1',1954,'none'
'hnd_centavo_20_1',1955,'none'
'hnd_centavo_20_1',1956,'none'
'hnd_centavo_20_1',1957,'none'
'hnd_centavo_20_1',1958,'none'
'hnd_centavo_25_1',1871,'none'
'hnd_centavo_25_2',1899,'none'
'hnd_centavo_25_2',1900,'none'
'hnd_centavo_25_2',1901,'none'
'hnd_centavo_25_2',1902,'none'
'hnd_centavo_25_2',1903,'none'
'hnd_centavo_25_2',1904,'none'
'hnd_centavo_25_2',1905,'none'
'hnd_centavo_25_2',1906,'none'
'hnd_centavo_25_2',1907,'none'
'hnd_centavo_25_2',1908,'none'
'hnd_centavo_25_2',1909,'none'
'hnd_centavo_25_2',1910,'none'
'hnd_centavo_25_2',1911,'none'
'hnd_centavo_25_2',1912,'none'
'hnd_centavo_25_2',1913,'none'
'hnd_centavo_25_3',1883,'none'
'hnd_centavo_25_3',1884,'none'
'hnd_centavo_25_3',1885,'none'
'hnd_centavo_25_3',1886,'none'
'hnd_centavo_25_3',1887,'none'
'hnd_centavo_25_3',1888,'none'
'hnd_centavo_25_3',1889,'none'
'hnd_centavo_25_3',1890,'none'
'hnd_centavo_25_3',1891,'none'
'hnd_centavo_25_3',1892,'none'
'hnd_centavo_25_3',1893,'none'
'hnd_centavo_25_3',1894,'none'
'hnd_centavo_25_3',1895,'none'
'hnd_centavo_25_3',1896,'none'
'hnd_centavo_25_3',1897,'none'
'hnd_centavo_25_3',1898,'none'
'hnd_centavo_25_3',1899,'none'
'hnd_centavo_25_3',1900,'none'
'hnd_centavo_25_3',1901,'none'
'hnd_centavo_25_3',1902,'none'
'hnd_centavo_25_3',1903,'none'
'hnd_centavo_25_3',1904,'none'
'hnd_centavo_25_3',1905,'none'
'hnd_centavo_25_3',1906,'none'
'hnd_centavo_25_3',1907,'none'
'hnd_centavo_25_3',1908,'none'
'hnd_centavo_25_3',1909,'none'
'hnd_centavo_25_3',1910,'none'
'hnd_centavo_25_3',1911,'none'
'hnd_centavo_25_3',1912,'none'
'hnd_centavo_50_1',1871,'none'
'hnd_centavo_50_2',1908,'none'
'hnd_centavo_50_3',1883,'none'
'hnd_centavo_50_3',1884,'none'
'hnd_centavo_50_3',1885,'none'
'hnd_centavo_50_3',1886,'none'
'hnd_centavo_50_3',1887,'none'
'hnd_centavo_50_3',1888,'none'
'hnd_centavo_50_3',1889,'none'
'hnd_centavo_50_3',1890,'none'
'hnd_centavo_50_3',1891,'none'
'hnd_centavo_50_3',1892,'none'
'hnd_centavo_50_3',1893,'none'
'hnd_centavo_50_3',1894,'none'
'hnd_centavo_50_3',1895,'none'
'hnd_centavo_50_3',1896,'none'
'hnd_centavo_50_3',1897,'none'
'hnd_centavo_50_3',1898,'none'
'hnd_centavo_50_3',1899,'none'
'hnd_centavo_50_3',1900,'none'
'hnd_centavo_50_3',1901,'none'
'hnd_centavo_50_3',1902,'none'
'hnd_centavo_50_3',1903,'none'
'hnd_centavo_50_3',1904,'none'
'hnd_centavo_50_3',1905,'none'
'hnd_centavo_50_3',1906,'none'
'hnd_centavo_50_3',1907,'none'
'hnd_centavo_50_3',1908,'none'
'hnd_centavo_50_3',1909,'none'
'hnd_centavo_50_3',1910,'none'
'hnd_centavo_50_4',1931,'none'
'hnd_centavo_50_4',1932,'none'
'hnd_centavo_50_4',1933,'none'
'hnd_centavo_50_4',1934,'none'
'hnd_centavo_50_4',1935,'none'
'hnd_centavo_50_4',1936,'none'
'hnd_centavo_50_4',1937,'none'
'hnd_centavo_50_4',1938,'none'
'hnd_centavo_50_4',1939,'none'
'hnd_centavo_50_4',1940,'none'
'hnd_centavo_50_4',1941,'none'
'hnd_centavo_50_4',1942,'none'
'hnd_centavo_50_4',1943,'none'
'hnd_centavo_50_4',1944,'none'
'hnd_centavo_50_4',1945,'none'
'hnd_centavo_50_4',1946,'none'
'hnd_centavo_50_4',1947,'none'
'hnd_centavo_50_4',1948,'none'
'hnd_centavo_50_4',1949,'none'
'hnd_centavo_50_4',1950,'none'
'hnd_centavo_50_4',1951,'none'
'hnd_centavo_5_1',1871,'none'
'hnd_centavo_5_1',1884,'none'
'hnd_centavo_5_1',1885,'none'
'hnd_centavo_5_1',1886,'none'
'hnd_centavo_5_1',1887,'none'
'hnd_centavo_5_1',1888,'none'
'hnd_centavo_5_1',1889,'none'
'hnd_centavo_5_1',1890,'none'
'hnd_centavo_5_1',1891,'none'
'hnd_centavo_5_1',1892,'none'
'hnd_centavo_5_1',1893,'none'
'hnd_centavo_5_1',1894,'none'
'hnd_centavo_5_1',1895,'none'
'hnd_centavo_5_1',1896,'none'
'hnd_centavo_5_1',1897,'none'
'hnd_centavo_5_1',1898,'none'
'hnd_centavo_5_1',1899,'none'
'hnd_centavo_5_1',1900,'none'
'hnd_centavo_5_1',1901,'none'
'hnd_centavo_5_1',1902,'none'
'hnd_lempira_1_1',1931,'none'
'hnd_lempira_1_1',1932,'none'
'hnd_lempira_1_1',1933,'none'
'hnd_lempira_1_1',1934,'none'
'hnd_lempira_1_1',1935,'none'
'hnd_lempira_1_1',1936,'none'
'hnd_lempira_1_1',1937,'none'
'hnd_peso_10_1',1883,'none'
'hnd_peso_10_1',1889,'none'
'hnd_peso_1_1',1881,'none'
'hnd_peso_1_1',1882,'none'
'hnd_peso_1_1',1883,'none'
'hnd_peso_1_1',1884,'none'
'hnd_peso_1_1',1885,'none'
'hnd_peso_1_1',1886,'none'
'hnd_peso_1_1',1887,'none'
'hnd_peso_1_1',1888,'none'
'hnd_peso_1_1',1889,'none'
'hnd_peso_1_1',1890,'none'
'hnd_peso_1_1',1891,'none'
'hnd_peso_1_1',1892,'none'
'hnd_peso_1_1',1893,'none'
'hnd_peso_1_1',1894,'none'
'hnd_peso_1_1',1895,'none'
'hnd_peso_1_1',1896,'none'
'hnd_peso_1_1',1897,'none'
'hnd_peso_1_1',1898,'none'
'hnd_peso_1_1',1899,'none'
'hnd_peso_1_1',1900,'none'
'hnd_peso_1_1',1901,'none'
'hnd_peso_1_1',1902,'none'
'hnd_peso_1_1',1903,'none'
'hnd_peso_1_1',1904,'none'
'hnd_peso_1_1',1905,'none'
'hnd_peso_1_1',1906,'none'
'hnd_peso_1_1',1907,'none'
'hnd_peso_1_1',1908,'none'
'hnd_peso_1_1',1909,'none'
'hnd_peso_1_1',1910,'none'
'hnd_peso_1_1',1911,'none'
'hnd_peso_1_1',1912,'none'
'hnd_peso_1_1',1913,'none'
'hnd_peso_1_1',1914,'none'
'hnd_peso_1_2',1871,'none'
'hnd_peso_1_2',1888,'none'
'hnd_peso_1_2',1889,'none'
'hnd_peso_1_2',1890,'none'
'hnd_peso_1_2',1891,'none'
'hnd_peso_1_2',1892,'none'
'hnd_peso_1_2',1893,'none'
'hnd_peso_1_2',1894,'none'
'hnd_peso_1_2',1895,'none'
'hnd_peso_1_2',1896,'none'
'hnd_peso_1_2',1897,'none'
'hnd_peso_1_2',1898,'none'
'hnd_peso_1_2',1899,'none'
'hnd_peso_1_2',1900,'none'
'hnd_peso_1_2',1901,'none'
'hnd_peso_1_2',1902,'none'
'hnd_peso_1_2',1903,'none'
'hnd_peso_1_2',1904,'none'
'hnd_peso_1_2',1905,'none'
'hnd_peso_1_2',1906,'none'
'hnd_peso_1_2',1907,'none'
'hnd_peso_1_2',1908,'none'
'hnd_peso_1_2',1909,'none'
'hnd_peso_1_2',1910,'none'
'hnd_peso_1_2',1911,'none'
'hnd_peso_1_2',1912,'none'
'hnd_peso_1_2',1913,'none'
'hnd_peso_1_2',1914,'none'
'hnd_peso_1_2',1915,'none'
'hnd_peso_1_2',1916,'none'
'hnd_peso_1_2',1917,'none'
'hnd_peso_1_2',1918,'none'
'hnd_peso_1_2',1919,'none'
'hnd_peso_1_2',1920,'none'
'hnd_peso_1_2',1921,'none'
'hnd_peso_1_2',1922,'none'
'hnd_peso_20_1',1888,'none'
'hnd_peso_20_1',1889,'none'
'hnd_peso_20_1',1890,'none'
'hnd_peso_20_1',1891,'none'
'hnd_peso_20_1',1892,'none'
'hnd_peso_20_1',1893,'none'
'hnd_peso_20_1',1894,'none'
'hnd_peso_20_1',1895,'none'
'hnd_peso_20_1',1896,'none'
'hnd_peso_20_1',1897,'none'
'hnd_peso_20_1',1898,'none'
'hnd_peso_20_1',1899,'none'
'hnd_peso_20_1',1900,'none'
'hnd_peso_20_1',1901,'none'
'hnd_peso_20_1',1902,'none'
'hnd_peso_20_1',1903,'none'
'hnd_peso_20_1',1904,'none'
'hnd_peso_20_1',1905,'none'
'hnd_peso_20_1',1906,'none'
'hnd_peso_20_1',1907,'none'
'hnd_peso_20_1',1908,'none'
'hnd_peso_5_1',1888,'none'
'hnd_peso_5_1',1889,'none'
'hnd_peso_5_1',1890,'none'
'hnd_peso_5_1',1891,'none'
'hnd_peso_5_1',1892,'none'
'hnd_peso_5_1',1893,'none'
'hnd_peso_5_1',1894,'none'
'hnd_peso_5_1',1895,'none'
'hnd_peso_5_1',1896,'none'
'hnd_peso_5_1',1897,'none'
'hnd_peso_5_1',1898,'none'
'hnd_peso_5_1',1899,'none'
'hnd_peso_5_1',1900,'none'
'hnd_peso_5_1',1901,'none'
'hnd_peso_5_1',1902,'none'
'hnd_peso_5_1',1903,'none'
'hnd_peso_5_1',1904,'none'
'hnd_peso_5_1',1905,'none'
'hnd_peso_5_1',1906,'none'
'hnd_peso_5_1',1907,'none'
'hnd_peso_5_1',1908,'none'
'hnd_peso_5_1',1909,'none'
'hnd_peso_5_1',1910,'none'
'hnd_peso_5_1',1911,'none'
'hnd_peso_5_1',1912,'none'
'hnd_peso_5_1',1913,'none'
'hti_centime_10_1',1881,'none'
'hti_centime_10_1',1882,'none'
'hti_centime_10_1',1883,'none'
'hti_centime_10_1',1884,'none'
'hti_centime_10_1',1885,'none'
'hti_centime_10_1',1886,'none'
'hti_centime_10_1',1887,'none'
'hti_centime_10_1',1888,'none'
'hti_centime_10_1',1889,'none'
'hti_centime_10_1',1890,'none'
'hti_centime_10_1',1891,'none'
'hti_centime_10_1',1892,'none'
'hti_centime_10_1',1893,'none'
'hti_centime_10_1',1894,'none'
'hti_centime_20_1',1881,'none'
'hti_centime_20_1',1882,'none'
'hti_centime_20_1',1883,'none'
'hti_centime_20_1',1884,'none'
'hti_centime_20_1',1885,'none'
'hti_centime_20_1',1886,'none'
'hti_centime_20_1',1887,'none'
'hti_centime_20_1',1888,'none'
'hti_centime_20_1',1889,'none'
'hti_centime_20_1',1890,'none'
'hti_centime_20_1',1891,'none'
'hti_centime_20_1',1892,'none'
'hti_centime_20_1',1893,'none'
'hti_centime_20_1',1894,'none'
'hti_centime_20_1',1895,'none'
'hti_centime_50_1',1882,'none'
'hti_centime_50_1',1883,'none'
'hti_centime_50_1',1884,'none'
'hti_centime_50_1',1885,'none'
'hti_centime_50_1',1886,'none'
'hti_centime_50_1',1887,'none'
'hti_centime_50_1',1888,'none'
'hti_centime_50_1',1889,'none'
'hti_centime_50_1',1890,'none'
'hti_centime_50_1',1891,'none'
'hti_centime_50_1',1892,'none'
'hti_centime_50_1',1893,'none'
'hti_centime_50_1',1894,'none'
'hti_centime_50_1',1895,'none'
'hti_gourde_1_1',1881,'none'
'hti_gourde_1_1',1882,'none'
'hti_gourde_1_1',1883,'none'
'hti_gourde_1_1',1884,'none'
'hti_gourde_1_1',1885,'none'
'hti_gourde_1_1',1886,'none'
'hti_gourde_1_1',1887,'none'
'hti_gourde_1_1',1888,'none'
'hti_gourde_1_1',1889,'none'
'hti_gourde_1_1',1890,'none'
'hti_gourde_1_1',1891,'none'
'hti_gourde_1_1',1892,'none'
'hti_gourde_1_1',1893,'none'
'hti_gourde_1_1',1894,'none'
'hti_gourde_1_1',1895,'none'
'hun_dukat_1_1',1868,'none'
'hun_dukat_1_1',1869,'none'
'hun_dukat_1_1',1870,'none'
'hun_dukat_1_1',1871,'none'
'hun_dukat_1_1',1872,'none'
'hun_dukat_1_1',1873,'none'
'hun_dukat_1_1',1874,'none'
'hun_dukat_1_1',1875,'none'
'hun_dukat_1_1',1876,'none'
'hun_dukat_1_1',1877,'none'
'hun_dukat_1_1',1878,'none'
'hun_dukat_1_1',1879,'none'
'hun_dukat_1_1',1880,'none'
'hun_dukat_1_1',1881,'none'
'hun_dukat_1_1',1882,'none'
'hun_dukat_1_1',1883,'none'
'hun_dukat_1_1',1884,'none'
'hun_dukat_1_1',1885,'none'
'hun_dukat_1_1',1886,'none'
'hun_dukat_1_1',1887,'none'
'hun_dukat_1_1',1888,'none'
'hun_dukat_1_1',1889,'none'
'hun_dukat_1_1',1890,'none'
'hun_dukat_1_1',1891,'none'
'hun_dukat_1_1',1892,'none'
'hun_dukat_1_1',1893,'none'
'hun_dukat_1_1',1894,'none'
'hun_dukat_1_1',1895,'none'
'hun_dukat_1_1',1896,'none'
'hun_dukat_1_1',1897,'none'
'hun_dukat_1_1',1898,'none'
'hun_dukat_1_1',1899,'none'
'hun_dukat_1_1',1900,'none'
'hun_dukat_1_1',1901,'none'
'hun_dukat_1_1',1902,'none'
'hun_dukat_1_1',1903,'none'
'hun_dukat_1_1',1904,'none'
'hun_dukat_1_1',1905,'none'
'hun_dukat_1_1',1906,'none'
'hun_dukat_1_1',1907,'none'
'hun_dukat_1_1',1908,'none'
'hun_dukat_1_1',1909,'none'
'hun_dukat_1_1',1910,'none'
'hun_dukat_1_1',1911,'none'
'hun_dukat_1_1',1912,'none'
'hun_dukat_1_1',1913,'none'
'hun_dukat_1_1',1914,'none'
'hun_dukat_1_1',1915,'none'
'hun_dukat_1_1',1916,'none'
'hun_forint_100_1',1961,'none'
'hun_forint_10_1',1947,'none'
'hun_forint_10_1',1948,'none'
'hun_forint_10_2',1956,'none'
'hun_forint_1_1',1868,'none'
'hun_forint_1_1',1869,'none'
'hun_forint_1_1',1870,'none'
'hun_forint_1_1',1871,'none'
'hun_forint_1_1',1872,'none'
'hun_forint_1_1',1873,'none'
'hun_forint_1_1',1874,'none'
'hun_forint_1_1',1875,'none'
'hun_forint_1_1',1876,'none'
'hun_forint_1_1',1877,'none'
'hun_forint_1_1',1878,'none'
'hun_forint_1_1',1879,'none'
'hun_forint_1_1',1880,'none'
'hun_forint_1_1',1881,'none'
'hun_forint_1_1',1882,'none'
'hun_forint_1_1',1883,'none'
'hun_forint_1_1',1884,'none'
'hun_forint_1_1',1885,'none'
'hun_forint_1_1',1886,'none'
'hun_forint_1_1',1887,'none'
'hun_forint_1_1',1888,'none'
'hun_forint_1_1',1889,'none'
'hun_forint_1_1',1890,'none'
'hun_forint_1_1',1891,'none'
'hun_forint_1_1',1892,'none'
'hun_forint_20_1',1947,'none'
'hun_forint_20_1',1948,'none'
'hun_forint_20_2',1956,'none'
'hun_forint_25_1',1956,'none'
'hun_forint_25_2',1961,'none'
'hun_forint_4_1',1868,'none'
'hun_forint_4_1',1869,'none'
'hun_forint_4_1',1870,'none'
'hun_forint_4_1',1871,'none'
'hun_forint_4_1',1872,'none'
'hun_forint_4_1',1873,'none'
'hun_forint_4_1',1874,'none'
'hun_forint_4_1',1875,'none'
'hun_forint_4_1',1876,'none'
'hun_forint_4_1',1877,'none'
'hun_forint_4_1',1878,'none'
'hun_forint_4_1',1879,'none'
'hun_forint_4_1',1880,'none'
'hun_forint_4_1',1881,'none'
'hun_forint_4_1',1882,'none'
'hun_forint_4_1',1883,'none'
'hun_forint_4_1',1884,'none'
'hun_forint_4_1',1885,'none'
'hun_forint_4_1',1886,'none'
'hun_forint_4_1',1887,'none'
'hun_forint_4_1',1888,'none'
'hun_forint_4_1',1889,'none'
'hun_forint_4_1',1890,'none'
'hun_forint_4_1',1891,'none'
'hun_forint_4_1',1892,'none'
'hun_forint_4_1',1893,'none'
'hun_forint_4_1',1894,'none'
'hun_forint_4_1',1895,'none'
'hun_forint_4_1',1896,'none'
'hun_forint_4_1',1897,'none'
'hun_forint_4_1',1898,'none'
'hun_forint_4_1',1899,'none'
'hun_forint_4_1',1900,'none'
'hun_forint_4_1',1901,'none'
'hun_forint_4_1',1902,'none'
'hun_forint_4_1',1903,'none'
'hun_forint_4_1',1904,'none'
'hun_forint_4_1',1905,'none'
'hun_forint_4_1',1906,'none'
'hun_forint_4_1',1907,'none'
'hun_forint_4_1',1908,'none'
'hun_forint_4_1',1909,'none'
'hun_forint_4_1',1910,'none'
'hun_forint_4_1',1911,'none'
'hun_forint_4_1',1912,'none'
'hun_forint_4_1',1913,'none'
'hun_forint_4_1',1914,'none'
'hun_forint_4_1',1915,'none'
'hun_forint_4_1',1916,'none'
'hun_forint_500_1',1961,'none'
'hun_forint_50_1',1961,'none'
'hun_forint_50_2',1961,'none'
'hun_forint_5_1',1946,'none'
'hun_forint_5_2',1947,'none'
'hun_forint_5_2',1948,'none'
'hun_forint_8_1',1868,'none'
'hun_forint_8_1',1869,'none'
'hun_forint_8_1',1870,'none'
'hun_forint_8_1',1871,'none'
'hun_forint_8_1',1872,'none'
'hun_forint_8_1',1873,'none'
'hun_forint_8_1',1874,'none'
'hun_forint_8_1',1875,'none'
'hun_forint_8_1',1876,'none'
'hun_forint_8_1',1877,'none'
'hun_forint_8_1',1878,'none'
'hun_forint_8_1',1879,'none'
'hun_forint_8_1',1880,'none'
'hun_forint_8_1',1881,'none'
'hun_forint_8_1',1882,'none'
'hun_forint_8_1',1883,'none'
'hun_forint_8_1',1884,'none'
'hun_forint_8_1',1885,'none'
'hun_forint_8_1',1886,'none'
'hun_forint_8_1',1887,'none'
'hun_forint_8_1',1888,'none'
'hun_forint_8_1',1889,'none'
'hun_forint_8_1',1890,'none'
'hun_forint_8_1',1891,'none'
'hun_forint_8_1',1892,'none'
'hun_forint_8_1',1893,'none'
'hun_forint_8_1',1894,'none'
'hun_forint_8_1',1895,'none'
'hun_forint_8_1',1896,'none'
'hun_forint_8_1',1897,'none'
'hun_forint_8_1',1898,'none'
'hun_forint_8_1',1899,'none'
'hun_forint_8_1',1900,'none'
'hun_forint_8_1',1901,'none'
'hun_forint_8_1',1902,'none'
'hun_forint_8_1',1903,'none'
'hun_forint_8_1',1904,'none'
'hun_forint_8_1',1905,'none'
'hun_forint_8_1',1906,'none'
'hun_forint_8_1',1907,'none'
'hun_forint_8_1',1908,'none'
'hun_forint_8_1',1909,'none'
'hun_forint_8_1',1910,'none'
'hun_forint_8_1',1911,'none'
'hun_forint_8_1',1912,'none'
'hun_forint_8_1',1913,'none'
'hun_forint_8_1',1914,'none'
'hun_forint_8_1',1915,'none'
'hun_forint_8_1',1916,'none'
'hun_korona_100_1',1868,'none'
'hun_korona_100_1',1869,'none'
'hun_korona_100_1',1870,'none'
'hun_korona_100_1',1871,'none'
'hun_korona_100_1',1872,'none'
'hun_korona_100_1',1873,'none'
'hun_korona_100_1',1874,'none'
'hun_korona_100_1',1875,'none'
'hun_korona_100_1',1876,'none'
'hun_korona_100_1',1877,'none'
'hun_korona_100_1',1878,'none'
'hun_korona_100_1',1879,'none'
'hun_korona_100_1',1880,'none'
'hun_korona_100_1',1881,'none'
'hun_korona_100_1',1882,'none'
'hun_korona_100_1',1883,'none'
'hun_korona_100_1',1884,'none'
'hun_korona_100_1',1885,'none'
'hun_korona_100_1',1886,'none'
'hun_korona_100_1',1887,'none'
'hun_korona_100_1',1888,'none'
'hun_korona_100_1',1889,'none'
'hun_korona_100_1',1890,'none'
'hun_korona_100_1',1891,'none'
'hun_korona_100_1',1892,'none'
'hun_korona_100_1',1893,'none'
'hun_korona_100_1',1894,'none'
'hun_korona_100_1',1895,'none'
'hun_korona_100_1',1896,'none'
'hun_korona_100_1',1897,'none'
'hun_korona_100_1',1898,'none'
'hun_korona_100_1',1899,'none'
'hun_korona_100_1',1900,'none'
'hun_korona_100_1',1901,'none'
'hun_korona_100_1',1902,'none'
'hun_korona_100_1',1903,'none'
'hun_korona_100_1',1904,'none'
'hun_korona_100_1',1905,'none'
'hun_korona_100_1',1906,'none'
'hun_korona_100_1',1907,'none'
'hun_korona_100_1',1908,'none'
'hun_korona_100_1',1909,'none'
'hun_korona_100_1',1910,'none'
'hun_korona_100_1',1911,'none'
'hun_korona_100_1',1912,'none'
'hun_korona_100_1',1913,'none'
'hun_korona_100_1',1914,'none'
'hun_korona_100_1',1915,'none'
'hun_korona_100_1',1916,'none'
'hun_korona_10_1',1868,'none'
'hun_korona_10_1',1869,'none'
'hun_korona_10_1',1870,'none'
'hun_korona_10_1',1871,'none'
'hun_korona_10_1',1872,'none'
'hun_korona_10_1',1873,'none'
'hun_korona_10_1',1874,'none'
'hun_korona_10_1',1875,'none'
'hun_korona_10_1',1876,'none'
'hun_korona_10_1',1877,'none'
'hun_korona_10_1',1878,'none'
'hun_korona_10_1',1879,'none'
'hun_korona_10_1',1880,'none'
'hun_korona_10_1',1881,'none'
'hun_korona_10_1',1882,'none'
'hun_korona_10_1',1883,'none'
'hun_korona_10_1',1884,'none'
'hun_korona_10_1',1885,'none'
'hun_korona_10_1',1886,'none'
'hun_korona_10_1',1887,'none'
'hun_korona_10_1',1888,'none'
'hun_korona_10_1',1889,'none'
'hun_korona_10_1',1890,'none'
'hun_korona_10_1',1891,'none'
'hun_korona_10_1',1892,'none'
'hun_korona_10_1',1893,'none'
'hun_korona_10_1',1894,'none'
'hun_korona_10_1',1895,'none'
'hun_korona_10_1',1896,'none'
'hun_korona_10_1',1897,'none'
'hun_korona_10_1',1898,'none'
'hun_korona_10_1',1899,'none'
'hun_korona_10_1',1900,'none'
'hun_korona_10_1',1901,'none'
'hun_korona_10_1',1902,'none'
'hun_korona_10_1',1903,'none'
'hun_korona_10_1',1904,'none'
'hun_korona_10_1',1905,'none'
'hun_korona_10_1',1906,'none'
'hun_korona_10_1',1907,'none'
'hun_korona_10_1',1908,'none'
'hun_korona_10_1',1909,'none'
'hun_korona_10_1',1910,'none'
'hun_korona_10_1',1911,'none'
'hun_korona_10_1',1912,'none'
'hun_korona_10_1',1913,'none'
'hun_korona_10_1',1914,'none'
'hun_korona_10_1',1915,'none'
'hun_korona_10_1',1916,'none'
'hun_korona_1_1',1892,'none'
'hun_korona_1_1',1893,'none'
'hun_korona_1_1',1894,'none'
'hun_korona_1_1',1895,'none'
'hun_korona_1_1',1896,'none'
'hun_korona_1_1',1897,'none'
'hun_korona_1_1',1898,'none'
'hun_korona_1_1',1899,'none'
'hun_korona_1_1',1900,'none'
'hun_korona_1_1',1901,'none'
'hun_korona_1_1',1902,'none'
'hun_korona_1_1',1903,'none'
'hun_korona_1_1',1904,'none'
'hun_korona_1_1',1905,'none'
'hun_korona_1_1',1906,'none'
'hun_korona_1_1',1907,'none'
'hun_korona_1_1',1908,'none'
'hun_korona_1_1',1909,'none'
'hun_korona_1_1',1910,'none'
'hun_korona_1_1',1911,'none'
'hun_korona_1_1',1912,'none'
'hun_korona_1_1',1913,'none'
'hun_korona_1_1',1914,'none'
'hun_korona_1_1',1915,'none'
'hun_korona_1_1',1916,'none'
'hun_korona_20_1',1868,'none'
'hun_korona_20_1',1869,'none'
'hun_korona_20_1',1870,'none'
'hun_korona_20_1',1871,'none'
'hun_korona_20_1',1872,'none'
'hun_korona_20_1',1873,'none'
'hun_korona_20_1',1874,'none'
'hun_korona_20_1',1875,'none'
'hun_korona_20_1',1876,'none'
'hun_korona_20_1',1877,'none'
'hun_korona_20_1',1878,'none'
'hun_korona_20_1',1879,'none'
'hun_korona_20_1',1880,'none'
'hun_korona_20_1',1881,'none'
'hun_korona_20_1',1882,'none'
'hun_korona_20_1',1883,'none'
'hun_korona_20_1',1884,'none'
'hun_korona_20_1',1885,'none'
'hun_korona_20_1',1886,'none'
'hun_korona_20_1',1887,'none'
'hun_korona_20_1',1888,'none'
'hun_korona_20_1',1889,'none'
'hun_korona_20_1',1890,'none'
'hun_korona_20_1',1891,'none'
'hun_korona_20_1',1892,'none'
'hun_korona_20_1',1893,'none'
'hun_korona_20_1',1894,'none'
'hun_korona_20_1',1895,'none'
'hun_korona_20_1',1896,'none'
'hun_korona_20_1',1897,'none'
'hun_korona_20_1',1898,'none'
'hun_korona_20_1',1899,'none'
'hun_korona_20_1',1900,'none'
'hun_korona_20_1',1901,'none'
'hun_korona_20_1',1902,'none'
'hun_korona_20_1',1903,'none'
'hun_korona_20_1',1904,'none'
'hun_korona_20_1',1905,'none'
'hun_korona_20_1',1906,'none'
'hun_korona_20_1',1907,'none'
'hun_korona_20_1',1908,'none'
'hun_korona_20_1',1909,'none'
'hun_korona_20_1',1910,'none'
'hun_korona_20_1',1911,'none'
'hun_korona_20_1',1912,'none'
'hun_korona_20_1',1913,'none'
'hun_korona_20_1',1914,'none'
'hun_korona_20_1',1915,'none'
'hun_korona_20_1',1916,'none'
'hun_korona_2_1',1892,'none'
'hun_korona_2_1',1893,'none'
'hun_korona_2_1',1894,'none'
'hun_korona_2_1',1895,'none'
'hun_korona_2_1',1896,'none'
'hun_korona_2_1',1897,'none'
'hun_korona_2_1',1898,'none'
'hun_korona_2_1',1899,'none'
'hun_korona_2_1',1900,'none'
'hun_korona_2_1',1901,'none'
'hun_korona_2_1',1902,'none'
'hun_korona_2_1',1903,'none'
'hun_korona_2_1',1904,'none'
'hun_korona_2_1',1905,'none'
'hun_korona_2_1',1906,'none'
'hun_korona_2_1',1907,'none'
'hun_korona_2_1',1908,'none'
'hun_korona_2_1',1909,'none'
'hun_korona_2_1',1910,'none'
'hun_korona_2_1',1911,'none'
'hun_korona_2_1',1912,'none'
'hun_korona_2_1',1913,'none'
'hun_korona_2_1',1914,'none'
'hun_korona_2_1',1915,'none'
'hun_korona_2_1',1916,'none'
'hun_korona_5_1',1892,'none'
'hun_korona_5_1',1893,'none'
'hun_korona_5_1',1894,'none'
'hun_korona_5_1',1895,'none'
'hun_korona_5_1',1896,'none'
'hun_korona_5_1',1897,'none'
'hun_korona_5_1',1898,'none'
'hun_korona_5_1',1899,'none'
'hun_korona_5_1',1900,'none'
'hun_korona_5_1',1901,'none'
'hun_korona_5_1',1902,'none'
'hun_korona_5_1',1903,'none'
'hun_korona_5_1',1904,'none'
'hun_korona_5_1',1905,'none'
'hun_korona_5_1',1906,'none'
'hun_korona_5_1',1907,'none'
'hun_korona_5_1',1908,'none'
'hun_korona_5_1',1909,'none'
'hun_korona_5_1',1910,'none'
'hun_korona_5_1',1911,'none'
'hun_korona_5_1',1912,'none'
'hun_korona_5_1',1913,'none'
'hun_korona_5_1',1914,'none'
'hun_korona_5_1',1915,'none'
'hun_korona_5_1',1916,'none'
'hun_krajczar_10_1',1868,'none'
'hun_krajczar_10_1',1869,'none'
'hun_krajczar_10_1',1870,'none'
'hun_krajczar_10_1',1871,'none'
'hun_krajczar_10_1',1872,'none'
'hun_krajczar_10_1',1873,'none'
'hun_krajczar_10_1',1874,'none'
'hun_krajczar_10_1',1875,'none'
'hun_krajczar_10_1',1876,'none'
'hun_krajczar_10_1',1877,'none'
'hun_krajczar_10_1',1878,'none'
'hun_krajczar_10_1',1879,'none'
'hun_krajczar_10_1',1880,'none'
'hun_krajczar_10_1',1881,'none'
'hun_krajczar_10_1',1882,'none'
'hun_krajczar_10_1',1883,'none'
'hun_krajczar_10_1',1884,'none'
'hun_krajczar_10_1',1885,'none'
'hun_krajczar_10_1',1886,'none'
'hun_krajczar_10_1',1887,'none'
'hun_krajczar_10_1',1888,'none'
'hun_krajczar_10_1',1889,'none'
'hun_krajczar_10_1',1890,'none'
'hun_krajczar_10_1',1891,'none'
'hun_krajczar_10_1',1892,'none'
'hun_krajczar_20_1',1868,'none'
'hun_krajczar_20_1',1869,'none'
'hun_krajczar_20_1',1870,'none'
'hun_krajczar_20_1',1871,'none'
'hun_krajczar_20_1',1872,'none'
'hun_krajczar_20_1',1873,'none'
'hun_krajczar_20_1',1874,'none'
'hun_krajczar_20_1',1875,'none'
'hun_krajczar_20_1',1876,'none'
'hun_krajczar_20_1',1877,'none'
'hun_krajczar_20_1',1878,'none'
'hun_krajczar_20_1',1879,'none'
'hun_krajczar_20_1',1880,'none'
'hun_krajczar_20_1',1881,'none'
'hun_krajczar_20_1',1882,'none'
'hun_krajczar_20_1',1883,'none'
'hun_krajczar_20_1',1884,'none'
'hun_krajczar_20_1',1885,'none'
'hun_krajczar_20_1',1886,'none'
'hun_krajczar_20_1',1887,'none'
'hun_krajczar_20_1',1888,'none'
'hun_krajczar_20_1',1889,'none'
'hun_krajczar_20_1',1890,'none'
'hun_krajczar_20_1',1891,'none'
'hun_krajczar_20_1',1892,'none'
'hun_pengo_1_1',1926,'none'
'hun_pengo_1_1',1927,'none'
'hun_pengo_1_1',1928,'none'
'hun_pengo_1_1',1929,'none'
'hun_pengo_1_1',1930,'none'
'hun_pengo_1_1',1931,'none'
'hun_pengo_1_1',1932,'none'
'hun_pengo_1_1',1933,'none'
'hun_pengo_1_1',1934,'none'
'hun_pengo_1_1',1935,'none'
'hun_pengo_1_1',1936,'none'
'hun_pengo_1_1',1937,'none'
'hun_pengo_1_1',1938,'none'
'hun_pengo_1_1',1939,'none'
'hun_pengo_2_1',1926,'none'
'hun_pengo_2_1',1927,'none'
'hun_pengo_2_1',1928,'none'
'hun_pengo_2_1',1929,'none'
'hun_pengo_2_1',1930,'none'
'hun_pengo_2_1',1931,'none'
'hun_pengo_2_1',1932,'none'
'hun_pengo_2_1',1933,'none'
'hun_pengo_2_1',1934,'none'
'hun_pengo_2_1',1935,'none'
'hun_pengo_2_1',1936,'none'
'hun_pengo_2_1',1937,'none'
'hun_pengo_2_1',1938,'none'
'hun_pengo_2_1',1939,'none'
'hun_pengo_5_1',1926,'none'
'hun_pengo_5_1',1927,'none'
'hun_pengo_5_1',1928,'none'
'hun_pengo_5_1',1929,'none'
'hun_pengo_5_1',1930,'none'
'hun_pengo_5_1',1931,'none'
'hun_pengo_5_1',1932,'none'
'hun_pengo_5_1',1933,'none'
'hun_pengo_5_1',1934,'none'
'hun_pengo_5_1',1935,'none'
'hun_pengo_5_1',1936,'none'
'hun_pengo_5_1',1937,'none'
'hun_pengo_5_1',1938,'none'
'hun_pengo_5_1',1939,'none'
'ind_anna_2_1',1841,'none'
'ind_anna_2_1',1842,'none'
'ind_anna_2_1',1843,'none'
'ind_anna_2_1',1844,'none'
'ind_anna_2_1',1845,'none'
'ind_anna_2_1',1846,'none'
'ind_anna_2_1',1847,'none'
'ind_anna_2_1',1848,'none'
'ind_anna_2_1',1849,'none'
'ind_anna_2_1',1850,'none'
'ind_anna_2_1',1851,'none'
'ind_anna_2_1',1852,'none'
'ind_anna_2_1',1853,'none'
'ind_anna_2_1',1854,'none'
'ind_anna_2_1',1855,'none'
'ind_anna_2_1',1856,'none'
'ind_anna_2_1',1857,'none'
'ind_anna_2_1',1858,'none'
'ind_anna_2_1',1859,'none'
'ind_anna_2_1',1860,'none'
'ind_anna_2_1',1861,'none'
'ind_anna_2_1',1862,'none'
'ind_anna_2_1',1863,'none'
'ind_anna_2_1',1864,'none'
'ind_anna_2_1',1865,'none'
'ind_anna_2_1',1866,'none'
'ind_anna_2_1',1867,'none'
'ind_anna_2_1',1868,'none'
'ind_anna_2_1',1869,'none'
'ind_anna_2_1',1870,'none'
'ind_anna_2_1',1871,'none'
'ind_anna_2_1',1872,'none'
'ind_anna_2_1',1873,'none'
'ind_anna_2_1',1874,'none'
'ind_anna_2_1',1875,'none'
'ind_anna_2_1',1876,'none'
'ind_anna_2_1',1877,'none'
'ind_anna_2_1',1878,'none'
'ind_anna_2_1',1879,'none'
'ind_anna_2_1',1880,'none'
'ind_anna_2_1',1881,'none'
'ind_anna_2_1',1882,'none'
'ind_anna_2_1',1883,'none'
'ind_anna_2_1',1884,'none'
'ind_anna_2_1',1885,'none'
'ind_anna_2_1',1886,'none'
'ind_anna_2_1',1887,'none'
'ind_anna_2_1',1888,'none'
'ind_anna_2_1',1889,'none'
'ind_anna_2_1',1890,'none'
'ind_anna_2_1',1891,'none'
'ind_anna_2_1',1892,'none'
'ind_anna_2_1',1893,'none'
'ind_anna_2_1',1894,'none'
'ind_anna_2_1',1895,'none'
'ind_anna_2_1',1896,'none'
'ind_anna_2_1',1897,'none'
'ind_anna_2_1',1898,'none'
'ind_anna_2_1',1899,'none'
'ind_anna_2_1',1900,'none'
'ind_anna_2_1',1901,'none'
'ind_anna_2_1',1902,'none'
'ind_anna_2_1',1903,'none'
'ind_anna_2_1',1904,'none'
'ind_anna_2_1',1905,'none'
'ind_anna_2_1',1906,'none'
'ind_anna_2_1',1907,'none'
'ind_anna_2_1',1908,'none'
'ind_anna_2_1',1909,'none'
'ind_anna_2_1',1910,'none'
'ind_anna_2_1',1911,'none'
'ind_anna_2_1',1912,'none'
'ind_anna_2_1',1913,'none'
'ind_anna_2_1',1914,'none'
'ind_anna_2_1',1915,'none'
'ind_anna_2_1',1916,'none'
'ind_anna_2_1',1917,'none'
'ind_mohur_1_1',1841,'none'
'ind_mohur_1_1',1842,'none'
'ind_mohur_1_1',1843,'none'
'ind_mohur_1_1',1844,'none'
'ind_mohur_1_1',1845,'none'
'ind_mohur_1_1',1846,'none'
'ind_mohur_1_1',1847,'none'
'ind_mohur_1_1',1848,'none'
'ind_mohur_1_1',1849,'none'
'ind_mohur_1_1',1850,'none'
'ind_mohur_1_1',1851,'none'
'ind_mohur_1_1',1852,'none'
'ind_mohur_1_1',1853,'none'
'ind_mohur_1_1',1854,'none'
'ind_mohur_1_1',1855,'none'
'ind_mohur_1_1',1856,'none'
'ind_mohur_1_1',1857,'none'
'ind_mohur_1_1',1858,'none'
'ind_mohur_1_1',1859,'none'
'ind_mohur_1_1',1860,'none'
'ind_mohur_1_1',1861,'none'
'ind_mohur_1_1',1862,'none'
'ind_mohur_1_1',1863,'none'
'ind_mohur_1_1',1864,'none'
'ind_mohur_1_1',1865,'none'
'ind_mohur_1_1',1866,'none'
'ind_mohur_1_1',1867,'none'
'ind_mohur_1_1',1868,'none'
'ind_mohur_1_1',1869,'none'
'ind_mohur_1_1',1870,'none'
'ind_mohur_1_1',1871,'none'
'ind_mohur_1_1',1872,'none'
'ind_mohur_1_1',1873,'none'
'ind_mohur_1_1',1874,'none'
'ind_mohur_1_1',1875,'none'
'ind_mohur_1_1',1876,'none'
'ind_mohur_1_1',1877,'none'
'ind_mohur_1_1',1878,'none'
'ind_mohur_1_1',1879,'none'
'ind_mohur_1_1',1880,'none'
'ind_mohur_1_1',1881,'none'
'ind_mohur_1_1',1882,'none'
'ind_mohur_1_1',1883,'none'
'ind_mohur_1_1',1884,'none'
'ind_mohur_1_1',1885,'none'
'ind_mohur_1_1',1886,'none'
'ind_mohur_1_1',1887,'none'
'ind_mohur_1_1',1888,'none'
'ind_mohur_1_1',1889,'none'
'ind_mohur_1_1',1890,'none'
'ind_mohur_1_1',1891,'none'
'ind_mohur_1_1',1892,'none'
'ind_mohur_1_1',1893,'none'
'ind_mohur_1_1',1894,'none'
'ind_mohur_1_1',1895,'none'
'ind_mohur_1_1',1896,'none'
'ind_mohur_1_1',1897,'none'
'ind_mohur_1_1',1898,'none'
'ind_mohur_1_1',1899,'none'
'ind_mohur_1_1',1900,'none'
'ind_mohur_1_1',1901,'none'
'ind_mohur_1_1',1902,'none'
'ind_mohur_1_1',1903,'none'
'ind_mohur_1_1',1904,'none'
'ind_mohur_1_1',1905,'none'
'ind_mohur_1_1',1906,'none'
'ind_mohur_1_1',1907,'none'
'ind_mohur_1_1',1908,'none'
'ind_mohur_1_1',1909,'none'
'ind_mohur_1_1',1910,'none'
'ind_mohur_1_1',1911,'none'
'ind_mohur_1_1',1912,'none'
'ind_mohur_1_1',1913,'none'
'ind_mohur_1_1',1914,'none'
'ind_mohur_1_1',1915,'none'
'ind_mohur_1_1',1916,'none'
'ind_mohur_1_1',1917,'none'
'ind_mohur_1_1',1918,'none'
'ind_rupee_10_1',1841,'none'
'ind_rupee_10_1',1842,'none'
'ind_rupee_10_1',1843,'none'
'ind_rupee_10_1',1844,'none'
'ind_rupee_10_1',1845,'none'
'ind_rupee_10_1',1846,'none'
'ind_rupee_10_1',1847,'none'
'ind_rupee_10_1',1848,'none'
'ind_rupee_10_1',1849,'none'
'ind_rupee_10_1',1850,'none'
'ind_rupee_10_1',1851,'none'
'ind_rupee_10_1',1852,'none'
'ind_rupee_10_1',1853,'none'
'ind_rupee_10_1',1854,'none'
'ind_rupee_10_1',1855,'none'
'ind_rupee_10_1',1856,'none'
'ind_rupee_10_1',1857,'none'
'ind_rupee_10_1',1858,'none'
'ind_rupee_10_1',1859,'none'
'ind_rupee_10_1',1860,'none'
'ind_rupee_10_1',1861,'none'
'ind_rupee_10_1',1862,'none'
'ind_rupee_10_1',1863,'none'
'ind_rupee_10_1',1864,'none'
'ind_rupee_10_1',1865,'none'
'ind_rupee_10_1',1866,'none'
'ind_rupee_10_1',1867,'none'
'ind_rupee_10_1',1868,'none'
'ind_rupee_10_1',1869,'none'
'ind_rupee_10_1',1870,'none'
'ind_rupee_10_1',1871,'none'
'ind_rupee_10_1',1872,'none'
'ind_rupee_10_1',1873,'none'
'ind_rupee_10_1',1874,'none'
'ind_rupee_10_1',1875,'none'
'ind_rupee_10_1',1876,'none'
'ind_rupee_10_1',1877,'none'
'ind_rupee_10_1',1878,'none'
'ind_rupee_10_1',1879,'none'
'ind_rupee_10_1',1880,'none'
'ind_rupee_10_1',1881,'none'
'ind_rupee_10_1',1882,'none'
'ind_rupee_10_1',1883,'none'
'ind_rupee_10_1',1884,'none'
'ind_rupee_10_1',1885,'none'
'ind_rupee_10_1',1886,'none'
'ind_rupee_10_1',1887,'none'
'ind_rupee_10_1',1888,'none'
'ind_rupee_10_1',1889,'none'
'ind_rupee_10_1',1890,'none'
'ind_rupee_10_1',1891,'none'
'ind_rupee_10_1',1892,'none'
'ind_rupee_10_1',1893,'none'
'ind_rupee_10_1',1894,'none'
'ind_rupee_10_1',1895,'none'
'ind_rupee_10_1',1896,'none'
'ind_rupee_10_1',1897,'none'
'ind_rupee_10_1',1898,'none'
'ind_rupee_10_1',1899,'none'
'ind_rupee_10_1',1900,'none'
'ind_rupee_10_1',1901,'none'
'ind_rupee_10_1',1902,'none'
'ind_rupee_10_1',1903,'none'
'ind_rupee_10_1',1904,'none'
'ind_rupee_10_1',1905,'none'
'ind_rupee_10_1',1906,'none'
'ind_rupee_10_1',1907,'none'
'ind_rupee_10_1',1908,'none'
'ind_rupee_10_1',1909,'none'
'ind_rupee_10_1',1910,'none'
'ind_rupee_10_1',1911,'none'
'ind_rupee_10_1',1912,'none'
'ind_rupee_10_1',1913,'none'
'ind_rupee_10_1',1914,'none'
'ind_rupee_10_1',1915,'none'
'ind_rupee_10_1',1916,'none'
'ind_rupee_10_1',1917,'none'
'ind_rupee_10_1',1918,'none'
'ind_rupee_1_1',1835,'none'
'ind_rupee_1_1',1836,'none'
'ind_rupee_1_1',1837,'none'
'ind_rupee_1_1',1838,'none'
'ind_rupee_1_1',1839,'none'
'ind_rupee_1_1',1840,'none'
'ind_rupee_1_1',1841,'none'
'ind_rupee_1_1',1842,'none'
'ind_rupee_1_1',1843,'none'
'ind_rupee_1_1',1844,'none'
'ind_rupee_1_1',1845,'none'
'ind_rupee_1_1',1846,'none'
'ind_rupee_1_1',1847,'none'
'ind_rupee_1_1',1848,'none'
'ind_rupee_1_1',1849,'none'
'ind_rupee_1_1',1850,'none'
'ind_rupee_1_1',1851,'none'
'ind_rupee_1_1',1852,'none'
'ind_rupee_1_1',1853,'none'
'ind_rupee_1_1',1854,'none'
'ind_rupee_1_1',1855,'none'
'ind_rupee_1_1',1856,'none'
'ind_rupee_1_1',1857,'none'
'ind_rupee_1_1',1858,'none'
'ind_rupee_1_1',1859,'none'
'ind_rupee_1_1',1860,'none'
'ind_rupee_1_1',1861,'none'
'ind_rupee_1_1',1862,'none'
'ind_rupee_1_1',1863,'none'
'ind_rupee_1_1',1864,'none'
'ind_rupee_1_1',1865,'none'
'ind_rupee_1_1',1866,'none'
'ind_rupee_1_1',1867,'none'
'ind_rupee_1_1',1868,'none'
'ind_rupee_1_1',1869,'none'
'ind_rupee_1_1',1870,'none'
'ind_rupee_1_1',1871,'none'
'ind_rupee_1_1',1872,'none'
'ind_rupee_1_1',1873,'none'
'ind_rupee_1_1',1874,'none'
'ind_rupee_1_1',1875,'none'
'ind_rupee_1_1',1876,'none'
'ind_rupee_1_1',1877,'none'
'ind_rupee_1_1',1878,'none'
'ind_rupee_1_1',1879,'none'
'ind_rupee_1_1',1880,'none'
'ind_rupee_1_1',1881,'none'
'ind_rupee_1_1',1882,'none'
'ind_rupee_1_1',1883,'none'
'ind_rupee_1_1',1884,'none'
'ind_rupee_1_1',1885,'none'
'ind_rupee_1_1',1886,'none'
'ind_rupee_1_1',1887,'none'
'ind_rupee_1_1',1888,'none'
'ind_rupee_1_1',1889,'none'
'ind_rupee_1_1',1890,'none'
'ind_rupee_1_1',1891,'none'
'ind_rupee_1_1',1892,'none'
'ind_rupee_1_1',1893,'none'
'ind_rupee_1_1',1894,'none'
'ind_rupee_1_1',1895,'none'
'ind_rupee_1_1',1896,'none'
'ind_rupee_1_1',1897,'none'
'ind_rupee_1_1',1898,'none'
'ind_rupee_1_1',1899,'none'
'ind_rupee_1_1',1900,'none'
'ind_rupee_1_1',1901,'none'
'ind_rupee_1_1',1902,'none'
'ind_rupee_1_1',1903,'none'
'ind_rupee_1_1',1904,'none'
'ind_rupee_1_1',1905,'none'
'ind_rupee_1_1',1906,'none'
'ind_rupee_1_1',1907,'none'
'ind_rupee_1_1',1908,'none'
'ind_rupee_1_1',1909,'none'
'ind_rupee_1_1',1910,'none'
'ind_rupee_1_1',1911,'none'
'ind_rupee_1_1',1912,'none'
'ind_rupee_1_1',1913,'none'
'ind_rupee_1_1',1914,'none'
'ind_rupee_1_1',1915,'none'
'ind_rupee_1_1',1916,'none'
'ind_rupee_1_1',1917,'none'
'ind_rupee_1_1',1918,'none'
'ind_rupee_1_1',1919,'none'
'ind_rupee_1_1',1920,'none'
'ind_rupee_1_1',1921,'none'
'ind_rupee_1_1',1922,'none'
'ind_rupee_1_1',1923,'none'
'ind_rupee_1_1',1924,'none'
'ind_rupee_1_1',1925,'none'
'ind_rupee_1_1',1926,'none'
'ind_rupee_1_1',1927,'none'
'ind_rupee_1_1',1928,'none'
'ind_rupee_1_1',1929,'none'
'ind_rupee_1_1',1930,'none'
'ind_rupee_1_1',1931,'none'
'ind_rupee_1_1',1932,'none'
'ind_rupee_1_1',1933,'none'
'ind_rupee_1_1',1934,'none'
'ind_rupee_1_1',1935,'none'
'ind_rupee_1_1',1936,'none'
'ind_rupee_1_1',1937,'none'
'ind_rupee_1_1',1938,'none'
'ind_rupee_1_1',1939,'none'
'ind_rupee_1_1',1940,'none'
'ind_rupee_1_1',1941,'none'
'ind_rupee_1_1',1942,'none'
'ind_rupee_1_1',1943,'none'
'ind_rupee_1_2',1940,'none'
'ind_rupee_1_2',1941,'none'
'ind_rupee_1_2',1942,'none'
'ind_rupee_1_2',1943,'none'
'ind_rupee_1_2',1944,'none'
'ind_rupee_1_2',1945,'none'
'ind_rupee_5_1',1841,'none'
'ind_rupee_5_1',1842,'none'
'ind_rupee_5_1',1843,'none'
'ind_rupee_5_1',1844,'none'
'ind_rupee_5_1',1845,'none'
'ind_rupee_5_1',1846,'none'
'ind_rupee_5_1',1847,'none'
'ind_rupee_5_1',1848,'none'
'ind_rupee_5_1',1849,'none'
'ind_rupee_5_1',1850,'none'
'ind_rupee_5_1',1851,'none'
'ind_rupee_5_1',1852,'none'
'ind_rupee_5_1',1853,'none'
'ind_rupee_5_1',1854,'none'
'ind_rupee_5_1',1855,'none'
'ind_rupee_5_1',1856,'none'
'ind_rupee_5_1',1857,'none'
'ind_rupee_5_1',1858,'none'
'ind_rupee_5_1',1859,'none'
'ind_rupee_5_1',1860,'none'
'ind_rupee_5_1',1861,'none'
'ind_rupee_5_1',1862,'none'
'ind_rupee_5_1',1863,'none'
'ind_rupee_5_1',1864,'none'
'ind_rupee_5_1',1865,'none'
'ind_rupee_5_1',1866,'none'
'ind_rupee_5_1',1867,'none'
'ind_rupee_5_1',1868,'none'
'ind_rupee_5_1',1869,'none'
'ind_rupee_5_1',1870,'none'
'ind_rupee_5_1',1871,'none'
'ind_rupee_5_1',1872,'none'
'ind_rupee_5_1',1873,'none'
'ind_rupee_5_1',1874,'none'
'ind_rupee_5_1',1875,'none'
'ind_rupee_5_1',1876,'none'
'ind_rupee_5_1',1877,'none'
'ind_rupee_5_1',1878,'none'
'ind_rupee_5_1',1879,'none'
'ind_rupee_5_1',1880,'none'
'ind_rupee_5_1',1881,'none'
'ind_rupee_5_1',1882,'none'
'ind_rupee_5_1',1883,'none'
'ind_rupee_5_1',1884,'none'
'ind_rupee_5_1',1885,'none'
'ind_rupee_5_1',1886,'none'
'ind_rupee_5_1',1887,'none'
'ind_rupee_5_1',1888,'none'
'ind_rupee_5_1',1889,'none'
'ind_rupee_5_1',1890,'none'
'ind_rupee_5_1',1891,'none'
'ind_rupee_5_1',1892,'none'
'ind_rupee_5_1',1893,'none'
'ind_rupee_5_1',1894,'none'
'ind_rupee_5_1',1895,'none'
'ind_rupee_5_1',1896,'none'
'ind_rupee_5_1',1897,'none'
'ind_rupee_5_1',1898,'none'
'ind_rupee_5_1',1899,'none'
'ind_rupee_5_1',1900,'none'
'ind_rupee_5_1',1901,'none'
'ind_rupee_5_1',1902,'none'
'ind_rupee_5_1',1903,'none'
'ind_rupee_5_1',1904,'none'
'ind_rupee_5_1',1905,'none'
'ind_rupee_5_1',1906,'none'
'ind_rupee_5_1',1907,'none'
'ind_rupee_5_1',1908,'none'
'ind_rupee_5_1',1909,'none'
'ind_rupee_5_1',1910,'none'
'ind_rupee_5_1',1911,'none'
'ind_rupee_5_1',1912,'none'
'ind_rupee_5_1',1913,'none'
'ind_rupee_5_1',1914,'none'
'ind_rupee_5_1',1915,'none'
'ind_rupee_5_1',1916,'none'
'ind_rupee_5_1',1917,'none'
'ind_rupee_5_1',1918,'none'
'ind_rupee_fractional_1_2_1',1835,'none'
'ind_rupee_fractional_1_2_1',1836,'none'
'ind_rupee_fractional_1_2_1',1837,'none'
'ind_rupee_fractional_1_2_1',1838,'none'
'ind_rupee_fractional_1_2_1',1839,'none'
'ind_rupee_fractional_1_2_1',1840,'none'
'ind_rupee_fractional_1_2_1',1841,'none'
'ind_rupee_fractional_1_2_1',1842,'none'
'ind_rupee_fractional_1_2_1',1843,'none'
'ind_rupee_fractional_1_2_1',1844,'none'
'ind_rupee_fractional_1_2_1',1845,'none'
'ind_rupee_fractional_1_2_1',1846,'none'
'ind_rupee_fractional_1_2_1',1847,'none'
'ind_rupee_fractional_1_2_1',1848,'none'
'ind_rupee_fractional_1_2_1',1849,'none'
'ind_rupee_fractional_1_2_1',1850,'none'
'ind_rupee_fractional_1_2_1',1851,'none'
'ind_rupee_fractional_1_2_1',1852,'none'
'ind_rupee_fractional_1_2_1',1853,'none'
'ind_rupee_fractional_1_2_1',1854,'none'
'ind_rupee_fractional_1_2_1',1855,'none'
'ind_rupee_fractional_1_2_1',1856,'none'
'ind_rupee_fractional_1_2_1',1857,'none'
'ind_rupee_fractional_1_2_1',1858,'none'
'ind_rupee_fractional_1_2_1',1859,'none'
'ind_rupee_fractional_1_2_1',1860,'none'
'ind_rupee_fractional_1_2_1',1861,'none'
'ind_rupee_fractional_1_2_1',1862,'none'
'ind_rupee_fractional_1_2_1',1863,'none'
'ind_rupee_fractional_1_2_1',1864,'none'
'ind_rupee_fractional_1_2_1',1865,'none'
'ind_rupee_fractional_1_2_1',1866,'none'
'ind_rupee_fractional_1_2_1',1867,'none'
'ind_rupee_fractional_1_2_1',1868,'none'
'ind_rupee_fractional_1_2_1',1869,'none'
'ind_rupee_fractional_1_2_1',1870,'none'
'ind_rupee_fractional_1_2_1',1871,'none'
'ind_rupee_fractional_1_2_1',1872,'none'
'ind_rupee_fractional_1_2_1',1873,'none'
'ind_rupee_fractional_1_2_1',1874,'none'
'ind_rupee_fractional_1_2_1',1875,'none'
'ind_rupee_fractional_1_2_1',1876,'none'
'ind_rupee_fractional_1_2_1',1877,'none'
'ind_rupee_fractional_1_2_1',1878,'none'
'ind_rupee_fractional_1_2_1',1879,'none'
'ind_rupee_fractional_1_2_1',1880,'none'
'ind_rupee_fractional_1_2_1',1881,'none'
'ind_rupee_fractional_1_2_1',1882,'none'
'ind_rupee_fractional_1_2_1',1883,'none'
'ind_rupee_fractional_1_2_1',1884,'none'
'ind_rupee_fractional_1_2_1',1885,'none'
'ind_rupee_fractional_1_2_1',1886,'none'
'ind_rupee_fractional_1_2_1',1887,'none'
'ind_rupee_fractional_1_2_1',1888,'none'
'ind_rupee_fractional_1_2_1',1889,'none'
'ind_rupee_fractional_1_2_1',1890,'none'
'ind_rupee_fractional_1_2_1',1891,'none'
'ind_rupee_fractional_1_2_1',1892,'none'
'ind_rupee_fractional_1_2_1',1893,'none'
'ind_rupee_fractional_1_2_1',1894,'none'
'ind_rupee_fractional_1_2_1',1895,'none'
'ind_rupee_fractional_1_2_1',1896,'none'
'ind_rupee_fractional_1_2_1',1897,'none'
'ind_rupee_fractional_1_2_1',1898,'none'
'ind_rupee_fractional_1_2_1',1899,'none'
'ind_rupee_fractional_1_2_1',1900,'none'
'ind_rupee_fractional_1_2_1',1901,'none'
'ind_rupee_fractional_1_2_1',1902,'none'
'ind_rupee_fractional_1_2_1',1903,'none'
'ind_rupee_fractional_1_2_1',1904,'none'
'ind_rupee_fractional_1_2_1',1905,'none'
'ind_rupee_fractional_1_2_1',1906,'none'
'ind_rupee_fractional_1_2_1',1907,'none'
'ind_rupee_fractional_1_2_1',1908,'none'
'ind_rupee_fractional_1_2_1',1909,'none'
'ind_rupee_fractional_1_2_1',1910,'none'
'ind_rupee_fractional_1_2_1',1911,'none'
'ind_rupee_fractional_1_2_1',1912,'none'
'ind_rupee_fractional_1_2_1',1913,'none'
'ind_rupee_fractional_1_2_1',1914,'none'
'ind_rupee_fractional_1_2_1',1915,'none'
'ind_rupee_fractional_1_2_1',1916,'none'
'ind_rupee_fractional_1_2_1',1917,'none'
'ind_rupee_fractional_1_2_1',1918,'none'
'ind_rupee_fractional_1_2_1',1919,'none'
'ind_rupee_fractional_1_2_1',1920,'none'
'ind_rupee_fractional_1_2_1',1921,'none'
'ind_rupee_fractional_1_2_1',1922,'none'
'ind_rupee_fractional_1_2_1',1923,'none'
'ind_rupee_fractional_1_2_1',1924,'none'
'ind_rupee_fractional_1_2_1',1925,'none'
'ind_rupee_fractional_1_2_1',1926,'none'
'ind_rupee_fractional_1_2_1',1927,'none'
'ind_rupee_fractional_1_2_1',1928,'none'
'ind_rupee_fractional_1_2_1',1929,'none'
'ind_rupee_fractional_1_2_1',1930,'none'
'ind_rupee_fractional_1_2_1',1931,'none'
'ind_rupee_fractional_1_2_1',1932,'none'
'ind_rupee_fractional_1_2_1',1933,'none'
'ind_rupee_fractional_1_2_1',1934,'none'
'ind_rupee_fractional_1_2_1',1935,'none'
'ind_rupee_fractional_1_2_1',1936,'none'
'ind_rupee_fractional_1_2_1',1937,'none'
'ind_rupee_fractional_1_2_1',1938,'none'
'ind_rupee_fractional_1_2_1',1939,'none'
'ind_rupee_fractional_1_2_1',1940,'none'
'ind_rupee_fractional_1_2_1',1941,'none'
'ind_rupee_fractional_1_2_1',1942,'none'
'ind_rupee_fractional_1_2_1',1943,'none'
'ind_rupee_fractional_1_2_2',1940,'none'
'ind_rupee_fractional_1_2_2',1941,'none'
'ind_rupee_fractional_1_2_2',1942,'none'
'ind_rupee_fractional_1_2_2',1943,'none'
'ind_rupee_fractional_1_2_2',1944,'none'
'ind_rupee_fractional_1_2_2',1945,'none'
'ind_rupee_fractional_1_4_1',1835,'none'
'ind_rupee_fractional_1_4_1',1836,'none'
'ind_rupee_fractional_1_4_1',1837,'none'
'ind_rupee_fractional_1_4_1',1838,'none'
'ind_rupee_fractional_1_4_1',1839,'none'
'ind_rupee_fractional_1_4_1',1840,'none'
'ind_rupee_fractional_1_4_1',1841,'none'
'ind_rupee_fractional_1_4_1',1842,'none'
'ind_rupee_fractional_1_4_1',1843,'none'
'ind_rupee_fractional_1_4_1',1844,'none'
'ind_rupee_fractional_1_4_1',1845,'none'
'ind_rupee_fractional_1_4_1',1846,'none'
'ind_rupee_fractional_1_4_1',1847,'none'
'ind_rupee_fractional_1_4_1',1848,'none'
'ind_rupee_fractional_1_4_1',1849,'none'
'ind_rupee_fractional_1_4_1',1850,'none'
'ind_rupee_fractional_1_4_1',1851,'none'
'ind_rupee_fractional_1_4_1',1852,'none'
'ind_rupee_fractional_1_4_1',1853,'none'
'ind_rupee_fractional_1_4_1',1854,'none'
'ind_rupee_fractional_1_4_1',1855,'none'
'ind_rupee_fractional_1_4_1',1856,'none'
'ind_rupee_fractional_1_4_1',1857,'none'
'ind_rupee_fractional_1_4_1',1858,'none'
'ind_rupee_fractional_1_4_1',1859,'none'
'ind_rupee_fractional_1_4_1',1860,'none'
'ind_rupee_fractional_1_4_1',1861,'none'
'ind_rupee_fractional_1_4_1',1862,'none'
'ind_rupee_fractional_1_4_1',1863,'none'
'ind_rupee_fractional_1_4_1',1864,'none'
'ind_rupee_fractional_1_4_1',1865,'none'
'ind_rupee_fractional_1_4_1',1866,'none'
'ind_rupee_fractional_1_4_1',1867,'none'
'ind_rupee_fractional_1_4_1',1868,'none'
'ind_rupee_fractional_1_4_1',1869,'none'
'ind_rupee_fractional_1_4_1',1870,'none'
'ind_rupee_fractional_1_4_1',1871,'none'
'ind_rupee_fractional_1_4_1',1872,'none'
'ind_rupee_fractional_1_4_1',1873,'none'
'ind_rupee_fractional_1_4_1',1874,'none'
'ind_rupee_fractional_1_4_1',1875,'none'
'ind_rupee_fractional_1_4_1',1876,'none'
'ind_rupee_fractional_1_4_1',1877,'none'
'ind_rupee_fractional_1_4_1',1878,'none'
'ind_rupee_fractional_1_4_1',1879,'none'
'ind_rupee_fractional_1_4_1',1880,'none'
'ind_rupee_fractional_1_4_1',1881,'none'
'ind_rupee_fractional_1_4_1',1882,'none'
'ind_rupee_fractional_1_4_1',1883,'none'
'ind_rupee_fractional_1_4_1',1884,'none'
'ind_rupee_fractional_1_4_1',1885,'none'
'ind_rupee_fractional_1_4_1',1886,'none'
'ind_rupee_fractional_1_4_1',1887,'none'
'ind_rupee_fractional_1_4_1',1888,'none'
'ind_rupee_fractional_1_4_1',1889,'none'
'ind_rupee_fractional_1_4_1',1890,'none'
'ind_rupee_fractional_1_4_1',1891,'none'
'ind_rupee_fractional_1_4_1',1892,'none'
'ind_rupee_fractional_1_4_1',1893,'none'
'ind_rupee_fractional_1_4_1',1894,'none'
'ind_rupee_fractional_1_4_1',1895,'none'
'ind_rupee_fractional_1_4_1',1896,'none'
'ind_rupee_fractional_1_4_1',1897,'none'
'ind_rupee_fractional_1_4_1',1898,'none'
'ind_rupee_fractional_1_4_1',1899,'none'
'ind_rupee_fractional_1_4_1',1900,'none'
'ind_rupee_fractional_1_4_1',1901,'none'
'ind_rupee_fractional_1_4_1',1902,'none'
'ind_rupee_fractional_1_4_1',1903,'none'
'ind_rupee_fractional_1_4_1',1904,'none'
'ind_rupee_fractional_1_4_1',1905,'none'
'ind_rupee_fractional_1_4_1',1906,'none'
'ind_rupee_fractional_1_4_1',1907,'none'
'ind_rupee_fractional_1_4_1',1908,'none'
'ind_rupee_fractional_1_4_1',1909,'none'
'ind_rupee_fractional_1_4_1',1910,'none'
'ind_rupee_fractional_1_4_1',1911,'none'
'ind_rupee_fractional_1_4_1',1912,'none'
'ind_rupee_fractional_1_4_1',1913,'none'
'ind_rupee_fractional_1_4_1',1914,'none'
'ind_rupee_fractional_1_4_1',1915,'none'
'ind_rupee_fractional_1_4_1',1916,'none'
'ind_rupee_fractional_1_4_1',1917,'none'
'ind_rupee_fractional_1_4_1',1918,'none'
'ind_rupee_fractional_1_4_1',1919,'none'
'ind_rupee_fractional_1_4_1',1920,'none'
'ind_rupee_fractional_1_4_1',1921,'none'
'ind_rupee_fractional_1_4_1',1922,'none'
'ind_rupee_fractional_1_4_1',1923,'none'
'ind_rupee_fractional_1_4_1',1924,'none'
'ind_rupee_fractional_1_4_1',1925,'none'
'ind_rupee_fractional_1_4_1',1926,'none'
'ind_rupee_fractional_1_4_1',1927,'none'
'ind_rupee_fractional_1_4_1',1928,'none'
'ind_rupee_fractional_1_4_1',1929,'none'
'ind_rupee_fractional_1_4_1',1930,'none'
'ind_rupee_fractional_1_4_1',1931,'none'
'ind_rupee_fractional_1_4_1',1932,'none'
'ind_rupee_fractional_1_4_1',1933,'none'
'ind_rupee_fractional_1_4_1',1934,'none'
'ind_rupee_fractional_1_4_1',1935,'none'
'ind_rupee_fractional_1_4_1',1936,'none'
'ind_rupee_fractional_1_4_1',1937,'none'
'ind_rupee_fractional_1_4_1',1938,'none'
'ind_rupee_fractional_1_4_1',1939,'none'
'ind_rupee_fractional_1_4_1',1940,'none'
'ind_rupee_fractional_1_4_1',1941,'none'
'ind_rupee_fractional_1_4_1',1942,'none'
'ind_rupee_fractional_1_4_1',1943,'none'
'ind_rupee_fractional_1_4_2',1940,'none'
'ind_rupee_fractional_1_4_2',1941,'none'
'ind_rupee_fractional_1_4_2',1942,'none'
'ind_rupee_fractional_1_4_2',1943,'none'
'ind_rupee_fractional_1_4_2',1944,'none'
'ind_rupee_fractional_1_4_2',1945,'none'
'ind_sovereign_1_1',1918,'none'
'irl_crown_fractional_1_2_1',1928,'none'
'irl_crown_fractional_1_2_1',1929,'none'
'irl_crown_fractional_1_2_1',1930,'none'
'irl_crown_fractional_1_2_1',1931,'none'
'irl_crown_fractional_1_2_1',1932,'none'
'irl_crown_fractional_1_2_1',1933,'none'
'irl_crown_fractional_1_2_1',1934,'none'
'irl_crown_fractional_1_2_1',1935,'none'
'irl_crown_fractional_1_2_1',1936,'none'
'irl_crown_fractional_1_2_1',1937,'none'
'irl_crown_fractional_1_2_1',1939,'none'
'irl_crown_fractional_1_2_1',1940,'none'
'irl_crown_fractional_1_2_1',1941,'none'
'irl_crown_fractional_1_2_1',1942,'none'
'irl_crown_fractional_1_2_1',1943,'none'
'irl_florin_1_1',1928,'none'
'irl_florin_1_1',1929,'none'
'irl_florin_1_1',1930,'none'
'irl_florin_1_1',1931,'none'
'irl_florin_1_1',1932,'none'
'irl_florin_1_1',1933,'none'
'irl_florin_1_1',1934,'none'
'irl_florin_1_1',1935,'none'
'irl_florin_1_1',1936,'none'
'irl_florin_1_1',1937,'none'
'irl_florin_1_1',1939,'none'
'irl_florin_1_1',1940,'none'
'irl_florin_1_1',1941,'none'
'irl_florin_1_1',1942,'none'
'irl_florin_1_1',1943,'none'
'irl_shilling_1_1',1928,'none'
'irl_shilling_1_1',1929,'none'
'irl_shilling_1_1',1930,'none'
'irl_shilling_1_1',1931,'none'
'irl_shilling_1_1',1932,'none'
'irl_shilling_1_1',1933,'none'
'irl_shilling_1_1',1934,'none'
'irl_shilling_1_1',1935,'none'
'irl_shilling_1_1',1936,'none'
'irl_shilling_1_1',1937,'none'
'irl_shilling_1_1',1939,'none'
'irl_shilling_1_1',1940,'none'
'irl_shilling_1_1',1941,'none'
'irl_shilling_1_1',1942,'none'
'irn_dinar_1000_1',1878,'none'
'irn_dinar_1000_1',1879,'none'
'irn_dinar_1000_1',1880,'none'
'irn_dinar_1000_1',1881,'none'
'irn_dinar_1000_1',1882,'none'
'irn_dinar_1000_1',1883,'none'
'irn_dinar_1000_1',1884,'none'
'irn_dinar_1000_1',1885,'none'
'irn_dinar_1000_1',1886,'none'
'irn_dinar_1000_1',1887,'none'
'irn_dinar_1000_1',1888,'none'
'irn_dinar_1000_1',1889,'none'
'irn_dinar_1000_1',1890,'none'
'irn_dinar_1000_1',1891,'none'
'irn_dinar_1000_1',1892,'none'
'irn_dinar_1000_1',1893,'none'
'irn_dinar_1000_1',1894,'none'
'irn_dinar_1000_1',1895,'none'
'irn_dinar_1000_1',1896,'none'
'irn_dinar_1000_1',1897,'none'
'irn_dinar_1000_1',1898,'none'
'irn_dinar_1000_1',1899,'none'
'irn_dinar_1000_1',1900,'none'
'irn_dinar_1000_1',1901,'none'
'irn_dinar_1000_1',1902,'none'
'irn_dinar_1000_1',1903,'none'
'irn_dinar_1000_1',1904,'none'
'irn_dinar_1000_1',1905,'none'
'irn_dinar_1000_1',1906,'none'
'irn_dinar_1000_1',1907,'none'
'irn_dinar_1000_1',1908,'none'
'irn_dinar_1000_1',1909,'none'
'irn_dinar_1000_1',1910,'none'
'irn_dinar_1000_1',1911,'none'
'irn_dinar_1000_1',1912,'none'
'irn_dinar_1000_1',1913,'none'
'irn_dinar_1000_1',1914,'none'
'irn_dinar_1000_1',1915,'none'
'irn_dinar_1000_1',1916,'none'
'irn_dinar_1000_1',1917,'none'
'irn_dinar_1000_1',1918,'none'
'irn_dinar_1000_1',1919,'none'
'irn_dinar_1000_1',1920,'none'
'irn_dinar_1000_1',1921,'none'
'irn_dinar_1000_1',1922,'none'
'irn_dinar_1000_1',1923,'none'
'irn_dinar_1000_1',1924,'none'
'irn_dinar_1000_1',1925,'none'
'irn_dinar_1000_1',1926,'none'
'irn_dinar_1000_1',1927,'none'
'irn_dinar_1000_1',1928,'none'
'irn_dinar_1000_1',1929,'none'
'irn_dinar_2000_1',1878,'none'
'irn_dinar_2000_1',1879,'none'
'irn_dinar_2000_1',1880,'none'
'irn_dinar_2000_1',1881,'none'
'irn_dinar_2000_1',1882,'none'
'irn_dinar_2000_1',1883,'none'
'irn_dinar_2000_1',1884,'none'
'irn_dinar_2000_1',1885,'none'
'irn_dinar_2000_1',1886,'none'
'irn_dinar_2000_1',1887,'none'
'irn_dinar_2000_1',1888,'none'
'irn_dinar_2000_1',1889,'none'
'irn_dinar_2000_1',1890,'none'
'irn_dinar_2000_1',1891,'none'
'irn_dinar_2000_1',1892,'none'
'irn_dinar_2000_1',1893,'none'
'irn_dinar_2000_1',1894,'none'
'irn_dinar_2000_1',1895,'none'
'irn_dinar_2000_1',1896,'none'
'irn_dinar_2000_1',1897,'none'
'irn_dinar_2000_1',1898,'none'
'irn_dinar_2000_1',1899,'none'
'irn_dinar_2000_1',1900,'none'
'irn_dinar_2000_1',1901,'none'
'irn_dinar_2000_1',1902,'none'
'irn_dinar_2000_1',1903,'none'
'irn_dinar_2000_1',1904,'none'
'irn_dinar_2000_1',1905,'none'
'irn_dinar_2000_1',1906,'none'
'irn_dinar_2000_1',1907,'none'
'irn_dinar_2000_1',1908,'none'
'irn_dinar_2000_1',1909,'none'
'irn_dinar_2000_1',1910,'none'
'irn_dinar_2000_1',1911,'none'
'irn_dinar_2000_1',1912,'none'
'irn_dinar_2000_1',1913,'none'
'irn_dinar_2000_1',1914,'none'
'irn_dinar_2000_1',1915,'none'
'irn_dinar_2000_1',1916,'none'
'irn_dinar_2000_1',1917,'none'
'irn_dinar_2000_1',1918,'none'
'irn_dinar_2000_1',1919,'none'
'irn_dinar_2000_1',1920,'none'
'irn_dinar_2000_1',1921,'none'
'irn_dinar_2000_1',1922,'none'
'irn_dinar_2000_1',1923,'none'
'irn_dinar_2000_1',1924,'none'
'irn_dinar_2000_1',1925,'none'
'irn_dinar_2000_1',1926,'none'
'irn_dinar_2000_1',1927,'none'
'irn_dinar_2000_1',1928,'none'
'irn_dinar_2000_1',1929,'none'
'irn_dinar_5000_1',1878,'none'
'irn_dinar_5000_1',1879,'none'
'irn_dinar_5000_1',1880,'none'
'irn_dinar_5000_1',1881,'none'
'irn_dinar_5000_1',1882,'none'
'irn_dinar_5000_1',1883,'none'
'irn_dinar_5000_1',1884,'none'
'irn_dinar_5000_1',1885,'none'
'irn_dinar_5000_1',1886,'none'
'irn_dinar_5000_1',1887,'none'
'irn_dinar_5000_1',1888,'none'
'irn_dinar_5000_1',1889,'none'
'irn_dinar_5000_1',1890,'none'
'irn_dinar_5000_1',1891,'none'
'irn_dinar_5000_1',1892,'none'
'irn_dinar_5000_1',1893,'none'
'irn_dinar_5000_1',1894,'none'
'irn_dinar_5000_1',1895,'none'
'irn_dinar_5000_1',1896,'none'
'irn_dinar_5000_1',1897,'none'
'irn_dinar_5000_1',1898,'none'
'irn_dinar_5000_1',1899,'none'
'irn_dinar_5000_1',1900,'none'
'irn_dinar_5000_1',1901,'none'
'irn_dinar_5000_1',1902,'none'
'irn_dinar_5000_1',1903,'none'
'irn_dinar_5000_1',1904,'none'
'irn_dinar_5000_1',1905,'none'
'irn_dinar_5000_1',1906,'none'
'irn_dinar_5000_1',1907,'none'
'irn_dinar_5000_1',1908,'none'
'irn_dinar_5000_1',1909,'none'
'irn_dinar_5000_1',1910,'none'
'irn_dinar_5000_1',1911,'none'
'irn_dinar_5000_1',1912,'none'
'irn_dinar_5000_1',1913,'none'
'irn_dinar_5000_1',1914,'none'
'irn_dinar_5000_1',1915,'none'
'irn_dinar_5000_1',1916,'none'
'irn_dinar_5000_1',1917,'none'
'irn_dinar_5000_1',1918,'none'
'irn_dinar_5000_1',1919,'none'
'irn_dinar_5000_1',1920,'none'
'irn_dinar_5000_1',1921,'none'
'irn_dinar_5000_1',1922,'none'
'irn_dinar_5000_1',1923,'none'
'irn_dinar_5000_1',1924,'none'
'irn_dinar_5000_1',1925,'none'
'irn_dinar_5000_1',1926,'none'
'irn_dinar_5000_1',1927,'none'
'irn_dinar_5000_1',1928,'none'
'irn_dinar_5000_1',1929,'none'
'irn_dinar_500_1',1878,'none'
'irn_dinar_500_1',1879,'none'
'irn_dinar_500_1',1880,'none'
'irn_dinar_500_1',1881,'none'
'irn_dinar_500_1',1882,'none'
'irn_dinar_500_1',1883,'none'
'irn_dinar_500_1',1884,'none'
'irn_dinar_500_1',1885,'none'
'irn_dinar_500_1',1886,'none'
'irn_dinar_500_1',1887,'none'
'irn_dinar_500_1',1888,'none'
'irn_dinar_500_1',1889,'none'
'irn_dinar_500_1',1890,'none'
'irn_dinar_500_1',1891,'none'
'irn_dinar_500_1',1892,'none'
'irn_dinar_500_1',1893,'none'
'irn_dinar_500_1',1894,'none'
'irn_dinar_500_1',1895,'none'
'irn_dinar_500_1',1896,'none'
'irn_dinar_500_1',1897,'none'
'irn_dinar_500_1',1898,'none'
'irn_dinar_500_1',1899,'none'
'irn_dinar_500_1',1900,'none'
'irn_dinar_500_1',1901,'none'
'irn_dinar_500_1',1902,'none'
'irn_dinar_500_1',1903,'none'
'irn_dinar_500_1',1904,'none'
'irn_dinar_500_1',1905,'none'
'irn_dinar_500_1',1906,'none'
'irn_dinar_500_1',1907,'none'
'irn_dinar_500_1',1908,'none'
'irn_dinar_500_1',1909,'none'
'irn_dinar_500_1',1910,'none'
'irn_dinar_500_1',1911,'none'
'irn_dinar_500_1',1912,'none'
'irn_dinar_500_1',1913,'none'
'irn_dinar_500_1',1914,'none'
'irn_dinar_500_1',1915,'none'
'irn_dinar_500_1',1916,'none'
'irn_dinar_500_1',1917,'none'
'irn_dinar_500_1',1918,'none'
'irn_dinar_500_1',1919,'none'
'irn_dinar_500_1',1920,'none'
'irn_dinar_500_1',1921,'none'
'irn_dinar_500_1',1922,'none'
'irn_dinar_500_1',1923,'none'
'irn_dinar_500_1',1924,'none'
'irn_dinar_500_1',1925,'none'
'irn_dinar_500_1',1926,'none'
'irn_dinar_500_1',1927,'none'
'irn_dinar_500_1',1928,'none'
'irn_dinar_500_1',1929,'none'
'irn_pahlavi_1_1',1926,'none'
'irn_pahlavi_1_1',1927,'none'
'irn_pahlavi_1_1',1928,'none'
'irn_pahlavi_1_1',1929,'none'
'irn_pahlavi_1_2',1931,'none'
'irn_pahlavi_1_2',1932,'none'
'irn_pahlavi_1_2',1933,'none'
'irn_pahlavi_1_2',1934,'none'
'irn_pahlavi_1_2',1935,'none'
'irn_pahlavi_1_2',1936,'none'
'irn_pahlavi_1_2',1937,'none'
'irn_pahlavi_1_2',1938,'none'
'irn_pahlavi_1_2',1939,'none'
'irn_pahlavi_1_2',1940,'none'
'irn_pahlavi_1_2',1941,'none'
'irn_pahlavi_1_2',1942,'none'
'irn_pahlavi_1_2',1943,'none'
'irn_pahlavi_1_2',1944,'none'
'irn_pahlavi_1_2',1945,'none'
'irn_pahlavi_1_2',1946,'none'
'irn_pahlavi_1_2',1947,'none'
'irn_pahlavi_1_2',1948,'none'
'irn_pahlavi_1_2',1949,'none'
'irn_pahlavi_1_2',1950,'none'
'irn_pahlavi_1_2',1951,'none'
'irn_pahlavi_1_2',1952,'none'
'irn_pahlavi_1_2',1953,'none'
'irn_pahlavi_1_2',1954,'none'
'irn_pahlavi_1_2',1955,'none'
'irn_pahlavi_1_2',1956,'none'
'irn_pahlavi_1_2',1957,'none'
'irn_pahlavi_1_2',1958,'none'
'irn_pahlavi_1_2',1959,'none'
'irn_pahlavi_1_2',1960,'none'
'irn_pahlavi_1_2',1961,'none'
'irn_pahlavi_1_2',1962,'none'
'irn_pahlavi_1_2',1963,'none'
'irn_pahlavi_1_2',1964,'none'
'irn_pahlavi_1_2',1965,'none'
'irn_pahlavi_1_2',1966,'none'
'irn_pahlavi_1_2',1967,'none'
'irn_pahlavi_1_2',1968,'none'
'irn_pahlavi_1_2',1969,'none'
'irn_pahlavi_1_2',1970,'none'
'irn_pahlavi_1_2',1971,'none'
'irn_pahlavi_1_2',1972,'none'
'irn_pahlavi_1_2',1973,'none'
'irn_pahlavi_1_2',1974,'none'
'irn_pahlavi_1_2',1975,'none'
'irn_pahlavi_1_2',1976,'none'
'irn_pahlavi_1_2',1977,'none'
'irn_pahlavi_1_2',1978,'none'
'irn_pahlavi_1_2',1979,'none'
'irn_pahlavi_2_1',1926,'none'
'irn_pahlavi_2_1',1927,'none'
'irn_pahlavi_2_1',1928,'none'
'irn_pahlavi_2_1',1929,'none'
'irn_pahlavi_5_1',1926,'none'
'irn_pahlavi_5_1',1927,'none'
'irn_pahlavi_5_1',1928,'none'
'irn_pahlavi_5_1',1929,'none'
'irn_pahlavi_5_2',1931,'none'
'irn_pahlavi_5_2',1932,'none'
'irn_pahlavi_5_2',1933,'none'
'irn_pahlavi_5_2',1934,'none'
'irn_pahlavi_5_2',1935,'none'
'irn_pahlavi_5_2',1936,'none'
'irn_pahlavi_5_2',1937,'none'
'irn_pahlavi_5_2',1938,'none'
'irn_pahlavi_5_2',1939,'none'
'irn_pahlavi_5_2',1940,'none'
'irn_pahlavi_5_2',1941,'none'
'irn_pahlavi_5_2',1942,'none'
'irn_pahlavi_5_2',1943,'none'
'irn_pahlavi_5_2',1944,'none'
'irn_pahlavi_5_2',1945,'none'
'irn_pahlavi_5_2',1946,'none'
'irn_pahlavi_5_2',1947,'none'
'irn_pahlavi_5_2',1948,'none'
'irn_pahlavi_5_2',1949,'none'
'irn_pahlavi_5_2',1950,'none'
'irn_pahlavi_5_2',1951,'none'
'irn_pahlavi_5_2',1952,'none'
'irn_pahlavi_5_2',1953,'none'
'irn_pahlavi_5_2',1954,'none'
'irn_pahlavi_5_2',1955,'none'
'irn_pahlavi_5_2',1956,'none'
'irn_pahlavi_5_2',1957,'none'
'irn_pahlavi_5_2',1958,'none'
'irn_pahlavi_5_2',1959,'none'
'irn_pahlavi_5_2',1960,'none'
'irn_pahlavi_5_2',1961,'none'
'irn_pahlavi_5_2',1962,'none'
'irn_pahlavi_5_2',1963,'none'
'irn_pahlavi_5_2',1964,'none'
'irn_pahlavi_5_2',1965,'none'
'irn_pahlavi_5_2',1966,'none'
'irn_pahlavi_5_2',1967,'none'
'irn_pahlavi_5_2',1968,'none'
'irn_pahlavi_5_2',1969,'none'
'irn_pahlavi_5_2',1970,'none'
'irn_pahlavi_5_2',1971,'none'
'irn_pahlavi_5_2',1972,'none'
'irn_pahlavi_5_2',1973,'none'
'irn_pahlavi_5_2',1974,'none'
'irn_pahlavi_5_2',1975,'none'
'irn_pahlavi_5_2',1976,'none'
'irn_pahlavi_5_2',1977,'none'
'irn_pahlavi_5_2',1978,'none'
'irn_pahlavi_5_2',1979,'none'
'irn_pahlavi_fractional_1_2_1',1931,'none'
'irn_pahlavi_fractional_1_2_1',1932,'none'
'irn_pahlavi_fractional_1_2_1',1933,'none'
'irn_pahlavi_fractional_1_2_1',1934,'none'
'irn_pahlavi_fractional_1_2_1',1935,'none'
'irn_pahlavi_fractional_1_2_1',1936,'none'
'irn_pahlavi_fractional_1_2_1',1937,'none'
'irn_pahlavi_fractional_1_2_1',1938,'none'
'irn_pahlavi_fractional_1_2_1',1939,'none'
'irn_pahlavi_fractional_1_2_1',1940,'none'
'irn_pahlavi_fractional_1_2_1',1941,'none'
'irn_pahlavi_fractional_1_2_1',1942,'none'
'irn_pahlavi_fractional_1_2_1',1943,'none'
'irn_pahlavi_fractional_1_2_1',1944,'none'
'irn_pahlavi_fractional_1_2_1',1945,'none'
'irn_pahlavi_fractional_1_2_1',1946,'none'
'irn_pahlavi_fractional_1_2_1',1947,'none'
'irn_pahlavi_fractional_1_2_1',1948,'none'
'irn_pahlavi_fractional_1_2_1',1949,'none'
'irn_pahlavi_fractional_1_2_1',1950,'none'
'irn_pahlavi_fractional_1_2_1',1951,'none'
'irn_pahlavi_fractional_1_2_1',1952,'none'
'irn_pahlavi_fractional_1_2_1',1953,'none'
'irn_pahlavi_fractional_1_2_1',1954,'none'
'irn_pahlavi_fractional_1_2_1',1955,'none'
'irn_pahlavi_fractional_1_2_1',1956,'none'
'irn_pahlavi_fractional_1_2_1',1957,'none'
'irn_pahlavi_fractional_1_2_1',1958,'none'
'irn_pahlavi_fractional_1_2_1',1959,'none'
'irn_pahlavi_fractional_1_2_1',1960,'none'
'irn_pahlavi_fractional_1_2_1',1961,'none'
'irn_pahlavi_fractional_1_2_1',1962,'none'
'irn_pahlavi_fractional_1_2_1',1963,'none'
'irn_pahlavi_fractional_1_2_1',1964,'none'
'irn_pahlavi_fractional_1_2_1',1965,'none'
'irn_pahlavi_fractional_1_2_1',1966,'none'
'irn_pahlavi_fractional_1_2_1',1967,'none'
'irn_pahlavi_fractional_1_2_1',1968,'none'
'irn_pahlavi_fractional_1_2_1',1969,'none'
'irn_pahlavi_fractional_1_2_1',1970,'none'
'irn_pahlavi_fractional_1_2_1',1971,'none'
'irn_pahlavi_fractional_1_2_1',1972,'none'
'irn_pahlavi_fractional_1_2_1',1973,'none'
'irn_pahlavi_fractional_1_2_1',1974,'none'
'irn_pahlavi_fractional_1_2_1',1975,'none'
'irn_pahlavi_fractional_1_2_1',1976,'none'
'irn_pahlavi_fractional_1_2_1',1977,'none'
'irn_pahlavi_fractional_1_2_1',1978,'none'
'irn_pahlavi_fractional_1_2_1',1979,'none'
'irn_pahlavi_fractional_1_4_1',1931,'none'
'irn_pahlavi_fractional_1_4_1',1932,'none'
'irn_pahlavi_fractional_1_4_1',1933,'none'
'irn_pahlavi_fractional_1_4_1',1934,'none'
'irn_pahlavi_fractional_1_4_1',1935,'none'
'irn_pahlavi_fractional_1_4_1',1936,'none'
'irn_pahlavi_fractional_1_4_1',1937,'none'
'irn_pahlavi_fractional_1_4_1',1938,'none'
'irn_pahlavi_fractional_1_4_1',1939,'none'
'irn_pahlavi_fractional_1_4_1',1940,'none'
'irn_pahlavi_fractional_1_4_1',1941,'none'
'irn_pahlavi_fractional_1_4_1',1942,'none'
'irn_pahlavi_fractional_1_4_1',1943,'none'
'irn_pahlavi_fractional_1_4_1',1944,'none'
'irn_pahlavi_fractional_1_4_1',1945,'none'
'irn_pahlavi_fractional_1_4_1',1946,'none'
'irn_pahlavi_fractional_1_4_1',1947,'none'
'irn_pahlavi_fractional_1_4_1',1948,'none'
'irn_pahlavi_fractional_1_4_1',1949,'none'
'irn_pahlavi_fractional_1_4_1',1950,'none'
'irn_pahlavi_fractional_1_4_1',1951,'none'
'irn_pahlavi_fractional_1_4_1',1952,'none'
'irn_pahlavi_fractional_1_4_1',1953,'none'
'irn_pahlavi_fractional_1_4_1',1954,'none'
'irn_pahlavi_fractional_1_4_1',1955,'none'
'irn_pahlavi_fractional_1_4_1',1956,'none'
'irn_pahlavi_fractional_1_4_1',1957,'none'
'irn_pahlavi_fractional_1_4_1',1958,'none'
'irn_pahlavi_fractional_1_4_1',1959,'none'
'irn_pahlavi_fractional_1_4_1',1960,'none'
'irn_pahlavi_fractional_1_4_1',1961,'none'
'irn_pahlavi_fractional_1_4_1',1962,'none'
'irn_pahlavi_fractional_1_4_1',1963,'none'
'irn_pahlavi_fractional_1_4_1',1964,'none'
'irn_pahlavi_fractional_1_4_1',1965,'none'
'irn_pahlavi_fractional_1_4_1',1966,'none'
'irn_pahlavi_fractional_1_4_1',1967,'none'
'irn_pahlavi_fractional_1_4_1',1968,'none'
'irn_pahlavi_fractional_1_4_1',1969,'none'
'irn_pahlavi_fractional_1_4_1',1970,'none'
'irn_pahlavi_fractional_1_4_1',1971,'none'
'irn_pahlavi_fractional_1_4_1',1972,'none'
'irn_pahlavi_fractional_1_4_1',1973,'none'
'irn_pahlavi_fractional_1_4_1',1974,'none'
'irn_pahlavi_fractional_1_4_1',1975,'none'
'irn_pahlavi_fractional_1_4_1',1976,'none'
'irn_pahlavi_fractional_1_4_1',1977,'none'
'irn_pahlavi_fractional_1_4_1',1978,'none'
'irn_pahlavi_fractional_1_4_1',1979,'none'
'irn_pahlavi_fractional_2_1_2_1',1931,'none'
'irn_pahlavi_fractional_2_1_2_1',1932,'none'
'irn_pahlavi_fractional_2_1_2_1',1933,'none'
'irn_pahlavi_fractional_2_1_2_1',1934,'none'
'irn_pahlavi_fractional_2_1_2_1',1935,'none'
'irn_pahlavi_fractional_2_1_2_1',1936,'none'
'irn_pahlavi_fractional_2_1_2_1',1937,'none'
'irn_pahlavi_fractional_2_1_2_1',1938,'none'
'irn_pahlavi_fractional_2_1_2_1',1939,'none'
'irn_pahlavi_fractional_2_1_2_1',1940,'none'
'irn_pahlavi_fractional_2_1_2_1',1941,'none'
'irn_pahlavi_fractional_2_1_2_1',1942,'none'
'irn_pahlavi_fractional_2_1_2_1',1943,'none'
'irn_pahlavi_fractional_2_1_2_1',1944,'none'
'irn_pahlavi_fractional_2_1_2_1',1945,'none'
'irn_pahlavi_fractional_2_1_2_1',1946,'none'
'irn_pahlavi_fractional_2_1_2_1',1947,'none'
'irn_pahlavi_fractional_2_1_2_1',1948,'none'
'irn_pahlavi_fractional_2_1_2_1',1949,'none'
'irn_pahlavi_fractional_2_1_2_1',1950,'none'
'irn_pahlavi_fractional_2_1_2_1',1951,'none'
'irn_pahlavi_fractional_2_1_2_1',1952,'none'
'irn_pahlavi_fractional_2_1_2_1',1953,'none'
'irn_pahlavi_fractional_2_1_2_1',1954,'none'
'irn_pahlavi_fractional_2_1_2_1',1955,'none'
'irn_pahlavi_fractional_2_1_2_1',1956,'none'
'irn_pahlavi_fractional_2_1_2_1',1957,'none'
'irn_pahlavi_fractional_2_1_2_1',1958,'none'
'irn_pahlavi_fractional_2_1_2_1',1959,'none'
'irn_pahlavi_fractional_2_1_2_1',1960,'none'
'irn_pahlavi_fractional_2_1_2_1',1961,'none'
'irn_pahlavi_fractional_2_1_2_1',1962,'none'
'irn_pahlavi_fractional_2_1_2_1',1963,'none'
'irn_pahlavi_fractional_2_1_2_1',1964,'none'
'irn_pahlavi_fractional_2_1_2_1',1965,'none'
'irn_pahlavi_fractional_2_1_2_1',1966,'none'
'irn_pahlavi_fractional_2_1_2_1',1967,'none'
'irn_pahlavi_fractional_2_1_2_1',1968,'none'
'irn_pahlavi_fractional_2_1_2_1',1969,'none'
'irn_pahlavi_fractional_2_1_2_1',1970,'none'
'irn_pahlavi_fractional_2_1_2_1',1971,'none'
'irn_pahlavi_fractional_2_1_2_1',1972,'none'
'irn_pahlavi_fractional_2_1_2_1',1973,'none'
'irn_pahlavi_fractional_2_1_2_1',1974,'none'
'irn_pahlavi_fractional_2_1_2_1',1975,'none'
'irn_pahlavi_fractional_2_1_2_1',1976,'none'
'irn_pahlavi_fractional_2_1_2_1',1977,'none'
'irn_pahlavi_fractional_2_1_2_1',1978,'none'
'irn_pahlavi_fractional_2_1_2_1',1979,'none'
'irn_qiran_fractional_1_4_1',1878,'none'
'irn_qiran_fractional_1_4_1',1879,'none'
'irn_qiran_fractional_1_4_1',1880,'none'
'irn_qiran_fractional_1_4_1',1881,'none'
'irn_qiran_fractional_1_4_1',1882,'none'
'irn_qiran_fractional_1_4_1',1883,'none'
'irn_qiran_fractional_1_4_1',1884,'none'
'irn_qiran_fractional_1_4_1',1885,'none'
'irn_qiran_fractional_1_4_1',1886,'none'
'irn_qiran_fractional_1_4_1',1887,'none'
'irn_qiran_fractional_1_4_1',1888,'none'
'irn_qiran_fractional_1_4_1',1889,'none'
'irn_qiran_fractional_1_4_1',1890,'none'
'irn_qiran_fractional_1_4_1',1891,'none'
'irn_qiran_fractional_1_4_1',1892,'none'
'irn_qiran_fractional_1_4_1',1893,'none'
'irn_qiran_fractional_1_4_1',1894,'none'
'irn_qiran_fractional_1_4_1',1895,'none'
'irn_qiran_fractional_1_4_1',1896,'none'
'irn_qiran_fractional_1_4_1',1897,'none'
'irn_qiran_fractional_1_4_1',1898,'none'
'irn_qiran_fractional_1_4_1',1899,'none'
'irn_qiran_fractional_1_4_1',1900,'none'
'irn_qiran_fractional_1_4_1',1901,'none'
'irn_qiran_fractional_1_4_1',1902,'none'
'irn_qiran_fractional_1_4_1',1903,'none'
'irn_qiran_fractional_1_4_1',1904,'none'
'irn_qiran_fractional_1_4_1',1905,'none'
'irn_qiran_fractional_1_4_1',1906,'none'
'irn_qiran_fractional_1_4_1',1907,'none'
'irn_qiran_fractional_1_4_1',1908,'none'
'irn_qiran_fractional_1_4_1',1909,'none'
'irn_qiran_fractional_1_4_1',1910,'none'
'irn_qiran_fractional_1_4_1',1911,'none'
'irn_qiran_fractional_1_4_1',1912,'none'
'irn_qiran_fractional_1_4_1',1913,'none'
'irn_qiran_fractional_1_4_1',1914,'none'
'irn_qiran_fractional_1_4_1',1915,'none'
'irn_qiran_fractional_1_4_1',1916,'none'
'irn_qiran_fractional_1_4_1',1917,'none'
'irn_qiran_fractional_1_4_1',1918,'none'
'irn_qiran_fractional_1_4_1',1919,'none'
'irn_qiran_fractional_1_4_1',1920,'none'
'irn_qiran_fractional_1_4_1',1921,'none'
'irn_qiran_fractional_1_4_1',1922,'none'
'irn_qiran_fractional_1_4_1',1923,'none'
'irn_qiran_fractional_1_4_1',1924,'none'
'irn_qiran_fractional_1_4_1',1925,'none'
'irn_qiran_fractional_1_4_1',1926,'none'
'irn_qiran_fractional_1_4_1',1927,'none'
'irn_qiran_fractional_1_4_1',1928,'none'
'irn_qiran_fractional_1_4_1',1929,'none'
'irn_rial_10_1',1943,'none'
'irn_rial_10_1',1944,'none'
'irn_rial_10_1',1945,'none'
'irn_rial_10_1',1946,'none'
'irn_rial_10_1',1947,'none'
'irn_rial_10_1',1948,'none'
'irn_rial_10_1',1949,'none'
'irn_rial_10_1',1950,'none'
'irn_rial_10_1',1951,'none'
'irn_rial_1_1',1931,'none'
'irn_rial_1_1',1932,'none'
'irn_rial_1_1',1933,'none'
'irn_rial_1_1',1934,'none'
'irn_rial_1_1',1935,'none'
'irn_rial_1_1',1936,'none'
'irn_rial_1_2',1943,'none'
'irn_rial_1_2',1944,'none'
'irn_rial_1_2',1945,'none'
'irn_rial_1_2',1946,'none'
'irn_rial_1_2',1947,'none'
'irn_rial_1_2',1948,'none'
'irn_rial_1_2',1949,'none'
'irn_rial_1_2',1950,'none'
'irn_rial_1_2',1951,'none'
'irn_rial_2_1',1931,'none'
'irn_rial_2_1',1932,'none'
'irn_rial_2_1',1933,'none'
'irn_rial_2_1',1934,'none'
'irn_rial_2_1',1935,'none'
'irn_rial_2_1',1936,'none'
'irn_rial_2_2',1943,'none'
'irn_rial_2_2',1944,'none'
'irn_rial_2_2',1945,'none'
'irn_rial_2_2',1946,'none'
'irn_rial_2_2',1947,'none'
'irn_rial_2_2',1948,'none'
'irn_rial_2_2',1949,'none'
'irn_rial_2_2',1950,'none'
'irn_rial_2_2',1951,'none'
'irn_rial_5_1',1931,'none'
'irn_rial_5_1',1932,'none'
'irn_rial_5_1',1933,'none'
'irn_rial_5_1',1934,'none'
'irn_rial_5_1',1935,'none'
'irn_rial_5_1',1936,'none'
'irn_rial_5_2',1943,'none'
'irn_rial_5_2',1944,'none'
'irn_rial_5_2',1945,'none'
'irn_rial_5_2',1946,'none'
'irn_rial_5_2',1947,'none'
'irn_rial_5_2',1948,'none'
'irn_rial_5_2',1949,'none'
'irn_rial_5_2',1950,'none'
'irn_rial_5_2',1951,'none'
'irn_rial_fractional_1_2_1',1931,'none'
'irn_rial_fractional_1_2_1',1932,'none'
'irn_rial_fractional_1_2_1',1933,'none'
'irn_rial_fractional_1_2_1',1934,'none'
'irn_rial_fractional_1_2_1',1935,'none'
'irn_rial_fractional_1_2_1',1936,'none'
'irn_rial_fractional_1_4_1',1931,'none'
'irn_rial_fractional_1_4_1',1932,'none'
'irn_rial_fractional_1_4_1',1933,'none'
'irn_rial_fractional_1_4_1',1934,'none'
'irn_rial_fractional_1_4_1',1935,'none'
'irn_rial_fractional_1_4_1',1936,'none'
'irn_shahi_3_1',1878,'none'
'irn_shahi_3_1',1879,'none'
'irn_shahi_3_1',1880,'none'
'irn_shahi_3_1',1881,'none'
'irn_shahi_3_1',1882,'none'
'irn_shahi_3_1',1883,'none'
'irn_shahi_3_1',1884,'none'
'irn_shahi_3_1',1885,'none'
'irn_shahi_3_1',1886,'none'
'irn_shahi_3_1',1887,'none'
'irn_shahi_3_1',1888,'none'
'irn_shahi_3_1',1889,'none'
'irn_shahi_3_1',1890,'none'
'irn_shahi_3_1',1891,'none'
'irn_shahi_3_1',1892,'none'
'irn_shahi_3_1',1893,'none'
'irn_shahi_3_1',1894,'none'
'irn_shahi_3_1',1895,'none'
'irn_shahi_3_1',1896,'none'
'irn_shahi_3_1',1897,'none'
'irn_shahi_3_1',1898,'none'
'irn_shahi_3_1',1899,'none'
'irn_shahi_3_1',1900,'none'
'irn_shahi_3_1',1901,'none'
'irn_shahi_3_1',1902,'none'
'irn_shahi_3_1',1903,'none'
'irn_shahi_3_1',1904,'none'
'irn_shahi_3_1',1905,'none'
'irn_shahi_3_1',1906,'none'
'irn_shahi_3_1',1907,'none'
'irn_shahi_3_1',1908,'none'
'irn_shahi_3_1',1909,'none'
'irn_shahi_3_1',1910,'none'
'irn_shahi_3_1',1911,'none'
'irn_shahi_3_1',1912,'none'
'irn_shahi_3_1',1913,'none'
'irn_shahi_3_1',1914,'none'
'irn_shahi_3_1',1915,'none'
'irn_shahi_3_1',1916,'none'
'irn_shahi_3_1',1917,'none'
'irn_shahi_3_1',1918,'none'
'irn_shahi_3_1',1919,'none'
'irn_shahi_3_1',1920,'none'
'irn_shahi_3_1',1921,'none'
'irn_shahi_3_1',1922,'none'
'irn_shahi_3_1',1923,'none'
'irn_shahi_3_1',1924,'none'
'irn_shahi_3_1',1925,'none'
'irn_shahi_3_1',1926,'none'
'irn_shahi_3_1',1927,'none'
'irn_shahi_3_1',1928,'none'
'irn_shahi_3_1',1929,'none'
'irn_toman_10_1',1879,'none'
'irn_toman_10_1',1880,'none'
'irn_toman_10_1',1881,'none'
'irn_toman_10_1',1882,'none'
'irn_toman_10_1',1883,'none'
'irn_toman_10_1',1884,'none'
'irn_toman_10_1',1885,'none'
'irn_toman_10_1',1886,'none'
'irn_toman_10_1',1887,'none'
'irn_toman_10_1',1888,'none'
'irn_toman_10_1',1889,'none'
'irn_toman_10_1',1890,'none'
'irn_toman_10_1',1891,'none'
'irn_toman_10_1',1892,'none'
'irn_toman_10_1',1893,'none'
'irn_toman_10_1',1894,'none'
'irn_toman_10_1',1895,'none'
'irn_toman_10_1',1896,'none'
'irn_toman_10_1',1897,'none'
'irn_toman_10_1',1898,'none'
'irn_toman_10_1',1899,'none'
'irn_toman_10_1',1900,'none'
'irn_toman_10_1',1901,'none'
'irn_toman_10_1',1902,'none'
'irn_toman_10_1',1903,'none'
'irn_toman_10_1',1904,'none'
'irn_toman_10_1',1905,'none'
'irn_toman_10_1',1906,'none'
'irn_toman_10_1',1907,'none'
'irn_toman_10_1',1908,'none'
'irn_toman_10_1',1909,'none'
'irn_toman_10_1',1910,'none'
'irn_toman_10_1',1911,'none'
'irn_toman_10_1',1912,'none'
'irn_toman_10_1',1913,'none'
'irn_toman_10_1',1914,'none'
'irn_toman_10_1',1915,'none'
'irn_toman_10_1',1916,'none'
'irn_toman_10_1',1917,'none'
'irn_toman_10_1',1918,'none'
'irn_toman_10_1',1919,'none'
'irn_toman_10_1',1920,'none'
'irn_toman_10_1',1921,'none'
'irn_toman_10_1',1922,'none'
'irn_toman_10_1',1923,'none'
'irn_toman_10_1',1924,'none'
'irn_toman_10_1',1925,'none'
'irn_toman_10_1',1926,'none'
'irn_toman_1_1',1878,'none'
'irn_toman_1_1',1879,'none'
'irn_toman_1_1',1880,'none'
'irn_toman_1_1',1881,'none'
'irn_toman_1_1',1882,'none'
'irn_toman_1_1',1883,'none'
'irn_toman_1_1',1884,'none'
'irn_toman_1_1',1885,'none'
'irn_toman_1_1',1886,'none'
'irn_toman_1_1',1887,'none'
'irn_toman_1_1',1888,'none'
'irn_toman_1_1',1889,'none'
'irn_toman_1_1',1890,'none'
'irn_toman_1_1',1891,'none'
'irn_toman_1_1',1892,'none'
'irn_toman_1_1',1893,'none'
'irn_toman_1_1',1894,'none'
'irn_toman_1_1',1895,'none'
'irn_toman_1_1',1896,'none'
'irn_toman_1_1',1897,'none'
'irn_toman_1_1',1898,'none'
'irn_toman_1_1',1899,'none'
'irn_toman_1_1',1900,'none'
'irn_toman_1_1',1901,'none'
'irn_toman_1_1',1902,'none'
'irn_toman_1_1',1903,'none'
'irn_toman_1_1',1904,'none'
'irn_toman_1_1',1905,'none'
'irn_toman_1_1',1906,'none'
'irn_toman_1_1',1907,'none'
'irn_toman_1_1',1908,'none'
'irn_toman_1_1',1909,'none'
'irn_toman_1_1',1910,'none'
'irn_toman_1_1',1911,'none'
'irn_toman_1_1',1912,'none'
'irn_toman_1_1',1913,'none'
'irn_toman_1_1',1914,'none'
'irn_toman_1_1',1915,'none'
'irn_toman_1_1',1916,'none'
'irn_toman_1_1',1917,'none'
'irn_toman_1_1',1918,'none'
'irn_toman_1_1',1919,'none'
'irn_toman_1_1',1920,'none'
'irn_toman_1_1',1921,'none'
'irn_toman_1_1',1922,'none'
'irn_toman_1_1',1923,'none'
'irn_toman_1_1',1924,'none'
'irn_toman_1_1',1925,'none'
'irn_toman_1_1',1926,'none'
'irn_toman_1_1',1927,'none'
'irn_toman_1_1',1928,'none'
'irn_toman_1_1',1929,'none'
'irn_toman_1_2',1879,'none'
'irn_toman_1_2',1880,'none'
'irn_toman_1_2',1881,'none'
'irn_toman_1_2',1882,'none'
'irn_toman_1_2',1883,'none'
'irn_toman_1_2',1884,'none'
'irn_toman_1_2',1885,'none'
'irn_toman_1_2',1886,'none'
'irn_toman_1_2',1887,'none'
'irn_toman_1_2',1888,'none'
'irn_toman_1_2',1889,'none'
'irn_toman_1_2',1890,'none'
'irn_toman_1_2',1891,'none'
'irn_toman_1_2',1892,'none'
'irn_toman_1_2',1893,'none'
'irn_toman_1_2',1894,'none'
'irn_toman_1_2',1895,'none'
'irn_toman_1_2',1896,'none'
'irn_toman_1_2',1897,'none'
'irn_toman_1_2',1898,'none'
'irn_toman_1_2',1899,'none'
'irn_toman_1_2',1900,'none'
'irn_toman_1_2',1901,'none'
'irn_toman_1_2',1902,'none'
'irn_toman_1_2',1903,'none'
'irn_toman_1_2',1904,'none'
'irn_toman_1_2',1905,'none'
'irn_toman_1_2',1906,'none'
'irn_toman_1_2',1907,'none'
'irn_toman_1_2',1908,'none'
'irn_toman_1_2',1909,'none'
'irn_toman_1_2',1910,'none'
'irn_toman_1_2',1911,'none'
'irn_toman_1_2',1912,'none'
'irn_toman_1_2',1913,'none'
'irn_toman_1_2',1914,'none'
'irn_toman_1_2',1915,'none'
'irn_toman_1_2',1916,'none'
'irn_toman_1_2',1917,'none'
'irn_toman_1_2',1918,'none'
'irn_toman_1_2',1919,'none'
'irn_toman_1_2',1920,'none'
'irn_toman_1_2',1921,'none'
'irn_toman_1_2',1922,'none'
'irn_toman_1_2',1923,'none'
'irn_toman_1_2',1924,'none'
'irn_toman_1_2',1925,'none'
'irn_toman_1_2',1926,'none'
'irn_toman_2_1',1879,'none'
'irn_toman_2_1',1880,'none'
'irn_toman_2_1',1881,'none'
'irn_toman_2_1',1882,'none'
'irn_toman_2_1',1883,'none'
'irn_toman_2_1',1884,'none'
'irn_toman_2_1',1885,'none'
'irn_toman_2_1',1886,'none'
'irn_toman_2_1',1887,'none'
'irn_toman_2_1',1888,'none'
'irn_toman_2_1',1889,'none'
'irn_toman_2_1',1890,'none'
'irn_toman_2_1',1891,'none'
'irn_toman_2_1',1892,'none'
'irn_toman_2_1',1893,'none'
'irn_toman_2_1',1894,'none'
'irn_toman_2_1',1895,'none'
'irn_toman_2_1',1896,'none'
'irn_toman_2_1',1897,'none'
'irn_toman_2_1',1898,'none'
'irn_toman_2_1',1899,'none'
'irn_toman_2_1',1900,'none'
'irn_toman_2_1',1901,'none'
'irn_toman_2_1',1902,'none'
'irn_toman_2_1',1903,'none'
'irn_toman_2_1',1904,'none'
'irn_toman_2_1',1905,'none'
'irn_toman_2_1',1906,'none'
'irn_toman_2_1',1907,'none'
'irn_toman_2_1',1908,'none'
'irn_toman_2_1',1909,'none'
'irn_toman_2_1',1910,'none'
'irn_toman_2_1',1911,'none'
'irn_toman_2_1',1912,'none'
'irn_toman_2_1',1913,'none'
'irn_toman_2_1',1914,'none'
'irn_toman_2_1',1915,'none'
'irn_toman_2_1',1916,'none'
'irn_toman_2_1',1917,'none'
'irn_toman_2_1',1918,'none'
'irn_toman_2_1',1919,'none'
'irn_toman_2_1',1920,'none'
'irn_toman_2_1',1921,'none'
'irn_toman_2_1',1922,'none'
'irn_toman_2_1',1923,'none'
'irn_toman_2_1',1924,'none'
'irn_toman_2_1',1925,'none'
'irn_toman_2_1',1926,'none'
'irn_toman_5_1',1879,'none'
'irn_toman_5_1',1880,'none'
'irn_toman_5_1',1881,'none'
'irn_toman_5_1',1882,'none'
'irn_toman_5_1',1883,'none'
'irn_toman_5_1',1884,'none'
'irn_toman_5_1',1885,'none'
'irn_toman_5_1',1886,'none'
'irn_toman_5_1',1887,'none'
'irn_toman_5_1',1888,'none'
'irn_toman_5_1',1889,'none'
'irn_toman_5_1',1890,'none'
'irn_toman_5_1',1891,'none'
'irn_toman_5_1',1892,'none'
'irn_toman_5_1',1893,'none'
'irn_toman_5_1',1894,'none'
'irn_toman_5_1',1895,'none'
'irn_toman_5_1',1896,'none'
'irn_toman_5_1',1897,'none'
'irn_toman_5_1',1898,'none'
'irn_toman_5_1',1899,'none'
'irn_toman_5_1',1900,'none'
'irn_toman_5_1',1901,'none'
'irn_toman_5_1',1902,'none'
'irn_toman_5_1',1903,'none'
'irn_toman_5_1',1904,'none'
'irn_toman_5_1',1905,'none'
'irn_toman_5_1',1906,'none'
'irn_toman_5_1',1907,'none'
'irn_toman_5_1',1908,'none'
'irn_toman_5_1',1909,'none'
'irn_toman_5_1',1910,'none'
'irn_toman_5_1',1911,'none'
'irn_toman_5_1',1912,'none'
'irn_toman_5_1',1913,'none'
'irn_toman_5_1',1914,'none'
'irn_toman_5_1',1915,'none'
'irn_toman_5_1',1916,'none'
'irn_toman_5_1',1917,'none'
'irn_toman_5_1',1918,'none'
'irn_toman_5_1',1919,'none'
'irn_toman_5_1',1920,'none'
'irn_toman_5_1',1921,'none'
'irn_toman_5_1',1922,'none'
'irn_toman_5_1',1923,'none'
'irn_toman_5_1',1924,'none'
'irn_toman_5_1',1925,'none'
'irn_toman_5_1',1926,'none'
'irn_toman_fractional_1_2_1',1879,'none'
'irn_toman_fractional_1_2_1',1880,'none'
'irn_toman_fractional_1_2_1',1881,'none'
'irn_toman_fractional_1_2_1',1882,'none'
'irn_toman_fractional_1_2_1',1883,'none'
'irn_toman_fractional_1_2_1',1884,'none'
'irn_toman_fractional_1_2_1',1885,'none'
'irn_toman_fractional_1_2_1',1886,'none'
'irn_toman_fractional_1_2_1',1887,'none'
'irn_toman_fractional_1_2_1',1888,'none'
'irn_toman_fractional_1_2_1',1889,'none'
'irn_toman_fractional_1_2_1',1890,'none'
'irn_toman_fractional_1_2_1',1891,'none'
'irn_toman_fractional_1_2_1',1892,'none'
'irn_toman_fractional_1_2_1',1893,'none'
'irn_toman_fractional_1_2_1',1894,'none'
'irn_toman_fractional_1_2_1',1895,'none'
'irn_toman_fractional_1_2_1',1896,'none'
'irn_toman_fractional_1_2_1',1897,'none'
'irn_toman_fractional_1_2_1',1898,'none'
'irn_toman_fractional_1_2_1',1899,'none'
'irn_toman_fractional_1_2_1',1900,'none'
'irn_toman_fractional_1_2_1',1901,'none'
'irn_toman_fractional_1_2_1',1902,'none'
'irn_toman_fractional_1_2_1',1903,'none'
'irn_toman_fractional_1_2_1',1904,'none'
'irn_toman_fractional_1_2_1',1905,'none'
'irn_toman_fractional_1_2_1',1906,'none'
'irn_toman_fractional_1_2_1',1907,'none'
'irn_toman_fractional_1_2_1',1908,'none'
'irn_toman_fractional_1_2_1',1909,'none'
'irn_toman_fractional_1_2_1',1910,'none'
'irn_toman_fractional_1_2_1',1911,'none'
'irn_toman_fractional_1_2_1',1912,'none'
'irn_toman_fractional_1_2_1',1913,'none'
'irn_toman_fractional_1_2_1',1914,'none'
'irn_toman_fractional_1_2_1',1915,'none'
'irn_toman_fractional_1_2_1',1916,'none'
'irn_toman_fractional_1_2_1',1917,'none'
'irn_toman_fractional_1_2_1',1918,'none'
'irn_toman_fractional_1_2_1',1919,'none'
'irn_toman_fractional_1_2_1',1920,'none'
'irn_toman_fractional_1_2_1',1921,'none'
'irn_toman_fractional_1_2_1',1922,'none'
'irn_toman_fractional_1_2_1',1923,'none'
'irn_toman_fractional_1_2_1',1924,'none'
'irn_toman_fractional_1_2_1',1925,'none'
'irn_toman_fractional_1_2_1',1926,'none'
'irn_toman_fractional_1_5_1',1879,'none'
'irn_toman_fractional_1_5_1',1880,'none'
'irn_toman_fractional_1_5_1',1881,'none'
'irn_toman_fractional_1_5_1',1882,'none'
'irn_toman_fractional_1_5_1',1883,'none'
'irn_toman_fractional_1_5_1',1884,'none'
'irn_toman_fractional_1_5_1',1885,'none'
'irn_toman_fractional_1_5_1',1886,'none'
'irn_toman_fractional_1_5_1',1887,'none'
'irn_toman_fractional_1_5_1',1888,'none'
'irn_toman_fractional_1_5_1',1889,'none'
'irn_toman_fractional_1_5_1',1890,'none'
'irn_toman_fractional_1_5_1',1891,'none'
'irn_toman_fractional_1_5_1',1892,'none'
'irn_toman_fractional_1_5_1',1893,'none'
'irn_toman_fractional_1_5_1',1894,'none'
'irn_toman_fractional_1_5_1',1895,'none'
'irn_toman_fractional_1_5_1',1896,'none'
'irn_toman_fractional_1_5_1',1897,'none'
'irn_toman_fractional_1_5_1',1898,'none'
'irn_toman_fractional_1_5_1',1899,'none'
'irn_toman_fractional_1_5_1',1900,'none'
'irn_toman_fractional_1_5_1',1901,'none'
'irn_toman_fractional_1_5_1',1902,'none'
'irn_toman_fractional_1_5_1',1903,'none'
'irn_toman_fractional_1_5_1',1904,'none'
'irn_toman_fractional_1_5_1',1905,'none'
'irn_toman_fractional_1_5_1',1906,'none'
'irn_toman_fractional_1_5_1',1907,'none'
'irn_toman_fractional_1_5_1',1908,'none'
'irn_toman_fractional_1_5_1',1909,'none'
'irn_toman_fractional_1_5_1',1910,'none'
'irn_toman_fractional_1_5_1',1911,'none'
'irn_toman_fractional_1_5_1',1912,'none'
'irn_toman_fractional_1_5_1',1913,'none'
'irn_toman_fractional_1_5_1',1914,'none'
'irn_toman_fractional_1_5_1',1915,'none'
'irn_toman_fractional_1_5_1',1916,'none'
'irn_toman_fractional_1_5_1',1917,'none'
'irn_toman_fractional_1_5_1',1918,'none'
'irn_toman_fractional_1_5_1',1919,'none'
'irn_toman_fractional_1_5_1',1920,'none'
'irn_toman_fractional_1_5_1',1921,'none'
'irn_toman_fractional_1_5_1',1922,'none'
'irn_toman_fractional_1_5_1',1923,'none'
'irn_toman_fractional_1_5_1',1924,'none'
'irn_toman_fractional_1_5_1',1925,'none'
'irn_toman_fractional_1_5_1',1926,'none'
'irq_fils_100_1',1959,'none'
'irq_fils_20_1',1931,'none'
'irq_fils_20_1',1932,'none'
'irq_fils_20_1',1933,'none'
'irq_fils_20_1',1934,'none'
'irq_fils_20_1',1935,'none'
'irq_fils_20_1',1936,'none'
'irq_fils_20_1',1937,'none'
'irq_fils_20_1',1938,'none'
'irq_fils_20_1',1939,'none'
'irq_fils_20_1',1940,'none'
'irq_fils_20_1',1941,'none'
'irq_fils_20_1',1942,'none'
'irq_fils_20_1',1943,'none'
'irq_fils_20_1',1944,'none'
'irq_fils_20_1',1945,'none'
'irq_fils_20_1',1946,'none'
'irq_fils_20_1',1947,'none'
'irq_fils_20_1',1948,'none'
'irq_fils_20_1',1949,'none'
'irq_fils_20_1',1950,'none'
'irq_fils_20_1',1951,'none'
'irq_fils_20_1',1952,'none'
'irq_fils_20_1',1953,'none'
'irq_fils_25_1',1959,'none'
'irq_fils_50_1',1931,'none'
'irq_fils_50_1',1932,'none'
'irq_fils_50_1',1933,'none'
'irq_fils_50_1',1934,'none'
'irq_fils_50_1',1935,'none'
'irq_fils_50_1',1936,'none'
'irq_fils_50_1',1937,'none'
'irq_fils_50_1',1938,'none'
'irq_fils_50_1',1939,'none'
'irq_fils_50_1',1940,'none'
'irq_fils_50_1',1941,'none'
'irq_fils_50_1',1942,'none'
'irq_fils_50_1',1943,'none'
'irq_fils_50_1',1944,'none'
'irq_fils_50_1',1945,'none'
'irq_fils_50_1',1946,'none'
'irq_fils_50_1',1947,'none'
'irq_fils_50_1',1948,'none'
'irq_fils_50_1',1949,'none'
'irq_fils_50_1',1950,'none'
'irq_fils_50_1',1951,'none'
'irq_fils_50_1',1952,'none'
'irq_fils_50_1',1953,'none'
'irq_fils_50_2',1959,'none'
'irq_riyal_1_1',1931,'none'
'irq_riyal_1_1',1932,'none'
'irq_riyal_1_1',1933,'none'
'irq_riyal_1_1',1934,'none'
'irq_riyal_1_1',1935,'none'
'irq_riyal_1_1',1936,'none'
'irq_riyal_1_1',1937,'none'
'irq_riyal_1_1',1938,'none'
'irq_riyal_1_1',1939,'none'
'irq_riyal_1_1',1940,'none'
'irq_riyal_1_1',1941,'none'
'irq_riyal_1_1',1942,'none'
'irq_riyal_1_1',1943,'none'
'irq_riyal_1_1',1944,'none'
'irq_riyal_1_1',1945,'none'
'irq_riyal_1_1',1946,'none'
'irq_riyal_1_1',1947,'none'
'irq_riyal_1_1',1948,'none'
'irq_riyal_1_1',1949,'none'
'irq_riyal_1_1',1950,'none'
'irq_riyal_1_1',1951,'none'
'irq_riyal_1_1',1952,'none'
'irq_riyal_1_1',1953,'none'
'isl_krona_500_1',1961,'none'
'isr_pound_100_1',1962,'none'
'isr_pound_100_1',1963,'none'
'isr_pound_100_1',1964,'none'
'isr_pound_20_1',1960,'none'
'isr_pound_50_1',1962,'none'
'isr_pound_50_1',1963,'none'
'isr_pound_50_1',1964,'none'
'isr_pound_5_1',1958,'none'
'isr_pound_5_1',1959,'none'
'isr_pound_5_1',1960,'none'
'isr_pound_5_1',1961,'none'
'isr_pound_5_1',1962,'none'
'isr_pound_5_1',1963,'none'
'isr_pound_5_1',1964,'none'
'isr_pound_5_1',1965,'none'
'isr_pound_5_1',1966,'none'
'isr_pound_5_1',1967,'none'
'isr_pruta_250_1',1949,'none'
'isr_pruta_500_1',1949,'none'
'ita_centesimo_20_1',1863,'none'
'ita_centesimo_20_1',1864,'none'
'ita_centesimo_20_1',1865,'none'
'ita_centesimo_20_1',1866,'none'
'ita_centesimo_20_1',1867,'none'
'ita_centesimo_20_1',1868,'none'
'ita_centesimo_20_1',1869,'none'
'ita_centesimo_20_1',1870,'none'
'ita_centesimo_20_1',1871,'none'
'ita_centesimo_20_1',1872,'none'
'ita_centesimo_20_1',1873,'none'
'ita_centesimo_20_1',1874,'none'
'ita_centesimo_20_1',1875,'none'
'ita_centesimo_20_1',1876,'none'
'ita_centesimo_20_1',1877,'none'
'ita_centesimo_20_1',1878,'none'
'ita_centesimo_20_1',1879,'none'
'ita_centesimo_20_1',1880,'none'
'ita_centesimo_20_1',1881,'none'
'ita_centesimo_20_1',1882,'none'
'ita_centesimo_20_1',1883,'none'
'ita_centesimo_20_1',1884,'none'
'ita_centesimo_20_1',1885,'none'
'ita_centesimo_20_1',1886,'none'
'ita_centesimo_20_1',1887,'none'
'ita_centesimo_20_1',1888,'none'
'ita_centesimo_20_1',1889,'none'
'ita_centesimo_20_1',1890,'none'
'ita_centesimo_20_1',1891,'none'
'ita_centesimo_20_1',1892,'none'
'ita_centesimo_20_1',1893,'none'
'ita_centesimo_20_1',1894,'none'
'ita_centesimo_20_1',1895,'none'
'ita_centesimo_20_1',1896,'none'
'ita_centesimo_20_1',1897,'none'
'ita_centesimo_20_1',1898,'none'
'ita_centesimo_20_1',1899,'none'
'ita_centesimo_20_1',1900,'none'
'ita_centesimo_20_1',1901,'none'
'ita_centesimo_20_1',1902,'none'
'ita_centesimo_20_1',1903,'none'
'ita_centesimo_20_1',1904,'none'
'ita_centesimo_20_1',1905,'none'
'ita_centesimo_20_1',1906,'none'
'ita_centesimo_20_1',1907,'none'
'ita_centesimo_20_1',1908,'none'
'ita_centesimo_20_1',1909,'none'
'ita_centesimo_20_1',1910,'none'
'ita_centesimo_20_1',1911,'none'
'ita_centesimo_20_1',1912,'none'
'ita_centesimo_20_1',1913,'none'
'ita_centesimo_20_1',1914,'none'
'ita_centesimo_20_1',1915,'none'
'ita_centesimo_20_1',1916,'none'
'ita_centesimo_20_1',1917,'none'
'ita_centesimo_50_1',1863,'none'
'ita_centesimo_50_1',1864,'none'
'ita_centesimo_50_1',1865,'none'
'ita_centesimo_50_1',1866,'none'
'ita_centesimo_50_1',1867,'none'
'ita_centesimo_50_1',1868,'none'
'ita_centesimo_50_1',1869,'none'
'ita_centesimo_50_1',1870,'none'
'ita_centesimo_50_1',1871,'none'
'ita_centesimo_50_1',1872,'none'
'ita_centesimo_50_1',1873,'none'
'ita_centesimo_50_1',1874,'none'
'ita_centesimo_50_1',1875,'none'
'ita_centesimo_50_1',1876,'none'
'ita_centesimo_50_1',1877,'none'
'ita_centesimo_50_1',1878,'none'
'ita_centesimo_50_1',1879,'none'
'ita_centesimo_50_1',1880,'none'
'ita_centesimo_50_1',1881,'none'
'ita_centesimo_50_1',1882,'none'
'ita_centesimo_50_1',1883,'none'
'ita_centesimo_50_1',1884,'none'
'ita_centesimo_50_1',1885,'none'
'ita_centesimo_50_1',1886,'none'
'ita_centesimo_50_1',1887,'none'
'ita_centesimo_50_1',1888,'none'
'ita_centesimo_50_1',1889,'none'
'ita_centesimo_50_1',1890,'none'
'ita_centesimo_50_1',1891,'none'
'ita_centesimo_50_1',1892,'none'
'ita_centesimo_50_1',1893,'none'
'ita_centesimo_50_1',1894,'none'
'ita_centesimo_50_1',1895,'none'
'ita_centesimo_50_1',1896,'none'
'ita_centesimo_50_1',1897,'none'
'ita_centesimo_50_1',1898,'none'
'ita_centesimo_50_1',1899,'none'
'ita_centesimo_50_1',1900,'none'
'ita_centesimo_50_1',1901,'none'
'ita_centesimo_50_1',1902,'none'
'ita_centesimo_50_1',1903,'none'
'ita_centesimo_50_1',1904,'none'
'ita_centesimo_50_1',1905,'none'
'ita_centesimo_50_1',1906,'none'
'ita_centesimo_50_1',1907,'none'
'ita_centesimo_50_1',1908,'none'
'ita_centesimo_50_1',1909,'none'
'ita_centesimo_50_1',1910,'none'
'ita_centesimo_50_1',1911,'none'
'ita_centesimo_50_1',1912,'none'
'ita_centesimo_50_1',1913,'none'
'ita_centesimo_50_1',1914,'none'
'ita_centesimo_50_1',1915,'none'
'ita_centesimo_50_1',1916,'none'
'ita_centesimo_50_1',1917,'none'
'ita_lira_100_1',1861,'none'
'ita_lira_100_1',1862,'none'
'ita_lira_100_1',1863,'none'
'ita_lira_100_1',1864,'none'
'ita_lira_100_1',1865,'none'
'ita_lira_100_1',1866,'none'
'ita_lira_100_1',1867,'none'
'ita_lira_100_1',1868,'none'
'ita_lira_100_1',1869,'none'
'ita_lira_100_1',1870,'none'
'ita_lira_100_1',1871,'none'
'ita_lira_100_1',1872,'none'
'ita_lira_100_1',1873,'none'
'ita_lira_100_1',1874,'none'
'ita_lira_100_1',1875,'none'
'ita_lira_100_1',1876,'none'
'ita_lira_100_1',1877,'none'
'ita_lira_100_1',1878,'none'
'ita_lira_100_1',1879,'none'
'ita_lira_100_1',1880,'none'
'ita_lira_100_1',1881,'none'
'ita_lira_100_1',1882,'none'
'ita_lira_100_1',1883,'none'
'ita_lira_100_1',1884,'none'
'ita_lira_100_1',1885,'none'
'ita_lira_100_1',1886,'none'
'ita_lira_100_1',1887,'none'
'ita_lira_100_1',1888,'none'
'ita_lira_100_1',1889,'none'
'ita_lira_100_1',1890,'none'
'ita_lira_100_1',1891,'none'
'ita_lira_100_1',1892,'none'
'ita_lira_100_1',1893,'none'
'ita_lira_100_1',1894,'none'
'ita_lira_100_1',1895,'none'
'ita_lira_100_1',1896,'none'
'ita_lira_100_1',1897,'none'
'ita_lira_100_1',1898,'none'
'ita_lira_100_1',1899,'none'
'ita_lira_100_1',1900,'none'
'ita_lira_100_1',1901,'none'
'ita_lira_100_1',1902,'none'
'ita_lira_100_1',1903,'none'
'ita_lira_100_1',1904,'none'
'ita_lira_100_1',1905,'none'
'ita_lira_100_1',1906,'none'
'ita_lira_100_1',1907,'none'
'ita_lira_100_1',1908,'none'
'ita_lira_100_1',1909,'none'
'ita_lira_100_1',1910,'none'
'ita_lira_100_1',1911,'none'
'ita_lira_100_1',1912,'none'
'ita_lira_100_1',1913,'none'
'ita_lira_100_1',1914,'none'
'ita_lira_100_1',1915,'none'
'ita_lira_100_1',1916,'none'
'ita_lira_100_1',1917,'none'
'ita_lira_100_1',1918,'none'
'ita_lira_100_1',1919,'none'
'ita_lira_100_1',1920,'none'
'ita_lira_100_1',1921,'none'
'ita_lira_100_1',1922,'none'
'ita_lira_100_1',1923,'none'
'ita_lira_100_1',1924,'none'
'ita_lira_100_1',1925,'none'
'ita_lira_100_1',1926,'none'
'ita_lira_100_1',1927,'none'
'ita_lira_100_2',1931,'none'
'ita_lira_100_2',1932,'none'
'ita_lira_100_2',1933,'none'
'ita_lira_100_2',1934,'none'
'ita_lira_100_2',1935,'none'
'ita_lira_100_2',1936,'none'
'ita_lira_100_3',1937,'none'
'ita_lira_10_1',1926,'none'
'ita_lira_10_1',1927,'none'
'ita_lira_10_1',1928,'none'
'ita_lira_10_1',1929,'none'
'ita_lira_10_1',1930,'none'
'ita_lira_10_1',1931,'none'
'ita_lira_10_1',1932,'none'
'ita_lira_10_1',1933,'none'
'ita_lira_10_1',1934,'none'
'ita_lira_10_1',1935,'none'
'ita_lira_10_1',1936,'none'
'ita_lira_10_1',1937,'none'
'ita_lira_10_1',1938,'none'
'ita_lira_10_1',1939,'none'
'ita_lira_10_1',1940,'none'
'ita_lira_10_1',1941,'none'
'ita_lira_10_2',1861,'none'
'ita_lira_10_2',1862,'none'
'ita_lira_10_2',1863,'none'
'ita_lira_10_2',1864,'none'
'ita_lira_10_2',1865,'none'
'ita_lira_10_2',1866,'none'
'ita_lira_10_2',1867,'none'
'ita_lira_10_2',1868,'none'
'ita_lira_10_2',1869,'none'
'ita_lira_10_2',1870,'none'
'ita_lira_10_2',1871,'none'
'ita_lira_10_2',1872,'none'
'ita_lira_10_2',1873,'none'
'ita_lira_10_2',1874,'none'
'ita_lira_10_2',1875,'none'
'ita_lira_10_2',1876,'none'
'ita_lira_10_2',1877,'none'
'ita_lira_10_2',1878,'none'
'ita_lira_10_2',1879,'none'
'ita_lira_10_2',1880,'none'
'ita_lira_10_2',1881,'none'
'ita_lira_10_2',1882,'none'
'ita_lira_10_2',1883,'none'
'ita_lira_10_2',1884,'none'
'ita_lira_10_2',1885,'none'
'ita_lira_10_2',1886,'none'
'ita_lira_10_2',1887,'none'
'ita_lira_10_2',1888,'none'
'ita_lira_10_2',1889,'none'
'ita_lira_10_2',1890,'none'
'ita_lira_10_2',1891,'none'
'ita_lira_10_2',1892,'none'
'ita_lira_10_2',1893,'none'
'ita_lira_10_2',1894,'none'
'ita_lira_10_2',1895,'none'
'ita_lira_10_2',1896,'none'
'ita_lira_10_2',1897,'none'
'ita_lira_10_2',1898,'none'
'ita_lira_10_2',1899,'none'
'ita_lira_10_2',1900,'none'
'ita_lira_10_2',1901,'none'
'ita_lira_10_2',1902,'none'
'ita_lira_10_2',1903,'none'
'ita_lira_10_2',1904,'none'
'ita_lira_10_2',1905,'none'
'ita_lira_10_2',1906,'none'
'ita_lira_10_2',1907,'none'
'ita_lira_10_2',1908,'none'
'ita_lira_10_2',1909,'none'
'ita_lira_10_2',1910,'none'
'ita_lira_10_2',1911,'none'
'ita_lira_10_2',1912,'none'
'ita_lira_10_2',1913,'none'
'ita_lira_10_2',1914,'none'
'ita_lira_10_2',1915,'none'
'ita_lira_10_2',1916,'none'
'ita_lira_10_2',1917,'none'
'ita_lira_10_2',1918,'none'
'ita_lira_10_2',1919,'none'
'ita_lira_10_2',1920,'none'
'ita_lira_10_2',1921,'none'
'ita_lira_10_2',1922,'none'
'ita_lira_10_2',1923,'none'
'ita_lira_10_2',1924,'none'
'ita_lira_10_2',1925,'none'
'ita_lira_10_2',1926,'none'
'ita_lira_10_2',1927,'none'
'ita_lira_1_1',1863,'none'
'ita_lira_1_1',1864,'none'
'ita_lira_1_1',1865,'none'
'ita_lira_1_1',1866,'none'
'ita_lira_1_1',1867,'none'
'ita_lira_1_1',1868,'none'
'ita_lira_1_1',1869,'none'
'ita_lira_1_1',1870,'none'
'ita_lira_1_1',1871,'none'
'ita_lira_1_1',1872,'none'
'ita_lira_1_1',1873,'none'
'ita_lira_1_1',1874,'none'
'ita_lira_1_1',1875,'none'
'ita_lira_1_1',1876,'none'
'ita_lira_1_1',1877,'none'
'ita_lira_1_1',1878,'none'
'ita_lira_1_1',1879,'none'
'ita_lira_1_1',1880,'none'
'ita_lira_1_1',1881,'none'
'ita_lira_1_1',1882,'none'
'ita_lira_1_1',1883,'none'
'ita_lira_1_1',1884,'none'
'ita_lira_1_1',1885,'none'
'ita_lira_1_1',1886,'none'
'ita_lira_1_1',1887,'none'
'ita_lira_1_1',1888,'none'
'ita_lira_1_1',1889,'none'
'ita_lira_1_1',1890,'none'
'ita_lira_1_1',1891,'none'
'ita_lira_1_1',1892,'none'
'ita_lira_1_1',1893,'none'
'ita_lira_1_1',1894,'none'
'ita_lira_1_1',1895,'none'
'ita_lira_1_1',1896,'none'
'ita_lira_1_1',1897,'none'
'ita_lira_1_1',1898,'none'
'ita_lira_1_1',1899,'none'
'ita_lira_1_1',1900,'none'
'ita_lira_1_1',1901,'none'
'ita_lira_1_1',1902,'none'
'ita_lira_1_1',1903,'none'
'ita_lira_1_1',1904,'none'
'ita_lira_1_1',1905,'none'
'ita_lira_1_1',1906,'none'
'ita_lira_1_1',1907,'none'
'ita_lira_1_1',1908,'none'
'ita_lira_1_1',1909,'none'
'ita_lira_1_1',1910,'none'
'ita_lira_1_1',1911,'none'
'ita_lira_1_1',1912,'none'
'ita_lira_1_1',1913,'none'
'ita_lira_1_1',1914,'none'
'ita_lira_1_1',1915,'none'
'ita_lira_1_1',1916,'none'
'ita_lira_1_1',1917,'none'
'ita_lira_20_1',1927,'none'
'ita_lira_20_1',1928,'none'
'ita_lira_20_1',1929,'none'
'ita_lira_20_1',1930,'none'
'ita_lira_20_1',1931,'none'
'ita_lira_20_1',1932,'none'
'ita_lira_20_1',1933,'none'
'ita_lira_20_1',1934,'none'
'ita_lira_20_2',1936,'none'
'ita_lira_20_2',1937,'none'
'ita_lira_20_2',1938,'none'
'ita_lira_20_2',1939,'none'
'ita_lira_20_2',1940,'none'
'ita_lira_20_2',1941,'none'
'ita_lira_20_3',1861,'none'
'ita_lira_20_3',1862,'none'
'ita_lira_20_3',1863,'none'
'ita_lira_20_3',1864,'none'
'ita_lira_20_3',1865,'none'
'ita_lira_20_3',1866,'none'
'ita_lira_20_3',1867,'none'
'ita_lira_20_3',1868,'none'
'ita_lira_20_3',1869,'none'
'ita_lira_20_3',1870,'none'
'ita_lira_20_3',1871,'none'
'ita_lira_20_3',1872,'none'
'ita_lira_20_3',1873,'none'
'ita_lira_20_3',1874,'none'
'ita_lira_20_3',1875,'none'
'ita_lira_20_3',1876,'none'
'ita_lira_20_3',1877,'none'
'ita_lira_20_3',1878,'none'
'ita_lira_20_3',1879,'none'
'ita_lira_20_3',1880,'none'
'ita_lira_20_3',1881,'none'
'ita_lira_20_3',1882,'none'
'ita_lira_20_3',1883,'none'
'ita_lira_20_3',1884,'none'
'ita_lira_20_3',1885,'none'
'ita_lira_20_3',1886,'none'
'ita_lira_20_3',1887,'none'
'ita_lira_20_3',1888,'none'
'ita_lira_20_3',1889,'none'
'ita_lira_20_3',1890,'none'
'ita_lira_20_3',1891,'none'
'ita_lira_20_3',1892,'none'
'ita_lira_20_3',1893,'none'
'ita_lira_20_3',1894,'none'
'ita_lira_20_3',1895,'none'
'ita_lira_20_3',1896,'none'
'ita_lira_20_3',1897,'none'
'ita_lira_20_3',1898,'none'
'ita_lira_20_3',1899,'none'
'ita_lira_20_3',1900,'none'
'ita_lira_20_3',1901,'none'
'ita_lira_20_3',1902,'none'
'ita_lira_20_3',1903,'none'
'ita_lira_20_3',1904,'none'
'ita_lira_20_3',1905,'none'
'ita_lira_20_3',1906,'none'
'ita_lira_20_3',1907,'none'
'ita_lira_20_3',1908,'none'
'ita_lira_20_3',1909,'none'
'ita_lira_20_3',1910,'none'
'ita_lira_20_3',1911,'none'
'ita_lira_20_3',1912,'none'
'ita_lira_20_3',1913,'none'
'ita_lira_20_3',1914,'none'
'ita_lira_20_3',1915,'none'
'ita_lira_20_3',1916,'none'
'ita_lira_20_3',1917,'none'
'ita_lira_20_3',1918,'none'
'ita_lira_20_3',1919,'none'
'ita_lira_20_3',1920,'none'
'ita_lira_20_3',1921,'none'
'ita_lira_20_3',1922,'none'
'ita_lira_20_3',1923,'none'
'ita_lira_20_3',1924,'none'
'ita_lira_20_3',1925,'none'
'ita_lira_20_3',1926,'none'
'ita_lira_20_3',1927,'none'
'ita_lira_2_1',1863,'none'
'ita_lira_2_1',1864,'none'
'ita_lira_2_1',1865,'none'
'ita_lira_2_1',1866,'none'
'ita_lira_2_1',1867,'none'
'ita_lira_2_1',1868,'none'
'ita_lira_2_1',1869,'none'
'ita_lira_2_1',1870,'none'
'ita_lira_2_1',1871,'none'
'ita_lira_2_1',1872,'none'
'ita_lira_2_1',1873,'none'
'ita_lira_2_1',1874,'none'
'ita_lira_2_1',1875,'none'
'ita_lira_2_1',1876,'none'
'ita_lira_2_1',1877,'none'
'ita_lira_2_1',1878,'none'
'ita_lira_2_1',1879,'none'
'ita_lira_2_1',1880,'none'
'ita_lira_2_1',1881,'none'
'ita_lira_2_1',1882,'none'
'ita_lira_2_1',1883,'none'
'ita_lira_2_1',1884,'none'
'ita_lira_2_1',1885,'none'
'ita_lira_2_1',1886,'none'
'ita_lira_2_1',1887,'none'
'ita_lira_2_1',1888,'none'
'ita_lira_2_1',1889,'none'
'ita_lira_2_1',1890,'none'
'ita_lira_2_1',1891,'none'
'ita_lira_2_1',1892,'none'
'ita_lira_2_1',1893,'none'
'ita_lira_2_1',1894,'none'
'ita_lira_2_1',1895,'none'
'ita_lira_2_1',1896,'none'
'ita_lira_2_1',1897,'none'
'ita_lira_2_1',1898,'none'
'ita_lira_2_1',1899,'none'
'ita_lira_2_1',1900,'none'
'ita_lira_2_1',1901,'none'
'ita_lira_2_1',1902,'none'
'ita_lira_2_1',1903,'none'
'ita_lira_2_1',1904,'none'
'ita_lira_2_1',1905,'none'
'ita_lira_2_1',1906,'none'
'ita_lira_2_1',1907,'none'
'ita_lira_2_1',1908,'none'
'ita_lira_2_1',1909,'none'
'ita_lira_2_1',1910,'none'
'ita_lira_2_1',1911,'none'
'ita_lira_2_1',1912,'none'
'ita_lira_2_1',1913,'none'
'ita_lira_2_1',1914,'none'
'ita_lira_2_1',1915,'none'
'ita_lira_2_1',1916,'none'
'ita_lira_2_1',1917,'none'
'ita_lira_500_1',1958,'none'
'ita_lira_500_1',1959,'none'
'ita_lira_500_1',1960,'none'
'ita_lira_500_1',1961,'none'
'ita_lira_500_1',1962,'none'
'ita_lira_500_1',1963,'none'
'ita_lira_500_1',1964,'none'
'ita_lira_500_1',1965,'none'
'ita_lira_500_1',1966,'none'
'ita_lira_500_1',1967,'none'
'ita_lira_500_1',1968,'none'
'ita_lira_500_1',1969,'none'
'ita_lira_500_1',1970,'none'
'ita_lira_500_1',1971,'none'
'ita_lira_500_1',1972,'none'
'ita_lira_500_1',1973,'none'
'ita_lira_500_1',1974,'none'
'ita_lira_500_1',1975,'none'
'ita_lira_500_1',1976,'none'
'ita_lira_500_1',1977,'none'
'ita_lira_500_1',1978,'none'
'ita_lira_500_1',1979,'none'
'ita_lira_500_1',1980,'none'
'ita_lira_500_1',1981,'none'
'ita_lira_500_1',1982,'none'
'ita_lira_500_1',1983,'none'
'ita_lira_500_1',1984,'none'
'ita_lira_500_1',1985,'none'
'ita_lira_500_1',1986,'none'
'ita_lira_500_1',1987,'none'
'ita_lira_500_1',1988,'none'
'ita_lira_500_1',1989,'none'
'ita_lira_500_1',1990,'none'
'ita_lira_500_1',1991,'none'
'ita_lira_500_1',1992,'none'
'ita_lira_500_1',1993,'none'
'ita_lira_500_1',1994,'none'
'ita_lira_500_1',1995,'none'
'ita_lira_500_1',1996,'none'
'ita_lira_500_1',1997,'none'
'ita_lira_500_1',1998,'none'
'ita_lira_500_1',1999,'none'
'ita_lira_500_1',2000,'none'
'ita_lira_500_1',2001,'none'
'ita_lira_50_1',1861,'none'
'ita_lira_50_1',1862,'none'
'ita_lira_50_1',1863,'none'
'ita_lira_50_1',1864,'none'
'ita_lira_50_1',1865,'none'
'ita_lira_50_1',1866,'none'
'ita_lira_50_1',1867,'none'
'ita_lira_50_1',1868,'none'
'ita_lira_50_1',1869,'none'
'ita_lira_50_1',1870,'none'
'ita_lira_50_1',1871,'none'
'ita_lira_50_1',1872,'none'
'ita_lira_50_1',1873,'none'
'ita_lira_50_1',1874,'none'
'ita_lira_50_1',1875,'none'
'ita_lira_50_1',1876,'none'
'ita_lira_50_1',1877,'none'
'ita_lira_50_1',1878,'none'
'ita_lira_50_1',1879,'none'
'ita_lira_50_1',1880,'none'
'ita_lira_50_1',1881,'none'
'ita_lira_50_1',1882,'none'
'ita_lira_50_1',1883,'none'
'ita_lira_50_1',1884,'none'
'ita_lira_50_1',1885,'none'
'ita_lira_50_1',1886,'none'
'ita_lira_50_1',1887,'none'
'ita_lira_50_1',1888,'none'
'ita_lira_50_1',1889,'none'
'ita_lira_50_1',1890,'none'
'ita_lira_50_1',1891,'none'
'ita_lira_50_1',1892,'none'
'ita_lira_50_1',1893,'none'
'ita_lira_50_1',1894,'none'
'ita_lira_50_1',1895,'none'
'ita_lira_50_1',1896,'none'
'ita_lira_50_1',1897,'none'
'ita_lira_50_1',1898,'none'
'ita_lira_50_1',1899,'none'
'ita_lira_50_1',1900,'none'
'ita_lira_50_1',1901,'none'
'ita_lira_50_1',1902,'none'
'ita_lira_50_1',1903,'none'
'ita_lira_50_1',1904,'none'
'ita_lira_50_1',1905,'none'
'ita_lira_50_1',1906,'none'
'ita_lira_50_1',1907,'none'
'ita_lira_50_1',1908,'none'
'ita_lira_50_1',1909,'none'
'ita_lira_50_1',1910,'none'
'ita_lira_50_1',1911,'none'
'ita_lira_50_1',1912,'none'
'ita_lira_50_1',1913,'none'
'ita_lira_50_1',1914,'none'
'ita_lira_50_1',1915,'none'
'ita_lira_50_1',1916,'none'
'ita_lira_50_1',1917,'none'
'ita_lira_50_1',1918,'none'
'ita_lira_50_1',1919,'none'
'ita_lira_50_1',1920,'none'
'ita_lira_50_1',1921,'none'
'ita_lira_50_1',1922,'none'
'ita_lira_50_1',1923,'none'
'ita_lira_50_1',1924,'none'
'ita_lira_50_1',1925,'none'
'ita_lira_50_1',1926,'none'
'ita_lira_50_1',1927,'none'
'ita_lira_50_2',1931,'none'
'ita_lira_50_2',1932,'none'
'ita_lira_50_2',1933,'none'
'ita_lira_50_2',1934,'none'
'ita_lira_50_2',1935,'none'
'ita_lira_50_2',1936,'none'
'ita_lira_5_1',1863,'none'
'ita_lira_5_1',1864,'none'
'ita_lira_5_1',1865,'none'
'ita_lira_5_1',1866,'none'
'ita_lira_5_1',1867,'none'
'ita_lira_5_1',1868,'none'
'ita_lira_5_1',1869,'none'
'ita_lira_5_1',1870,'none'
'ita_lira_5_1',1871,'none'
'ita_lira_5_1',1872,'none'
'ita_lira_5_1',1873,'none'
'ita_lira_5_1',1874,'none'
'ita_lira_5_1',1875,'none'
'ita_lira_5_1',1876,'none'
'ita_lira_5_1',1877,'none'
'ita_lira_5_1',1878,'none'
'ita_lira_5_1',1879,'none'
'ita_lira_5_1',1880,'none'
'ita_lira_5_1',1881,'none'
'ita_lira_5_1',1882,'none'
'ita_lira_5_1',1883,'none'
'ita_lira_5_1',1884,'none'
'ita_lira_5_1',1885,'none'
'ita_lira_5_1',1886,'none'
'ita_lira_5_1',1887,'none'
'ita_lira_5_1',1888,'none'
'ita_lira_5_1',1889,'none'
'ita_lira_5_1',1890,'none'
'ita_lira_5_1',1891,'none'
'ita_lira_5_1',1892,'none'
'ita_lira_5_1',1893,'none'
'ita_lira_5_1',1894,'none'
'ita_lira_5_1',1895,'none'
'ita_lira_5_1',1896,'none'
'ita_lira_5_1',1897,'none'
'ita_lira_5_1',1898,'none'
'ita_lira_5_1',1899,'none'
'ita_lira_5_1',1900,'none'
'ita_lira_5_1',1901,'none'
'ita_lira_5_1',1902,'none'
'ita_lira_5_1',1903,'none'
'ita_lira_5_1',1904,'none'
'ita_lira_5_1',1905,'none'
'ita_lira_5_1',1906,'none'
'ita_lira_5_1',1907,'none'
'ita_lira_5_1',1908,'none'
'ita_lira_5_1',1909,'none'
'ita_lira_5_1',1910,'none'
'ita_lira_5_1',1911,'none'
'ita_lira_5_1',1912,'none'
'ita_lira_5_1',1913,'none'
'ita_lira_5_1',1914,'none'
'ita_lira_5_1',1915,'none'
'ita_lira_5_1',1916,'none'
'ita_lira_5_1',1917,'none'
'ita_lira_5_2',1926,'none'
'ita_lira_5_2',1927,'none'
'ita_lira_5_2',1928,'none'
'ita_lira_5_2',1929,'none'
'ita_lira_5_2',1930,'none'
'ita_lira_5_2',1931,'none'
'ita_lira_5_2',1932,'none'
'ita_lira_5_2',1933,'none'
'ita_lira_5_2',1934,'none'
'ita_lira_5_2',1935,'none'
'ita_lira_5_2',1936,'none'
'ita_lira_5_2',1937,'none'
'ita_lira_5_2',1938,'none'
'ita_lira_5_2',1939,'none'
'ita_lira_5_2',1940,'none'
'ita_lira_5_2',1941,'none'
'ita_lira_5_3',1861,'none'
'ita_lira_5_3',1862,'none'
'ita_lira_5_3',1863,'none'
'ita_lira_5_3',1864,'none'
'ita_lira_5_3',1865,'none'
'ita_lira_5_3',1866,'none'
'ita_lira_5_3',1867,'none'
'ita_lira_5_3',1868,'none'
'ita_lira_5_3',1869,'none'
'ita_lira_5_3',1870,'none'
'ita_lira_5_3',1871,'none'
'ita_lira_5_3',1872,'none'
'ita_lira_5_3',1873,'none'
'ita_lira_5_3',1874,'none'
'ita_lira_5_3',1875,'none'
'ita_lira_5_3',1876,'none'
'ita_lira_5_3',1877,'none'
'ita_lira_5_3',1878,'none'
'ita_lira_5_3',1879,'none'
'ita_lira_5_3',1880,'none'
'ita_lira_5_3',1881,'none'
'ita_lira_5_3',1882,'none'
'ita_lira_5_3',1883,'none'
'ita_lira_5_3',1884,'none'
'ita_lira_5_3',1885,'none'
'ita_lira_5_3',1886,'none'
'ita_lira_5_3',1887,'none'
'ita_lira_5_3',1888,'none'
'ita_lira_5_3',1889,'none'
'ita_lira_5_3',1890,'none'
'ita_lira_5_3',1891,'none'
'ita_lira_5_3',1892,'none'
'ita_lira_5_3',1893,'none'
'ita_lira_5_3',1894,'none'
'ita_lira_5_3',1895,'none'
'ita_lira_5_3',1896,'none'
'ita_lira_5_3',1897,'none'
'ita_lira_5_3',1898,'none'
'ita_lira_5_3',1899,'none'
'ita_lira_5_3',1900,'none'
'ita_lira_5_3',1901,'none'
'ita_lira_5_3',1902,'none'
'ita_lira_5_3',1903,'none'
'ita_lira_5_3',1904,'none'
'ita_lira_5_3',1905,'none'
'ita_lira_5_3',1906,'none'
'ita_lira_5_3',1907,'none'
'ita_lira_5_3',1908,'none'
'ita_lira_5_3',1909,'none'
'ita_lira_5_3',1910,'none'
'ita_lira_5_3',1911,'none'
'ita_lira_5_3',1912,'none'
'ita_lira_5_3',1913,'none'
'ita_lira_5_3',1914,'none'
'ita_lira_5_3',1915,'none'
'ita_lira_5_3',1916,'none'
'ita_lira_5_3',1917,'none'
'ita_lira_5_3',1918,'none'
'ita_lira_5_3',1919,'none'
'ita_lira_5_3',1920,'none'
'ita_lira_5_3',1921,'none'
'ita_lira_5_3',1922,'none'
'ita_lira_5_3',1923,'none'
'ita_lira_5_3',1924,'none'
'ita_lira_5_3',1925,'none'
'ita_lira_5_3',1926,'none'
'ita_lira_5_3',1927,'none'
'jam_penny_fractional_1_1_2_1',1838,'none'
'jam_penny_fractional_1_1_2_1',1839,'none'
'jam_penny_fractional_1_1_2_1',1840,'none'
'jam_penny_fractional_1_1_2_1',1841,'none'
'jam_penny_fractional_1_1_2_1',1842,'none'
'jam_penny_fractional_1_1_2_1',1843,'none'
'jam_penny_fractional_1_1_2_1',1844,'none'
'jam_penny_fractional_1_1_2_1',1845,'none'
'jam_penny_fractional_1_1_2_1',1846,'none'
'jam_penny_fractional_1_1_2_1',1847,'none'
'jam_penny_fractional_1_1_2_1',1848,'none'
'jam_penny_fractional_1_1_2_1',1849,'none'
'jam_penny_fractional_1_1_2_1',1850,'none'
'jam_penny_fractional_1_1_2_1',1851,'none'
'jam_penny_fractional_1_1_2_1',1852,'none'
'jam_penny_fractional_1_1_2_1',1853,'none'
'jam_penny_fractional_1_1_2_1',1854,'none'
'jam_penny_fractional_1_1_2_1',1855,'none'
'jam_penny_fractional_1_1_2_1',1856,'none'
'jam_penny_fractional_1_1_2_1',1857,'none'
'jam_penny_fractional_1_1_2_1',1858,'none'
'jam_penny_fractional_1_1_2_1',1859,'none'
'jam_penny_fractional_1_1_2_1',1860,'none'
'jam_penny_fractional_1_1_2_1',1861,'none'
'jam_penny_fractional_1_1_2_1',1862,'none'
'jpn_dollar_1_1',1870,'none'
'jpn_dollar_1_1',1871,'none'
'jpn_dollar_1_1',1872,'none'
'jpn_dollar_1_1',1873,'none'
'jpn_dollar_1_1',1874,'none'
'jpn_dollar_1_1',1875,'none'
'jpn_dollar_1_1',1876,'none'
'jpn_dollar_1_1',1877,'none'
'jpn_dollar_1_1',1878,'none'
'jpn_dollar_1_1',1879,'none'
'jpn_dollar_1_1',1880,'none'
'jpn_dollar_1_1',1881,'none'
'jpn_dollar_1_1',1882,'none'
'jpn_dollar_1_1',1883,'none'
'jpn_dollar_1_1',1884,'none'
'jpn_dollar_1_1',1885,'none'
'jpn_dollar_1_1',1886,'none'
'jpn_dollar_1_1',1887,'none'
'jpn_dollar_1_1',1888,'none'
'jpn_dollar_1_1',1889,'none'
'jpn_dollar_1_1',1890,'none'
'jpn_dollar_1_1',1891,'none'
'jpn_dollar_1_1',1892,'none'
'jpn_dollar_1_1',1893,'none'
'jpn_dollar_1_1',1894,'none'
'jpn_dollar_1_1',1895,'none'
'jpn_dollar_1_1',1896,'none'
'jpn_dollar_1_1',1897,'none'
'jpn_dollar_1_1',1898,'none'
'jpn_dollar_1_1',1899,'none'
'jpn_dollar_1_1',1900,'none'
'jpn_dollar_1_1',1901,'none'
'jpn_dollar_1_1',1902,'none'
'jpn_dollar_1_1',1903,'none'
'jpn_dollar_1_1',1904,'none'
'jpn_dollar_1_1',1905,'none'
'jpn_dollar_1_1',1906,'none'
'jpn_dollar_1_1',1907,'none'
'jpn_dollar_1_1',1908,'none'
'jpn_dollar_1_1',1909,'none'
'jpn_dollar_1_1',1910,'none'
'jpn_dollar_1_1',1911,'none'
'jpn_dollar_1_1',1912,'none'
'jpn_dollar_1_1',1913,'none'
'jpn_dollar_1_1',1914,'none'
'jpn_sen_10_1',1870,'none'
'jpn_sen_10_1',1871,'none'
'jpn_sen_10_2',1873,'none'
'jpn_sen_10_2',1874,'none'
'jpn_sen_10_2',1875,'none'
'jpn_sen_10_2',1876,'none'
'jpn_sen_10_2',1877,'none'
'jpn_sen_10_2',1878,'none'
'jpn_sen_10_2',1879,'none'
'jpn_sen_10_2',1880,'none'
'jpn_sen_10_2',1881,'none'
'jpn_sen_10_2',1882,'none'
'jpn_sen_10_2',1883,'none'
'jpn_sen_10_2',1884,'none'
'jpn_sen_10_2',1885,'none'
'jpn_sen_10_2',1886,'none'
'jpn_sen_10_2',1887,'none'
'jpn_sen_10_2',1888,'none'
'jpn_sen_10_2',1889,'none'
'jpn_sen_10_2',1890,'none'
'jpn_sen_10_2',1891,'none'
'jpn_sen_10_2',1892,'none'
'jpn_sen_10_2',1893,'none'
'jpn_sen_10_2',1894,'none'
'jpn_sen_10_2',1895,'none'
'jpn_sen_10_2',1896,'none'
'jpn_sen_10_2',1897,'none'
'jpn_sen_10_2',1898,'none'
'jpn_sen_10_2',1899,'none'
'jpn_sen_10_2',1900,'none'
'jpn_sen_10_2',1901,'none'
'jpn_sen_10_2',1902,'none'
'jpn_sen_10_2',1903,'none'
'jpn_sen_10_2',1904,'none'
'jpn_sen_10_2',1905,'none'
'jpn_sen_10_2',1906,'none'
'jpn_sen_10_3',1906,'none'
'jpn_sen_10_3',1907,'none'
'jpn_sen_10_3',1908,'none'
'jpn_sen_10_3',1909,'none'
'jpn_sen_10_3',1910,'none'
'jpn_sen_10_3',1911,'none'
'jpn_sen_10_3',1912,'none'
'jpn_sen_10_3',1913,'none'
'jpn_sen_10_3',1914,'none'
'jpn_sen_10_3',1915,'none'
'jpn_sen_10_3',1916,'none'
'jpn_sen_10_3',1917,'none'
'jpn_sen_20_1',1870,'none'
'jpn_sen_20_1',1871,'none'
'jpn_sen_20_2',1873,'none'
'jpn_sen_20_2',1874,'none'
'jpn_sen_20_2',1875,'none'
'jpn_sen_20_2',1876,'none'
'jpn_sen_20_2',1877,'none'
'jpn_sen_20_2',1878,'none'
'jpn_sen_20_2',1879,'none'
'jpn_sen_20_2',1880,'none'
'jpn_sen_20_2',1881,'none'
'jpn_sen_20_2',1882,'none'
'jpn_sen_20_2',1883,'none'
'jpn_sen_20_2',1884,'none'
'jpn_sen_20_2',1885,'none'
'jpn_sen_20_2',1886,'none'
'jpn_sen_20_2',1887,'none'
'jpn_sen_20_2',1888,'none'
'jpn_sen_20_2',1889,'none'
'jpn_sen_20_2',1890,'none'
'jpn_sen_20_2',1891,'none'
'jpn_sen_20_2',1892,'none'
'jpn_sen_20_2',1893,'none'
'jpn_sen_20_2',1894,'none'
'jpn_sen_20_2',1895,'none'
'jpn_sen_20_2',1896,'none'
'jpn_sen_20_2',1897,'none'
'jpn_sen_20_2',1898,'none'
'jpn_sen_20_2',1899,'none'
'jpn_sen_20_2',1900,'none'
'jpn_sen_20_2',1901,'none'
'jpn_sen_20_2',1902,'none'
'jpn_sen_20_2',1903,'none'
'jpn_sen_20_2',1904,'none'
'jpn_sen_20_2',1905,'none'
'jpn_sen_20_2',1906,'none'
'jpn_sen_20_3',1906,'none'
'jpn_sen_20_3',1907,'none'
'jpn_sen_20_3',1908,'none'
'jpn_sen_20_3',1909,'none'
'jpn_sen_20_3',1910,'none'
'jpn_sen_20_3',1911,'none'
'jpn_sen_20_3',1912,'none'
'jpn_sen_20_3',1913,'none'
'jpn_sen_20_3',1914,'none'
'jpn_sen_20_3',1915,'none'
'jpn_sen_20_3',1916,'none'
'jpn_sen_20_3',1917,'none'
'jpn_sen_50_1',1870,'none'
'jpn_sen_50_1',1871,'none'
'jpn_sen_50_2',1873,'none'
'jpn_sen_50_2',1874,'none'
'jpn_sen_50_2',1875,'none'
'jpn_sen_50_2',1876,'none'
'jpn_sen_50_2',1877,'none'
'jpn_sen_50_2',1878,'none'
'jpn_sen_50_2',1879,'none'
'jpn_sen_50_2',1880,'none'
'jpn_sen_50_2',1881,'none'
'jpn_sen_50_2',1882,'none'
'jpn_sen_50_2',1883,'none'
'jpn_sen_50_2',1884,'none'
'jpn_sen_50_2',1885,'none'
'jpn_sen_50_2',1886,'none'
'jpn_sen_50_2',1887,'none'
'jpn_sen_50_2',1888,'none'
'jpn_sen_50_2',1889,'none'
'jpn_sen_50_2',1890,'none'
'jpn_sen_50_2',1891,'none'
'jpn_sen_50_2',1892,'none'
'jpn_sen_50_2',1893,'none'
'jpn_sen_50_2',1894,'none'
'jpn_sen_50_2',1895,'none'
'jpn_sen_50_2',1896,'none'
'jpn_sen_50_2',1897,'none'
'jpn_sen_50_2',1898,'none'
'jpn_sen_50_2',1899,'none'
'jpn_sen_50_2',1900,'none'
'jpn_sen_50_2',1901,'none'
'jpn_sen_50_2',1902,'none'
'jpn_sen_50_2',1903,'none'
'jpn_sen_50_2',1904,'none'
'jpn_sen_50_2',1905,'none'
'jpn_sen_50_2',1906,'none'
'jpn_sen_50_3',1906,'none'
'jpn_sen_50_3',1907,'none'
'jpn_sen_50_3',1908,'none'
'jpn_sen_50_3',1909,'none'
'jpn_sen_50_3',1910,'none'
'jpn_sen_50_3',1911,'none'
'jpn_sen_50_3',1912,'none'
'jpn_sen_50_3',1913,'none'
'jpn_sen_50_3',1914,'none'
'jpn_sen_50_3',1915,'none'
'jpn_sen_50_3',1916,'none'
'jpn_sen_50_3',1917,'none'
'jpn_sen_50_4',1922,'none'
'jpn_sen_50_4',1923,'none'
'jpn_sen_50_4',1924,'none'
'jpn_sen_50_4',1925,'none'
'jpn_sen_50_4',1926,'none'
'jpn_sen_50_4',1927,'none'
'jpn_sen_50_4',1928,'none'
'jpn_sen_50_4',1929,'none'
'jpn_sen_50_4',1930,'none'
'jpn_sen_50_4',1931,'none'
'jpn_sen_50_4',1932,'none'
'jpn_sen_50_4',1933,'none'
'jpn_sen_50_4',1934,'none'
'jpn_sen_50_4',1935,'none'
'jpn_sen_50_4',1936,'none'
'jpn_sen_50_4',1937,'none'
'jpn_sen_50_4',1938,'none'
'jpn_sen_5_1',1870,'none'
'jpn_sen_5_1',1871,'none'
'jpn_sen_5_2',1873,'none'
'jpn_sen_5_2',1874,'none'
'jpn_sen_5_2',1875,'none'
'jpn_sen_5_2',1876,'none'
'jpn_sen_5_2',1877,'none'
'jpn_sen_5_2',1878,'none'
'jpn_sen_5_2',1879,'none'
'jpn_sen_5_2',1880,'none'
'jpn_sen_5_2',1881,'none'
'jpn_sen_5_2',1882,'none'
'jpn_sen_5_2',1883,'none'
'jpn_sen_5_2',1884,'none'
'jpn_sen_5_2',1885,'none'
'jpn_sen_5_2',1886,'none'
'jpn_sen_5_2',1887,'none'
'jpn_sen_5_2',1888,'none'
'jpn_sen_5_2',1889,'none'
'jpn_sen_5_2',1890,'none'
'jpn_sen_5_2',1891,'none'
'jpn_sen_5_2',1892,'none'
'jpn_sen_5_2',1893,'none'
'jpn_sen_5_2',1894,'none'
'jpn_sen_5_2',1895,'none'
'jpn_sen_5_2',1896,'none'
'jpn_sen_5_2',1897,'none'
'jpn_sen_5_2',1898,'none'
'jpn_sen_5_2',1899,'none'
'jpn_sen_5_2',1900,'none'
'jpn_sen_5_2',1901,'none'
'jpn_sen_5_2',1902,'none'
'jpn_sen_5_2',1903,'none'
'jpn_sen_5_2',1904,'none'
'jpn_sen_5_2',1905,'none'
'jpn_sen_5_2',1906,'none'
'jpn_yen_1000_1',1964,'none'
'jpn_yen_100_1',1957,'none'
'jpn_yen_100_1',1958,'none'
'jpn_yen_100_1',1959,'none'
'jpn_yen_100_1',1960,'none'
'jpn_yen_100_1',1961,'none'
'jpn_yen_100_1',1962,'none'
'jpn_yen_100_1',1963,'none'
'jpn_yen_100_1',1964,'none'
'jpn_yen_10_1',1870,'none'
'jpn_yen_10_1',1871,'none'
'jpn_yen_10_1',1872,'none'
'jpn_yen_10_1',1873,'none'
'jpn_yen_10_1',1874,'none'
'jpn_yen_10_1',1875,'none'
'jpn_yen_10_1',1876,'none'
'jpn_yen_10_1',1877,'none'
'jpn_yen_10_1',1878,'none'
'jpn_yen_10_1',1879,'none'
'jpn_yen_10_1',1880,'none'
'jpn_yen_10_1',1881,'none'
'jpn_yen_10_1',1882,'none'
'jpn_yen_10_1',1883,'none'
'jpn_yen_10_1',1884,'none'
'jpn_yen_10_1',1885,'none'
'jpn_yen_10_1',1886,'none'
'jpn_yen_10_1',1887,'none'
'jpn_yen_10_1',1888,'none'
'jpn_yen_10_1',1889,'none'
'jpn_yen_10_1',1890,'none'
'jpn_yen_10_1',1891,'none'
'jpn_yen_10_1',1892,'none'
'jpn_yen_10_1',1893,'none'
'jpn_yen_10_1',1894,'none'
'jpn_yen_10_1',1895,'none'
'jpn_yen_10_1',1896,'none'
'jpn_yen_10_1',1897,'none'
'jpn_yen_10_2',1897,'none'
'jpn_yen_10_2',1898,'none'
'jpn_yen_10_2',1899,'none'
'jpn_yen_10_2',1900,'none'
'jpn_yen_10_2',1901,'none'
'jpn_yen_10_2',1902,'none'
'jpn_yen_10_2',1903,'none'
'jpn_yen_10_2',1904,'none'
'jpn_yen_10_2',1905,'none'
'jpn_yen_10_2',1906,'none'
'jpn_yen_10_2',1907,'none'
'jpn_yen_10_2',1908,'none'
'jpn_yen_10_2',1909,'none'
'jpn_yen_10_2',1910,'none'
'jpn_yen_10_2',1911,'none'
'jpn_yen_10_2',1912,'none'
'jpn_yen_10_2',1913,'none'
'jpn_yen_10_2',1914,'none'
'jpn_yen_10_2',1915,'none'
'jpn_yen_10_2',1916,'none'
'jpn_yen_10_2',1917,'none'
'jpn_yen_10_2',1918,'none'
'jpn_yen_10_2',1919,'none'
'jpn_yen_10_2',1920,'none'
'jpn_yen_10_2',1921,'none'
'jpn_yen_10_2',1922,'none'
'jpn_yen_10_2',1923,'none'
'jpn_yen_10_2',1924,'none'
'jpn_yen_10_2',1925,'none'
'jpn_yen_10_2',1926,'none'
'jpn_yen_10_2',1927,'none'
'jpn_yen_10_2',1928,'none'
'jpn_yen_10_2',1929,'none'
'jpn_yen_10_2',1930,'none'
'jpn_yen_10_2',1931,'none'
'jpn_yen_10_2',1932,'none'
'jpn_yen_1_1',1870,'none'
'jpn_yen_1_1',1871,'none'
'jpn_yen_1_1',1872,'none'
'jpn_yen_1_1',1873,'none'
'jpn_yen_1_1',1874,'none'
'jpn_yen_1_1',1875,'none'
'jpn_yen_1_1',1876,'none'
'jpn_yen_1_1',1877,'none'
'jpn_yen_1_1',1878,'none'
'jpn_yen_1_1',1879,'none'
'jpn_yen_1_1',1880,'none'
'jpn_yen_1_1',1881,'none'
'jpn_yen_1_1',1882,'none'
'jpn_yen_1_1',1883,'none'
'jpn_yen_1_1',1884,'none'
'jpn_yen_1_1',1885,'none'
'jpn_yen_1_1',1886,'none'
'jpn_yen_1_1',1887,'none'
'jpn_yen_1_1',1888,'none'
'jpn_yen_1_1',1889,'none'
'jpn_yen_1_1',1890,'none'
'jpn_yen_1_1',1891,'none'
'jpn_yen_1_1',1892,'none'
'jpn_yen_1_1',1893,'none'
'jpn_yen_1_1',1894,'none'
'jpn_yen_1_1',1895,'none'
'jpn_yen_1_1',1896,'none'
'jpn_yen_1_1',1897,'none'
'jpn_yen_1_1',1898,'none'
'jpn_yen_1_1',1899,'none'
'jpn_yen_1_1',1900,'none'
'jpn_yen_1_1',1901,'none'
'jpn_yen_1_1',1902,'none'
'jpn_yen_1_1',1903,'none'
'jpn_yen_1_1',1904,'none'
'jpn_yen_1_1',1905,'none'
'jpn_yen_1_1',1906,'none'
'jpn_yen_1_1',1907,'none'
'jpn_yen_1_1',1908,'none'
'jpn_yen_1_1',1909,'none'
'jpn_yen_1_1',1910,'none'
'jpn_yen_1_1',1911,'none'
'jpn_yen_1_1',1912,'none'
'jpn_yen_1_1',1913,'none'
'jpn_yen_1_1',1914,'none'
'jpn_yen_1_2',1870,'none'
'jpn_yen_1_2',1871,'none'
'jpn_yen_1_2',1872,'none'
'jpn_yen_1_2',1873,'none'
'jpn_yen_1_2',1874,'none'
'jpn_yen_1_2',1875,'none'
'jpn_yen_1_2',1876,'none'
'jpn_yen_1_2',1877,'none'
'jpn_yen_1_2',1878,'none'
'jpn_yen_1_2',1879,'none'
'jpn_yen_1_2',1880,'none'
'jpn_yen_1_2',1881,'none'
'jpn_yen_1_2',1882,'none'
'jpn_yen_1_2',1883,'none'
'jpn_yen_1_2',1884,'none'
'jpn_yen_1_2',1885,'none'
'jpn_yen_1_2',1886,'none'
'jpn_yen_1_2',1887,'none'
'jpn_yen_1_2',1888,'none'
'jpn_yen_1_2',1889,'none'
'jpn_yen_1_2',1890,'none'
'jpn_yen_1_2',1891,'none'
'jpn_yen_1_2',1892,'none'
'jpn_yen_1_2',1893,'none'
'jpn_yen_1_2',1894,'none'
'jpn_yen_1_2',1895,'none'
'jpn_yen_1_2',1896,'none'
'jpn_yen_1_2',1897,'none'
'jpn_yen_20_1',1870,'none'
'jpn_yen_20_1',1871,'none'
'jpn_yen_20_1',1872,'none'
'jpn_yen_20_1',1873,'none'
'jpn_yen_20_1',1874,'none'
'jpn_yen_20_1',1875,'none'
'jpn_yen_20_1',1876,'none'
'jpn_yen_20_1',1877,'none'
'jpn_yen_20_1',1878,'none'
'jpn_yen_20_1',1879,'none'
'jpn_yen_20_1',1880,'none'
'jpn_yen_20_1',1881,'none'
'jpn_yen_20_1',1882,'none'
'jpn_yen_20_1',1883,'none'
'jpn_yen_20_1',1884,'none'
'jpn_yen_20_1',1885,'none'
'jpn_yen_20_1',1886,'none'
'jpn_yen_20_1',1887,'none'
'jpn_yen_20_1',1888,'none'
'jpn_yen_20_1',1889,'none'
'jpn_yen_20_1',1890,'none'
'jpn_yen_20_1',1891,'none'
'jpn_yen_20_1',1892,'none'
'jpn_yen_20_1',1893,'none'
'jpn_yen_20_1',1894,'none'
'jpn_yen_20_1',1895,'none'
'jpn_yen_20_1',1896,'none'
'jpn_yen_20_1',1897,'none'
'jpn_yen_20_2',1897,'none'
'jpn_yen_20_2',1898,'none'
'jpn_yen_20_2',1899,'none'
'jpn_yen_20_2',1900,'none'
'jpn_yen_20_2',1901,'none'
'jpn_yen_20_2',1902,'none'
'jpn_yen_20_2',1903,'none'
'jpn_yen_20_2',1904,'none'
'jpn_yen_20_2',1905,'none'
'jpn_yen_20_2',1906,'none'
'jpn_yen_20_2',1907,'none'
'jpn_yen_20_2',1908,'none'
'jpn_yen_20_2',1909,'none'
'jpn_yen_20_2',1910,'none'
'jpn_yen_20_2',1911,'none'
'jpn_yen_20_2',1912,'none'
'jpn_yen_20_2',1913,'none'
'jpn_yen_20_2',1914,'none'
'jpn_yen_20_2',1915,'none'
'jpn_yen_20_2',1916,'none'
'jpn_yen_20_2',1917,'none'
'jpn_yen_20_2',1918,'none'
'jpn_yen_20_2',1919,'none'
'jpn_yen_20_2',1920,'none'
'jpn_yen_20_2',1921,'none'
'jpn_yen_20_2',1922,'none'
'jpn_yen_20_2',1923,'none'
'jpn_yen_20_2',1924,'none'
'jpn_yen_20_2',1925,'none'
'jpn_yen_20_2',1926,'none'
'jpn_yen_20_2',1927,'none'
'jpn_yen_20_2',1928,'none'
'jpn_yen_20_2',1929,'none'
'jpn_yen_20_2',1930,'none'
'jpn_yen_20_2',1931,'none'
'jpn_yen_20_2',1932,'none'
'jpn_yen_2_1',1870,'none'
'jpn_yen_2_1',1871,'none'
'jpn_yen_2_1',1872,'none'
'jpn_yen_2_1',1873,'none'
'jpn_yen_2_1',1874,'none'
'jpn_yen_2_1',1875,'none'
'jpn_yen_2_1',1876,'none'
'jpn_yen_2_1',1877,'none'
'jpn_yen_2_1',1878,'none'
'jpn_yen_2_1',1879,'none'
'jpn_yen_2_1',1880,'none'
'jpn_yen_2_1',1881,'none'
'jpn_yen_2_1',1882,'none'
'jpn_yen_2_1',1883,'none'
'jpn_yen_2_1',1884,'none'
'jpn_yen_2_1',1885,'none'
'jpn_yen_2_1',1886,'none'
'jpn_yen_2_1',1887,'none'
'jpn_yen_2_1',1888,'none'
'jpn_yen_2_1',1889,'none'
'jpn_yen_2_1',1890,'none'
'jpn_yen_2_1',1891,'none'
'jpn_yen_2_1',1892,'none'
'jpn_yen_2_1',1893,'none'
'jpn_yen_2_1',1894,'none'
'jpn_yen_2_1',1895,'none'
'jpn_yen_2_1',1896,'none'
'jpn_yen_2_1',1897,'none'
'jpn_yen_5_1',1870,'none'
'jpn_yen_5_1',1871,'none'
'jpn_yen_5_1',1872,'none'
'jpn_yen_5_1',1873,'none'
'jpn_yen_5_1',1874,'none'
'jpn_yen_5_1',1875,'none'
'jpn_yen_5_1',1876,'none'
'jpn_yen_5_1',1877,'none'
'jpn_yen_5_1',1878,'none'
'jpn_yen_5_1',1879,'none'
'jpn_yen_5_1',1880,'none'
'jpn_yen_5_1',1881,'none'
'jpn_yen_5_1',1882,'none'
'jpn_yen_5_1',1883,'none'
'jpn_yen_5_1',1884,'none'
'jpn_yen_5_1',1885,'none'
'jpn_yen_5_1',1886,'none'
'jpn_yen_5_1',1887,'none'
'jpn_yen_5_1',1888,'none'
'jpn_yen_5_1',1889,'none'
'jpn_yen_5_1',1890,'none'
'jpn_yen_5_1',1891,'none'
'jpn_yen_5_1',1892,'none'
'jpn_yen_5_1',1893,'none'
'jpn_yen_5_1',1894,'none'
'jpn_yen_5_1',1895,'none'
'jpn_yen_5_1',1896,'none'
'jpn_yen_5_1',1897,'none'
'jpn_yen_5_2',1897,'none'
'jpn_yen_5_2',1898,'none'
'jpn_yen_5_2',1899,'none'
'jpn_yen_5_2',1900,'none'
'jpn_yen_5_2',1901,'none'
'jpn_yen_5_2',1902,'none'
'jpn_yen_5_2',1903,'none'
'jpn_yen_5_2',1904,'none'
'jpn_yen_5_2',1905,'none'
'jpn_yen_5_2',1906,'none'
'jpn_yen_5_2',1907,'none'
'jpn_yen_5_2',1908,'none'
'jpn_yen_5_2',1909,'none'
'jpn_yen_5_2',1910,'none'
'jpn_yen_5_2',1911,'none'
'jpn_yen_5_2',1912,'none'
'jpn_yen_5_2',1913,'none'
'jpn_yen_5_2',1914,'none'
'jpn_yen_5_2',1915,'none'
'jpn_yen_5_2',1916,'none'
'jpn_yen_5_2',1917,'none'
'jpn_yen_5_2',1918,'none'
'jpn_yen_5_2',1919,'none'
'jpn_yen_5_2',1920,'none'
'jpn_yen_5_2',1921,'none'
'jpn_yen_5_2',1922,'none'
'jpn_yen_5_2',1923,'none'
'jpn_yen_5_2',1924,'none'
'jpn_yen_5_2',1925,'none'
'jpn_yen_5_2',1926,'none'
'jpn_yen_5_2',1927,'none'
'jpn_yen_5_2',1928,'none'
'jpn_yen_5_2',1929,'none'
'jpn_yen_5_2',1930,'none'
'jpn_yen_5_2',1931,'none'
'jpn_yen_5_2',1932,'none'
'khm_centime_25_1',1860,'none'
'khm_centime_50_1',1860,'none'
'khm_franc_1_1',1860,'none'
'khm_franc_2_1',1860,'none'
'khm_franc_4_1',1860,'none'
'khm_piastre_1_1',1860,'none'
'kor_chon_10_1',1901,'none'
'kor_chon_10_1',1902,'none'
'kor_chon_10_1',1903,'none'
'kor_chon_10_1',1904,'none'
'kor_chon_10_1',1905,'none'
'kor_chon_10_1',1906,'none'
'kor_chon_10_2',1907,'none'
'kor_chon_10_2',1908,'none'
'kor_chon_10_2',1909,'none'
'kor_chon_10_2',1910,'none'
'kor_chon_20_1',1901,'none'
'kor_chon_20_1',1902,'none'
'kor_chon_20_1',1903,'none'
'kor_chon_20_1',1904,'none'
'kor_chon_20_1',1905,'none'
'kor_chon_20_1',1906,'none'
'kor_chon_20_2',1907,'none'
'kor_chon_20_2',1908,'none'
'kor_chon_20_2',1909,'none'
'kor_chon_20_2',1910,'none'
'kor_whan_1_1',1892,'none'
'kor_whan_1_1',1893,'none'
'kor_whan_1_1',1894,'none'
'kor_whan_1_1',1895,'none'
'kor_whan_1_1',1896,'none'
'kor_whan_1_1',1897,'none'
'kor_whan_1_1',1898,'none'
'kor_won_10_1',1906,'none'
'kor_won_10_1',1907,'none'
'kor_won_10_1',1908,'none'
'kor_won_10_1',1909,'none'
'kor_won_10_1',1910,'none'
'kor_won_20_1',1906,'none'
'kor_won_20_1',1907,'none'
'kor_won_20_1',1908,'none'
'kor_won_20_1',1909,'none'
'kor_won_20_1',1910,'none'
'kor_won_5_1',1906,'none'
'kor_won_5_1',1907,'none'
'kor_won_5_1',1908,'none'
'kor_won_5_1',1909,'none'
'kor_won_5_1',1910,'none'
'kor_won_fractional_1_2_1',1901,'none'
'kor_won_fractional_1_2_1',1902,'none'
'kor_won_fractional_1_2_1',1903,'none'
'kor_won_fractional_1_2_1',1904,'none'
'kor_won_fractional_1_2_1',1905,'none'
'kor_won_fractional_1_2_1',1906,'none'
'kor_won_fractional_1_2_2',1907,'none'
'kor_won_fractional_1_2_2',1908,'none'
'kor_won_fractional_1_2_2',1909,'none'
'kor_won_fractional_1_2_2',1910,'none'
'kor_yang_1_1',1892,'none'
'kor_yang_1_1',1893,'none'
'kor_yang_1_1',1894,'none'
'kor_yang_1_1',1895,'none'
'kor_yang_1_1',1896,'none'
'kor_yang_1_1',1897,'none'
'kor_yang_1_1',1898,'none'
'kor_yang_5_1',1892,'none'
'kor_yang_5_1',1893,'none'
'kor_yang_5_1',1894,'none'
'kor_yang_5_1',1895,'none'
'kor_yang_5_1',1896,'none'
'kor_yang_5_1',1897,'none'
'kor_yang_5_1',1898,'none'
'kwt_dinar_5_1',1961,'none'
'lbn_piastre_10_1',1929,'none'
'lbn_piastre_25_1',1929,'none'
'lbn_piastre_25_1',1930,'none'
'lbn_piastre_25_1',1931,'none'
'lbn_piastre_25_1',1932,'none'
'lbn_piastre_25_1',1933,'none'
'lbn_piastre_25_1',1934,'none'
'lbn_piastre_25_1',1935,'none'
'lbn_piastre_25_1',1936,'none'
'lbn_piastre_50_1',1929,'none'
'lbn_piastre_50_1',1930,'none'
'lbn_piastre_50_1',1931,'none'
'lbn_piastre_50_1',1932,'none'
'lbn_piastre_50_1',1933,'none'
'lbn_piastre_50_1',1934,'none'
'lbn_piastre_50_1',1935,'none'
'lbn_piastre_50_1',1936,'none'
'lbn_piastre_50_1',1952,'none'
'lbr_cent_10_1',1896,'none'
'lbr_cent_10_1',1906,'none'
'lbr_cent_10_2',1960,'none'
'lbr_cent_10_2',1961,'none'
'lbr_cent_25_1',1896,'none'
'lbr_cent_25_1',1906,'none'
'lbr_cent_25_2',1960,'none'
'lbr_cent_25_2',1961,'none'
'lbr_cent_50_1',1896,'none'
'lbr_cent_50_1',1906,'none'
'lbr_cent_50_2',1960,'none'
'lbr_cent_50_2',1961,'none'
'lbr_dollar_1_1',1961,'none'
'lbr_dollar_1_1',1962,'none'
'lbr_dollar_20_1',1964,'none'
'lie_frank_100_1',1930,'none'
'lie_frank_100_1',1931,'none'
'lie_frank_100_1',1932,'none'
'lie_frank_100_1',1933,'none'
'lie_frank_100_1',1934,'none'
'lie_frank_100_1',1935,'none'
'lie_frank_100_1',1936,'none'
'lie_frank_100_1',1937,'none'
'lie_frank_100_1',1938,'none'
'lie_frank_100_1',1939,'none'
'lie_frank_100_1',1940,'none'
'lie_frank_100_1',1941,'none'
'lie_frank_100_1',1942,'none'
'lie_frank_100_1',1943,'none'
'lie_frank_100_1',1944,'none'
'lie_frank_100_1',1945,'none'
'lie_frank_100_1',1946,'none'
'lie_frank_100_1',1947,'none'
'lie_frank_100_1',1948,'none'
'lie_frank_100_1',1949,'none'
'lie_frank_100_1',1950,'none'
'lie_frank_100_1',1951,'none'
'lie_frank_100_1',1952,'none'
'lie_frank_100_1',1953,'none'
'lie_frank_100_1',1954,'none'
'lie_frank_100_1',1955,'none'
'lie_frank_100_1',1956,'none'
'lie_frank_100_1',1957,'none'
'lie_frank_100_1',1958,'none'
'lie_frank_100_1',1959,'none'
'lie_frank_100_1',1960,'none'
'lie_frank_100_1',1961,'none'
'lie_frank_10_1',1930,'none'
'lie_frank_10_1',1931,'none'
'lie_frank_10_1',1932,'none'
'lie_frank_10_1',1933,'none'
'lie_frank_10_1',1934,'none'
'lie_frank_10_1',1935,'none'
'lie_frank_10_1',1936,'none'
'lie_frank_10_1',1937,'none'
'lie_frank_10_1',1938,'none'
'lie_frank_10_1',1939,'none'
'lie_frank_10_1',1940,'none'
'lie_frank_10_1',1941,'none'
'lie_frank_10_1',1942,'none'
'lie_frank_10_1',1943,'none'
'lie_frank_10_1',1944,'none'
'lie_frank_10_1',1945,'none'
'lie_frank_10_1',1946,'none'
'lie_frank_10_1',1947,'none'
'lie_frank_10_1',1948,'none'
'lie_frank_10_1',1949,'none'
'lie_frank_10_1',1950,'none'
'lie_frank_10_1',1951,'none'
'lie_frank_10_1',1952,'none'
'lie_frank_10_1',1953,'none'
'lie_frank_10_1',1954,'none'
'lie_frank_10_1',1955,'none'
'lie_frank_10_1',1956,'none'
'lie_frank_10_1',1957,'none'
'lie_frank_10_1',1958,'none'
'lie_frank_10_1',1959,'none'
'lie_frank_10_1',1960,'none'
'lie_frank_10_1',1961,'none'
'lie_frank_1_1',1900,'none'
'lie_frank_1_1',1901,'none'
'lie_frank_1_1',1902,'none'
'lie_frank_1_1',1903,'none'
'lie_frank_1_1',1904,'none'
'lie_frank_1_1',1905,'none'
'lie_frank_1_1',1906,'none'
'lie_frank_1_1',1907,'none'
'lie_frank_1_1',1908,'none'
'lie_frank_1_1',1909,'none'
'lie_frank_1_1',1910,'none'
'lie_frank_1_1',1911,'none'
'lie_frank_1_1',1912,'none'
'lie_frank_1_1',1913,'none'
'lie_frank_1_1',1914,'none'
'lie_frank_1_1',1915,'none'
'lie_frank_20_1',1930,'none'
'lie_frank_20_1',1931,'none'
'lie_frank_20_1',1932,'none'
'lie_frank_20_1',1933,'none'
'lie_frank_20_1',1934,'none'
'lie_frank_20_1',1935,'none'
'lie_frank_20_1',1936,'none'
'lie_frank_20_1',1937,'none'
'lie_frank_20_1',1938,'none'
'lie_frank_20_1',1939,'none'
'lie_frank_20_1',1940,'none'
'lie_frank_20_1',1941,'none'
'lie_frank_20_1',1942,'none'
'lie_frank_20_1',1943,'none'
'lie_frank_20_1',1944,'none'
'lie_frank_20_1',1945,'none'
'lie_frank_20_1',1946,'none'
'lie_frank_20_1',1947,'none'
'lie_frank_20_1',1948,'none'
'lie_frank_20_1',1949,'none'
'lie_frank_20_1',1950,'none'
'lie_frank_20_1',1951,'none'
'lie_frank_20_1',1952,'none'
'lie_frank_20_1',1953,'none'
'lie_frank_20_1',1954,'none'
'lie_frank_20_1',1955,'none'
'lie_frank_20_1',1956,'none'
'lie_frank_20_1',1957,'none'
'lie_frank_20_1',1958,'none'
'lie_frank_20_1',1959,'none'
'lie_frank_20_1',1960,'none'
'lie_frank_20_1',1961,'none'
'lie_frank_25_1',1930,'none'
'lie_frank_25_1',1931,'none'
'lie_frank_25_1',1932,'none'
'lie_frank_25_1',1933,'none'
'lie_frank_25_1',1934,'none'
'lie_frank_25_1',1935,'none'
'lie_frank_25_1',1936,'none'
'lie_frank_25_1',1937,'none'
'lie_frank_25_1',1938,'none'
'lie_frank_25_1',1939,'none'
'lie_frank_25_1',1940,'none'
'lie_frank_25_1',1941,'none'
'lie_frank_25_1',1942,'none'
'lie_frank_25_1',1943,'none'
'lie_frank_25_1',1944,'none'
'lie_frank_25_1',1945,'none'
'lie_frank_25_1',1946,'none'
'lie_frank_25_1',1947,'none'
'lie_frank_25_1',1948,'none'
'lie_frank_25_1',1949,'none'
'lie_frank_25_1',1950,'none'
'lie_frank_25_1',1951,'none'
'lie_frank_25_1',1952,'none'
'lie_frank_25_1',1953,'none'
'lie_frank_25_1',1954,'none'
'lie_frank_25_1',1955,'none'
'lie_frank_25_1',1956,'none'
'lie_frank_25_1',1957,'none'
'lie_frank_25_1',1958,'none'
'lie_frank_25_1',1959,'none'
'lie_frank_25_1',1960,'none'
'lie_frank_25_1',1961,'none'
'lie_frank_2_1',1900,'none'
'lie_frank_2_1',1901,'none'
'lie_frank_2_1',1902,'none'
'lie_frank_2_1',1903,'none'
'lie_frank_2_1',1904,'none'
'lie_frank_2_1',1905,'none'
'lie_frank_2_1',1906,'none'
'lie_frank_2_1',1907,'none'
'lie_frank_2_1',1908,'none'
'lie_frank_2_1',1909,'none'
'lie_frank_2_1',1910,'none'
'lie_frank_2_1',1911,'none'
'lie_frank_2_1',1912,'none'
'lie_frank_2_1',1913,'none'
'lie_frank_2_1',1914,'none'
'lie_frank_2_1',1915,'none'
'lie_frank_50_1',1930,'none'
'lie_frank_50_1',1931,'none'
'lie_frank_50_1',1932,'none'
'lie_frank_50_1',1933,'none'
'lie_frank_50_1',1934,'none'
'lie_frank_50_1',1935,'none'
'lie_frank_50_1',1936,'none'
'lie_frank_50_1',1937,'none'
'lie_frank_50_1',1938,'none'
'lie_frank_50_1',1939,'none'
'lie_frank_50_1',1940,'none'
'lie_frank_50_1',1941,'none'
'lie_frank_50_1',1942,'none'
'lie_frank_50_1',1943,'none'
'lie_frank_50_1',1944,'none'
'lie_frank_50_1',1945,'none'
'lie_frank_50_1',1946,'none'
'lie_frank_50_1',1947,'none'
'lie_frank_50_1',1948,'none'
'lie_frank_50_1',1949,'none'
'lie_frank_50_1',1950,'none'
'lie_frank_50_1',1951,'none'
'lie_frank_50_1',1952,'none'
'lie_frank_50_1',1953,'none'
'lie_frank_50_1',1954,'none'
'lie_frank_50_1',1955,'none'
'lie_frank_50_1',1956,'none'
'lie_frank_50_1',1957,'none'
'lie_frank_50_1',1958,'none'
'lie_frank_50_1',1959,'none'
'lie_frank_50_1',1960,'none'
'lie_frank_50_1',1961,'none'
'lie_frank_5_1',1900,'none'
'lie_frank_5_1',1901,'none'
'lie_frank_5_1',1902,'none'
'lie_frank_5_1',1903,'none'
'lie_frank_5_1',1904,'none'
'lie_frank_5_1',1905,'none'
'lie_frank_5_1',1906,'none'
'lie_frank_5_1',1907,'none'
'lie_frank_5_1',1908,'none'
'lie_frank_5_1',1909,'none'
'lie_frank_5_1',1910,'none'
'lie_frank_5_1',1911,'none'
'lie_frank_5_1',1912,'none'
'lie_frank_5_1',1913,'none'
'lie_frank_5_1',1914,'none'
'lie_frank_5_1',1915,'none'
'lie_frank_fractional_1_2_1',1900,'none'
'lie_frank_fractional_1_2_1',1901,'none'
'lie_frank_fractional_1_2_1',1902,'none'
'lie_frank_fractional_1_2_1',1903,'none'
'lie_frank_fractional_1_2_1',1904,'none'
'lie_frank_fractional_1_2_1',1905,'none'
'lie_frank_fractional_1_2_1',1906,'none'
'lie_frank_fractional_1_2_1',1907,'none'
'lie_frank_fractional_1_2_1',1908,'none'
'lie_frank_fractional_1_2_1',1909,'none'
'lie_frank_fractional_1_2_1',1910,'none'
'lie_frank_fractional_1_2_1',1911,'none'
'lie_frank_fractional_1_2_1',1912,'none'
'lie_frank_fractional_1_2_1',1913,'none'
'lie_frank_fractional_1_2_1',1914,'none'
'lie_frank_fractional_1_2_1',1915,'none'
'lie_krone_10_1',1898,'none'
'lie_krone_10_1',1899,'none'
'lie_krone_10_1',1900,'none'
'lie_krone_1_1',1900,'none'
'lie_krone_1_1',1901,'none'
'lie_krone_1_1',1902,'none'
'lie_krone_1_1',1903,'none'
'lie_krone_1_1',1904,'none'
'lie_krone_1_1',1905,'none'
'lie_krone_1_1',1906,'none'
'lie_krone_1_1',1907,'none'
'lie_krone_1_1',1908,'none'
'lie_krone_1_1',1909,'none'
'lie_krone_1_1',1910,'none'
'lie_krone_1_1',1911,'none'
'lie_krone_1_1',1912,'none'
'lie_krone_1_1',1913,'none'
'lie_krone_1_1',1914,'none'
'lie_krone_1_1',1915,'none'
'lie_krone_20_1',1898,'none'
'lie_krone_20_1',1899,'none'
'lie_krone_20_1',1900,'none'
'lie_krone_2_1',1900,'none'
'lie_krone_2_1',1901,'none'
'lie_krone_2_1',1902,'none'
'lie_krone_2_1',1903,'none'
'lie_krone_2_1',1904,'none'
'lie_krone_2_1',1905,'none'
'lie_krone_2_1',1906,'none'
'lie_krone_2_1',1907,'none'
'lie_krone_2_1',1908,'none'
'lie_krone_2_1',1909,'none'
'lie_krone_2_1',1910,'none'
'lie_krone_2_1',1911,'none'
'lie_krone_2_1',1912,'none'
'lie_krone_2_1',1913,'none'
'lie_krone_2_1',1914,'none'
'lie_krone_2_1',1915,'none'
'lie_krone_5_1',1900,'none'
'lie_krone_5_1',1901,'none'
'lie_krone_5_1',1902,'none'
'lie_krone_5_1',1903,'none'
'lie_krone_5_1',1904,'none'
'lie_krone_5_1',1905,'none'
'lie_krone_5_1',1906,'none'
'lie_krone_5_1',1907,'none'
'lie_krone_5_1',1908,'none'
'lie_krone_5_1',1909,'none'
'lie_krone_5_1',1910,'none'
'lie_krone_5_1',1911,'none'
'lie_krone_5_1',1912,'none'
'lie_krone_5_1',1913,'none'
'lie_krone_5_1',1914,'none'
'lie_krone_5_1',1915,'none'
'lie_thaler_1_1',1862,'none'
'ltu_litas_10_1',1936,'none'
'ltu_litas_10_1',1937,'none'
'ltu_litas_10_1',1938,'none'
'ltu_litas_1_1',1925,'none'
'ltu_litas_2_1',1925,'none'
'ltu_litas_5_1',1925,'none'
'ltu_litas_5_2',1936,'none'
'ltu_litas_5_2',1937,'none'
'ltu_litas_5_2',1938,'none'
'lux_franc_100_1',1946,'none'
'lux_franc_100_2',1963,'none'
'lux_franc_10_1',1929,'none'
'lux_franc_20_1',1946,'none'
'lux_franc_50_1',1946,'none'
'lux_franc_5_1',1929,'none'
'lva_lats_1_1',1924,'none'
'lva_lats_2_1',1925,'none'
'lva_lats_2_1',1926,'none'
'lva_lats_5_1',1929,'none'
'lva_lats_5_1',1930,'none'
'lva_lats_5_1',1931,'none'
'lva_lats_5_1',1932,'none'
'mac_pataca_1_1',1952,'none'
'mac_pataca_5_1',1952,'none'
'mar_dirham_10_1',1882,'none'
'mar_dirham_10_1',1883,'none'
'mar_dirham_10_1',1884,'none'
'mar_dirham_10_1',1885,'none'
'mar_dirham_10_1',1886,'none'
'mar_dirham_10_1',1887,'none'
'mar_dirham_10_1',1888,'none'
'mar_dirham_10_1',1889,'none'
'mar_dirham_10_1',1890,'none'
'mar_dirham_10_1',1891,'none'
'mar_dirham_10_1',1892,'none'
'mar_dirham_10_1',1893,'none'
'mar_dirham_10_1',1894,'none'
'mar_dirham_10_1',1895,'none'
'mar_dirham_10_1',1896,'none'
'mar_dirham_10_1',1897,'none'
'mar_dirham_10_1',1898,'none'
'mar_dirham_10_1',1899,'none'
'mar_dirham_10_1',1900,'none'
'mar_dirham_10_1',1901,'none'
'mar_dirham_1_1',1882,'none'
'mar_dirham_1_1',1883,'none'
'mar_dirham_1_1',1884,'none'
'mar_dirham_1_1',1885,'none'
'mar_dirham_1_1',1886,'none'
'mar_dirham_1_1',1887,'none'
'mar_dirham_1_1',1888,'none'
'mar_dirham_1_1',1889,'none'
'mar_dirham_1_1',1890,'none'
'mar_dirham_1_1',1891,'none'
'mar_dirham_1_1',1892,'none'
'mar_dirham_1_1',1893,'none'
'mar_dirham_1_1',1894,'none'
'mar_dirham_1_1',1895,'none'
'mar_dirham_1_1',1896,'none'
'mar_dirham_1_1',1897,'none'
'mar_dirham_1_1',1898,'none'
'mar_dirham_1_1',1899,'none'
'mar_dirham_1_1',1900,'none'
'mar_dirham_1_1',1901,'none'
'mar_dirham_1_2',1960,'none'
'mar_dirham_5_1',1882,'none'
'mar_dirham_5_1',1883,'none'
'mar_dirham_5_1',1884,'none'
'mar_dirham_5_1',1885,'none'
'mar_dirham_5_1',1886,'none'
'mar_dirham_5_1',1887,'none'
'mar_dirham_5_1',1888,'none'
'mar_dirham_5_1',1889,'none'
'mar_dirham_5_1',1890,'none'
'mar_dirham_5_1',1891,'none'
'mar_dirham_5_1',1892,'none'
'mar_dirham_5_1',1893,'none'
'mar_dirham_5_1',1894,'none'
'mar_dirham_5_1',1895,'none'
'mar_dirham_5_1',1896,'none'
'mar_dirham_5_1',1897,'none'
'mar_dirham_5_1',1898,'none'
'mar_dirham_5_1',1899,'none'
'mar_dirham_5_1',1900,'none'
'mar_dirham_5_1',1901,'none'
'mar_dirham_fractional_1_2_1',1882,'none'
'mar_dirham_fractional_1_2_1',1883,'none'
'mar_dirham_fractional_1_2_1',1884,'none'
'mar_dirham_fractional_1_2_1',1885,'none'
'mar_dirham_fractional_1_2_1',1886,'none'
'mar_dirham_fractional_1_2_1',1887,'none'
'mar_dirham_fractional_1_2_1',1888,'none'
'mar_dirham_fractional_1_2_1',1889,'none'
'mar_dirham_fractional_1_2_1',1890,'none'
'mar_dirham_fractional_1_2_1',1891,'none'
'mar_dirham_fractional_1_2_1',1892,'none'
'mar_dirham_fractional_1_2_1',1893,'none'
'mar_dirham_fractional_1_2_1',1894,'none'
'mar_dirham_fractional_1_2_1',1895,'none'
'mar_dirham_fractional_1_2_1',1896,'none'
'mar_dirham_fractional_1_2_1',1897,'none'
'mar_dirham_fractional_1_2_1',1898,'none'
'mar_dirham_fractional_1_2_1',1899,'none'
'mar_dirham_fractional_1_2_1',1900,'none'
'mar_dirham_fractional_1_2_1',1901,'none'
'mar_dirham_fractional_2_1_2_1',1882,'none'
'mar_dirham_fractional_2_1_2_1',1883,'none'
'mar_dirham_fractional_2_1_2_1',1884,'none'
'mar_dirham_fractional_2_1_2_1',1885,'none'
'mar_dirham_fractional_2_1_2_1',1886,'none'
'mar_dirham_fractional_2_1_2_1',1887,'none'
'mar_dirham_fractional_2_1_2_1',1888,'none'
'mar_dirham_fractional_2_1_2_1',1889,'none'
'mar_dirham_fractional_2_1_2_1',1890,'none'
'mar_dirham_fractional_2_1_2_1',1891,'none'
'mar_dirham_fractional_2_1_2_1',1892,'none'
'mar_dirham_fractional_2_1_2_1',1893,'none'
'mar_dirham_fractional_2_1_2_1',1894,'none'
'mar_dirham_fractional_2_1_2_1',1895,'none'
'mar_dirham_fractional_2_1_2_1',1896,'none'
'mar_dirham_fractional_2_1_2_1',1897,'none'
'mar_dirham_fractional_2_1_2_1',1898,'none'
'mar_dirham_fractional_2_1_2_1',1899,'none'
'mar_dirham_fractional_2_1_2_1',1900,'none'
'mar_dirham_fractional_2_1_2_1',1901,'none'
'mar_franc_100_1',1953,'none'
'mar_franc_10_1',1929,'none'
'mar_franc_10_1',1930,'none'
'mar_franc_10_1',1931,'none'
'mar_franc_10_1',1932,'none'
'mar_franc_10_1',1933,'none'
'mar_franc_10_1',1934,'none'
'mar_franc_200_1',1953,'none'
'mar_franc_20_1',1929,'none'
'mar_franc_20_1',1930,'none'
'mar_franc_20_1',1931,'none'
'mar_franc_20_1',1932,'none'
'mar_franc_20_1',1933,'none'
'mar_franc_20_1',1934,'none'
'mar_franc_500_1',1956,'none'
'mar_franc_5_1',1929,'none'
'mar_franc_5_1',1930,'none'
'mar_franc_5_1',1931,'none'
'mar_franc_5_1',1932,'none'
'mar_franc_5_1',1933,'none'
'mar_franc_5_1',1934,'none'
'mar_rial_1_1',1902,'none'
'mar_rial_1_1',1903,'none'
'mar_rial_1_1',1904,'none'
'mar_rial_1_1',1905,'none'
'mar_rial_1_1',1906,'none'
'mar_rial_1_1',1907,'none'
'mar_rial_1_1',1908,'none'
'mar_rial_1_1',1909,'none'
'mar_rial_1_1',1910,'none'
'mar_rial_1_1',1911,'none'
'mar_rial_1_1',1912,'none'
'mar_rial_1_1',1913,'none'
'mar_rial_1_1',1914,'none'
'mar_rial_1_1',1915,'none'
'mar_rial_1_1',1916,'none'
'mar_rial_1_1',1917,'none'
'mar_rial_1_1',1918,'none'
'mar_rial_fractional_1_10_1',1902,'none'
'mar_rial_fractional_1_10_1',1903,'none'
'mar_rial_fractional_1_10_1',1904,'none'
'mar_rial_fractional_1_10_1',1905,'none'
'mar_rial_fractional_1_10_1',1906,'none'
'mar_rial_fractional_1_10_1',1907,'none'
'mar_rial_fractional_1_10_1',1908,'none'
'mar_rial_fractional_1_10_1',1909,'none'
'mar_rial_fractional_1_10_1',1910,'none'
'mar_rial_fractional_1_10_1',1911,'none'
'mar_rial_fractional_1_10_1',1912,'none'
'mar_rial_fractional_1_10_1',1913,'none'
'mar_rial_fractional_1_10_1',1914,'none'
'mar_rial_fractional_1_10_1',1915,'none'
'mar_rial_fractional_1_10_1',1916,'none'
'mar_rial_fractional_1_10_1',1917,'none'
'mar_rial_fractional_1_10_1',1918,'none'
'mar_rial_fractional_1_20_1',1902,'none'
'mar_rial_fractional_1_20_1',1903,'none'
'mar_rial_fractional_1_20_1',1904,'none'
'mar_rial_fractional_1_20_1',1905,'none'
'mar_rial_fractional_1_20_1',1906,'none'
'mar_rial_fractional_1_20_1',1907,'none'
'mar_rial_fractional_1_20_1',1908,'none'
'mar_rial_fractional_1_20_1',1909,'none'
'mar_rial_fractional_1_20_1',1910,'none'
'mar_rial_fractional_1_20_1',1911,'none'
'mar_rial_fractional_1_20_1',1912,'none'
'mar_rial_fractional_1_20_1',1913,'none'
'mar_rial_fractional_1_20_1',1914,'none'
'mar_rial_fractional_1_20_1',1915,'none'
'mar_rial_fractional_1_20_1',1916,'none'
'mar_rial_fractional_1_20_1',1917,'none'
'mar_rial_fractional_1_20_1',1918,'none'
'mar_rial_fractional_1_2_1',1902,'none'
'mar_rial_fractional_1_2_1',1903,'none'
'mar_rial_fractional_1_2_1',1904,'none'
'mar_rial_fractional_1_2_1',1905,'none'
'mar_rial_fractional_1_2_1',1906,'none'
'mar_rial_fractional_1_2_1',1907,'none'
'mar_rial_fractional_1_2_1',1908,'none'
'mar_rial_fractional_1_2_1',1909,'none'
'mar_rial_fractional_1_2_1',1910,'none'
'mar_rial_fractional_1_2_1',1911,'none'
'mar_rial_fractional_1_2_1',1912,'none'
'mar_rial_fractional_1_2_1',1913,'none'
'mar_rial_fractional_1_2_1',1914,'none'
'mar_rial_fractional_1_2_1',1915,'none'
'mar_rial_fractional_1_2_1',1916,'none'
'mar_rial_fractional_1_2_1',1917,'none'
'mar_rial_fractional_1_2_1',1918,'none'
'mar_rial_fractional_1_4_1',1902,'none'
'mar_rial_fractional_1_4_1',1903,'none'
'mar_rial_fractional_1_4_1',1904,'none'
'mar_rial_fractional_1_4_1',1905,'none'
'mar_rial_fractional_1_4_1',1906,'none'
'mar_rial_fractional_1_4_1',1907,'none'
'mar_rial_fractional_1_4_1',1908,'none'
'mar_rial_fractional_1_4_1',1909,'none'
'mar_rial_fractional_1_4_1',1910,'none'
'mar_rial_fractional_1_4_1',1911,'none'
'mar_rial_fractional_1_4_1',1912,'none'
'mar_rial_fractional_1_4_1',1913,'none'
'mar_rial_fractional_1_4_1',1914,'none'
'mar_rial_fractional_1_4_1',1915,'none'
'mar_rial_fractional_1_4_1',1916,'none'
'mar_rial_fractional_1_4_1',1917,'none'
'mar_rial_fractional_1_4_1',1918,'none'
'mex_centavo_10_1',1863,'none'
'mex_centavo_10_1',1864,'none'
'mex_centavo_10_1',1865,'none'
'mex_centavo_10_1',1866,'none'
'mex_centavo_10_1',1867,'none'
'mex_centavo_10_1',1868,'none'
'mex_centavo_10_1',1869,'none'
'mex_centavo_10_1',1870,'none'
'mex_centavo_10_1',1871,'none'
'mex_centavo_10_1',1872,'none'
'mex_centavo_10_1',1873,'none'
'mex_centavo_10_1',1874,'none'
'mex_centavo_10_1',1875,'none'
'mex_centavo_10_1',1876,'none'
'mex_centavo_10_1',1877,'none'
'mex_centavo_10_1',1878,'none'
'mex_centavo_10_1',1879,'none'
'mex_centavo_10_1',1880,'none'
'mex_centavo_10_1',1881,'none'
'mex_centavo_10_1',1882,'none'
'mex_centavo_10_1',1883,'none'
'mex_centavo_10_1',1884,'none'
'mex_centavo_10_1',1885,'none'
'mex_centavo_10_1',1886,'none'
'mex_centavo_10_1',1887,'none'
'mex_centavo_10_1',1888,'none'
'mex_centavo_10_1',1889,'none'
'mex_centavo_10_1',1890,'none'
'mex_centavo_10_1',1891,'none'
'mex_centavo_10_1',1892,'none'
'mex_centavo_10_1',1893,'none'
'mex_centavo_10_1',1894,'none'
'mex_centavo_10_1',1895,'none'
'mex_centavo_10_1',1896,'none'
'mex_centavo_10_1',1897,'none'
'mex_centavo_10_1',1898,'none'
'mex_centavo_10_1',1899,'none'
'mex_centavo_10_1',1900,'none'
'mex_centavo_10_1',1901,'none'
'mex_centavo_10_1',1902,'none'
'mex_centavo_10_1',1903,'none'
'mex_centavo_10_1',1904,'none'
'mex_centavo_10_1',1905,'none'
'mex_centavo_10_2',1905,'none'
'mex_centavo_10_2',1906,'none'
'mex_centavo_10_2',1907,'none'
'mex_centavo_10_2',1908,'none'
'mex_centavo_10_2',1909,'none'
'mex_centavo_10_2',1910,'none'
'mex_centavo_10_2',1911,'none'
'mex_centavo_10_2',1912,'none'
'mex_centavo_10_2',1913,'none'
'mex_centavo_10_2',1914,'none'
'mex_centavo_10_2',1915,'none'
'mex_centavo_10_2',1916,'none'
'mex_centavo_10_2',1917,'none'
'mex_centavo_10_2',1918,'none'
'mex_centavo_10_3',1918,'none'
'mex_centavo_10_3',1919,'none'
'mex_centavo_10_4',1919,'none'
'mex_centavo_10_4',1920,'none'
'mex_centavo_10_4',1921,'none'
'mex_centavo_10_4',1922,'none'
'mex_centavo_10_4',1923,'none'
'mex_centavo_10_4',1924,'none'
'mex_centavo_10_4',1925,'none'
'mex_centavo_10_4',1926,'none'
'mex_centavo_10_4',1927,'none'
'mex_centavo_10_4',1928,'none'
'mex_centavo_10_4',1929,'none'
'mex_centavo_10_4',1930,'none'
'mex_centavo_10_4',1931,'none'
'mex_centavo_10_4',1932,'none'
'mex_centavo_10_4',1933,'none'
'mex_centavo_10_4',1934,'none'
'mex_centavo_10_4',1935,'none'
'mex_centavo_10_4',1936,'none'
'mex_centavo_10_4',1937,'none'
'mex_centavo_10_4',1938,'none'
'mex_centavo_10_4',1939,'none'
'mex_centavo_10_4',1940,'none'
'mex_centavo_10_4',1941,'none'
'mex_centavo_10_4',1942,'none'
'mex_centavo_10_4',1943,'none'
'mex_centavo_10_4',1944,'none'
'mex_centavo_10_4',1945,'none'
'mex_centavo_20_1',1863,'none'
'mex_centavo_20_1',1864,'none'
'mex_centavo_20_1',1865,'none'
'mex_centavo_20_1',1866,'none'
'mex_centavo_20_1',1867,'none'
'mex_centavo_20_1',1868,'none'
'mex_centavo_20_1',1869,'none'
'mex_centavo_20_1',1870,'none'
'mex_centavo_20_1',1871,'none'
'mex_centavo_20_1',1872,'none'
'mex_centavo_20_1',1873,'none'
'mex_centavo_20_1',1874,'none'
'mex_centavo_20_1',1875,'none'
'mex_centavo_20_1',1876,'none'
'mex_centavo_20_1',1877,'none'
'mex_centavo_20_1',1878,'none'
'mex_centavo_20_1',1879,'none'
'mex_centavo_20_1',1880,'none'
'mex_centavo_20_1',1881,'none'
'mex_centavo_20_1',1882,'none'
'mex_centavo_20_1',1883,'none'
'mex_centavo_20_1',1884,'none'
'mex_centavo_20_1',1885,'none'
'mex_centavo_20_1',1886,'none'
'mex_centavo_20_1',1887,'none'
'mex_centavo_20_1',1888,'none'
'mex_centavo_20_1',1889,'none'
'mex_centavo_20_1',1890,'none'
'mex_centavo_20_1',1891,'none'
'mex_centavo_20_1',1892,'none'
'mex_centavo_20_1',1893,'none'
'mex_centavo_20_1',1894,'none'
'mex_centavo_20_1',1895,'none'
'mex_centavo_20_1',1896,'none'
'mex_centavo_20_1',1897,'none'
'mex_centavo_20_1',1898,'none'
'mex_centavo_20_1',1899,'none'
'mex_centavo_20_1',1900,'none'
'mex_centavo_20_1',1901,'none'
'mex_centavo_20_1',1902,'none'
'mex_centavo_20_1',1903,'none'
'mex_centavo_20_1',1904,'none'
'mex_centavo_20_1',1905,'none'
'mex_centavo_20_2',1905,'none'
'mex_centavo_20_2',1906,'none'
'mex_centavo_20_2',1907,'none'
'mex_centavo_20_2',1908,'none'
'mex_centavo_20_2',1909,'none'
'mex_centavo_20_2',1910,'none'
'mex_centavo_20_2',1911,'none'
'mex_centavo_20_2',1912,'none'
'mex_centavo_20_2',1913,'none'
'mex_centavo_20_2',1914,'none'
'mex_centavo_20_2',1915,'none'
'mex_centavo_20_2',1916,'none'
'mex_centavo_20_2',1917,'none'
'mex_centavo_20_2',1918,'none'
'mex_centavo_20_3',1918,'none'
'mex_centavo_20_3',1919,'none'
'mex_centavo_20_4',1919,'none'
'mex_centavo_20_4',1920,'none'
'mex_centavo_20_4',1921,'none'
'mex_centavo_20_4',1922,'none'
'mex_centavo_20_4',1923,'none'
'mex_centavo_20_4',1924,'none'
'mex_centavo_20_4',1925,'none'
'mex_centavo_20_4',1926,'none'
'mex_centavo_20_4',1927,'none'
'mex_centavo_20_4',1928,'none'
'mex_centavo_20_4',1929,'none'
'mex_centavo_20_4',1930,'none'
'mex_centavo_20_4',1931,'none'
'mex_centavo_20_4',1932,'none'
'mex_centavo_20_4',1933,'none'
'mex_centavo_20_4',1934,'none'
'mex_centavo_20_4',1935,'none'
'mex_centavo_20_4',1936,'none'
'mex_centavo_20_4',1937,'none'
'mex_centavo_20_4',1938,'none'
'mex_centavo_20_4',1939,'none'
'mex_centavo_20_4',1940,'none'
'mex_centavo_20_4',1941,'none'
'mex_centavo_20_4',1942,'none'
'mex_centavo_20_4',1943,'none'
'mex_centavo_20_4',1944,'none'
'mex_centavo_20_4',1945,'none'
'mex_centavo_50_1',1905,'none'
'mex_centavo_50_1',1906,'none'
'mex_centavo_50_1',1907,'none'
'mex_centavo_50_1',1908,'none'
'mex_centavo_50_1',1909,'none'
'mex_centavo_50_1',1910,'none'
'mex_centavo_50_1',1911,'none'
'mex_centavo_50_1',1912,'none'
'mex_centavo_50_1',1913,'none'
'mex_centavo_50_1',1914,'none'
'mex_centavo_50_1',1915,'none'
'mex_centavo_50_1',1916,'none'
'mex_centavo_50_1',1917,'none'
'mex_centavo_50_1',1918,'none'
'mex_centavo_50_2',1918,'none'
'mex_centavo_50_2',1919,'none'
'mex_centavo_50_3',1919,'none'
'mex_centavo_50_3',1920,'none'
'mex_centavo_50_3',1921,'none'
'mex_centavo_50_3',1922,'none'
'mex_centavo_50_3',1923,'none'
'mex_centavo_50_3',1924,'none'
'mex_centavo_50_3',1925,'none'
'mex_centavo_50_3',1926,'none'
'mex_centavo_50_3',1927,'none'
'mex_centavo_50_3',1928,'none'
'mex_centavo_50_3',1929,'none'
'mex_centavo_50_3',1930,'none'
'mex_centavo_50_3',1931,'none'
'mex_centavo_50_3',1932,'none'
'mex_centavo_50_3',1933,'none'
'mex_centavo_50_3',1934,'none'
'mex_centavo_50_3',1935,'none'
'mex_centavo_50_3',1936,'none'
'mex_centavo_50_3',1937,'none'
'mex_centavo_50_3',1938,'none'
'mex_centavo_50_3',1939,'none'
'mex_centavo_50_3',1940,'none'
'mex_centavo_50_3',1941,'none'
'mex_centavo_50_3',1942,'none'
'mex_centavo_50_3',1943,'none'
'mex_centavo_50_3',1944,'none'
'mex_centavo_50_3',1945,'none'
'mex_centavo_50_4',1935,'none'
'mex_centavo_5_1',1863,'none'
'mex_centavo_5_1',1864,'none'
'mex_centavo_5_1',1865,'none'
'mex_centavo_5_1',1866,'none'
'mex_centavo_5_1',1867,'none'
'mex_centavo_5_1',1868,'none'
'mex_centavo_5_1',1869,'none'
'mex_centavo_5_1',1870,'none'
'mex_centavo_5_1',1871,'none'
'mex_centavo_5_1',1872,'none'
'mex_centavo_5_1',1873,'none'
'mex_centavo_5_1',1874,'none'
'mex_centavo_5_1',1875,'none'
'mex_centavo_5_1',1876,'none'
'mex_centavo_5_1',1877,'none'
'mex_centavo_5_1',1878,'none'
'mex_centavo_5_1',1879,'none'
'mex_centavo_5_1',1880,'none'
'mex_centavo_5_1',1881,'none'
'mex_centavo_5_1',1882,'none'
'mex_centavo_5_1',1883,'none'
'mex_centavo_5_1',1884,'none'
'mex_centavo_5_1',1885,'none'
'mex_centavo_5_1',1886,'none'
'mex_centavo_5_1',1887,'none'
'mex_centavo_5_1',1888,'none'
'mex_centavo_5_1',1889,'none'
'mex_centavo_5_1',1890,'none'
'mex_centavo_5_1',1891,'none'
'mex_centavo_5_1',1892,'none'
'mex_centavo_5_1',1893,'none'
'mex_centavo_5_1',1894,'none'
'mex_centavo_5_1',1895,'none'
'mex_centavo_5_1',1896,'none'
'mex_centavo_5_1',1897,'none'
'mex_centavo_5_1',1898,'none'
'mex_centavo_5_1',1899,'none'
'mex_centavo_5_1',1900,'none'
'mex_centavo_5_1',1901,'none'
'mex_centavo_5_1',1902,'none'
'mex_centavo_5_1',1903,'none'
'mex_centavo_5_1',1904,'none'
'mex_centavo_5_1',1905,'none'
'mex_escudo_1_1',1825,'none'
'mex_escudo_1_1',1826,'none'
'mex_escudo_1_1',1827,'none'
'mex_escudo_1_1',1828,'none'
'mex_escudo_1_1',1829,'none'
'mex_escudo_1_1',1830,'none'
'mex_escudo_1_1',1831,'none'
'mex_escudo_1_1',1832,'none'
'mex_escudo_1_1',1833,'none'
'mex_escudo_1_1',1834,'none'
'mex_escudo_1_1',1835,'none'
'mex_escudo_1_1',1836,'none'
'mex_escudo_1_1',1837,'none'
'mex_escudo_1_1',1838,'none'
'mex_escudo_1_1',1839,'none'
'mex_escudo_1_1',1840,'none'
'mex_escudo_1_1',1841,'none'
'mex_escudo_1_1',1842,'none'
'mex_escudo_1_1',1843,'none'
'mex_escudo_1_1',1844,'none'
'mex_escudo_1_1',1845,'none'
'mex_escudo_1_1',1846,'none'
'mex_escudo_1_1',1847,'none'
'mex_escudo_1_1',1848,'none'
'mex_escudo_1_1',1849,'none'
'mex_escudo_1_1',1850,'none'
'mex_escudo_1_1',1851,'none'
'mex_escudo_1_1',1852,'none'
'mex_escudo_1_1',1853,'none'
'mex_escudo_1_1',1854,'none'
'mex_escudo_1_1',1855,'none'
'mex_escudo_1_1',1856,'none'
'mex_escudo_1_1',1857,'none'
'mex_escudo_1_1',1858,'none'
'mex_escudo_1_1',1859,'none'
'mex_escudo_1_1',1860,'none'
'mex_escudo_1_1',1861,'none'
'mex_escudo_1_1',1862,'none'
'mex_escudo_1_1',1863,'none'
'mex_escudo_1_1',1864,'none'
'mex_escudo_1_1',1865,'none'
'mex_escudo_1_1',1866,'none'
'mex_escudo_1_1',1867,'none'
'mex_escudo_1_1',1868,'none'
'mex_escudo_1_1',1869,'none'
'mex_escudo_1_1',1870,'none'
'mex_escudo_1_1',1871,'none'
'mex_escudo_1_1',1872,'none'
'mex_escudo_1_1',1873,'none'
'mex_escudo_2_1',1825,'none'
'mex_escudo_2_1',1826,'none'
'mex_escudo_2_1',1827,'none'
'mex_escudo_2_1',1828,'none'
'mex_escudo_2_1',1829,'none'
'mex_escudo_2_1',1830,'none'
'mex_escudo_2_1',1831,'none'
'mex_escudo_2_1',1832,'none'
'mex_escudo_2_1',1833,'none'
'mex_escudo_2_1',1834,'none'
'mex_escudo_2_1',1835,'none'
'mex_escudo_2_1',1836,'none'
'mex_escudo_2_1',1837,'none'
'mex_escudo_2_1',1838,'none'
'mex_escudo_2_1',1839,'none'
'mex_escudo_2_1',1840,'none'
'mex_escudo_2_1',1841,'none'
'mex_escudo_2_1',1842,'none'
'mex_escudo_2_1',1843,'none'
'mex_escudo_2_1',1844,'none'
'mex_escudo_2_1',1845,'none'
'mex_escudo_2_1',1846,'none'
'mex_escudo_2_1',1847,'none'
'mex_escudo_2_1',1848,'none'
'mex_escudo_2_1',1849,'none'
'mex_escudo_2_1',1850,'none'
'mex_escudo_2_1',1851,'none'
'mex_escudo_2_1',1852,'none'
'mex_escudo_2_1',1853,'none'
'mex_escudo_2_1',1854,'none'
'mex_escudo_2_1',1855,'none'
'mex_escudo_2_1',1856,'none'
'mex_escudo_2_1',1857,'none'
'mex_escudo_2_1',1858,'none'
'mex_escudo_2_1',1859,'none'
'mex_escudo_2_1',1860,'none'
'mex_escudo_2_1',1861,'none'
'mex_escudo_2_1',1862,'none'
'mex_escudo_2_1',1863,'none'
'mex_escudo_2_1',1864,'none'
'mex_escudo_2_1',1865,'none'
'mex_escudo_2_1',1866,'none'
'mex_escudo_2_1',1867,'none'
'mex_escudo_2_1',1868,'none'
'mex_escudo_2_1',1869,'none'
'mex_escudo_2_1',1870,'none'
'mex_escudo_2_1',1871,'none'
'mex_escudo_2_1',1872,'none'
'mex_escudo_2_1',1873,'none'
'mex_escudo_4_1',1825,'none'
'mex_escudo_4_1',1826,'none'
'mex_escudo_4_1',1827,'none'
'mex_escudo_4_1',1828,'none'
'mex_escudo_4_1',1829,'none'
'mex_escudo_4_1',1830,'none'
'mex_escudo_4_1',1831,'none'
'mex_escudo_4_1',1832,'none'
'mex_escudo_4_1',1833,'none'
'mex_escudo_4_1',1834,'none'
'mex_escudo_4_1',1835,'none'
'mex_escudo_4_1',1836,'none'
'mex_escudo_4_1',1837,'none'
'mex_escudo_4_1',1838,'none'
'mex_escudo_4_1',1839,'none'
'mex_escudo_4_1',1840,'none'
'mex_escudo_4_1',1841,'none'
'mex_escudo_4_1',1842,'none'
'mex_escudo_4_1',1843,'none'
'mex_escudo_4_1',1844,'none'
'mex_escudo_4_1',1845,'none'
'mex_escudo_4_1',1846,'none'
'mex_escudo_4_1',1847,'none'
'mex_escudo_4_1',1848,'none'
'mex_escudo_4_1',1849,'none'
'mex_escudo_4_1',1850,'none'
'mex_escudo_4_1',1851,'none'
'mex_escudo_4_1',1852,'none'
'mex_escudo_4_1',1853,'none'
'mex_escudo_4_1',1854,'none'
'mex_escudo_4_1',1855,'none'
'mex_escudo_4_1',1856,'none'
'mex_escudo_4_1',1857,'none'
'mex_escudo_4_1',1858,'none'
'mex_escudo_4_1',1859,'none'
'mex_escudo_4_1',1860,'none'
'mex_escudo_4_1',1861,'none'
'mex_escudo_4_1',1862,'none'
'mex_escudo_4_1',1863,'none'
'mex_escudo_4_1',1864,'none'
'mex_escudo_4_1',1865,'none'
'mex_escudo_4_1',1866,'none'
'mex_escudo_4_1',1867,'none'
'mex_escudo_4_1',1868,'none'
'mex_escudo_4_1',1869,'none'
'mex_escudo_4_1',1870,'none'
'mex_escudo_4_1',1871,'none'
'mex_escudo_4_1',1872,'none'
'mex_escudo_4_1',1873,'none'
'mex_escudo_8_1',1825,'none'
'mex_escudo_8_1',1826,'none'
'mex_escudo_8_1',1827,'none'
'mex_escudo_8_1',1828,'none'
'mex_escudo_8_1',1829,'none'
'mex_escudo_8_1',1830,'none'
'mex_escudo_8_1',1831,'none'
'mex_escudo_8_1',1832,'none'
'mex_escudo_8_1',1833,'none'
'mex_escudo_8_1',1834,'none'
'mex_escudo_8_1',1835,'none'
'mex_escudo_8_1',1836,'none'
'mex_escudo_8_1',1837,'none'
'mex_escudo_8_1',1838,'none'
'mex_escudo_8_1',1839,'none'
'mex_escudo_8_1',1840,'none'
'mex_escudo_8_1',1841,'none'
'mex_escudo_8_1',1842,'none'
'mex_escudo_8_1',1843,'none'
'mex_escudo_8_1',1844,'none'
'mex_escudo_8_1',1845,'none'
'mex_escudo_8_1',1846,'none'
'mex_escudo_8_1',1847,'none'
'mex_escudo_8_1',1848,'none'
'mex_escudo_8_1',1849,'none'
'mex_escudo_8_1',1850,'none'
'mex_escudo_8_1',1851,'none'
'mex_escudo_8_1',1852,'none'
'mex_escudo_8_1',1853,'none'
'mex_escudo_8_1',1854,'none'
'mex_escudo_8_1',1855,'none'
'mex_escudo_8_1',1856,'none'
'mex_escudo_8_1',1857,'none'
'mex_escudo_8_1',1858,'none'
'mex_escudo_8_1',1859,'none'
'mex_escudo_8_1',1860,'none'
'mex_escudo_8_1',1861,'none'
'mex_escudo_8_1',1862,'none'
'mex_escudo_8_1',1863,'none'
'mex_escudo_8_1',1864,'none'
'mex_escudo_8_1',1865,'none'
'mex_escudo_8_1',1866,'none'
'mex_escudo_8_1',1867,'none'
'mex_escudo_8_1',1868,'none'
'mex_escudo_8_1',1869,'none'
'mex_escudo_8_1',1870,'none'
'mex_escudo_8_1',1871,'none'
'mex_escudo_8_1',1872,'none'
'mex_escudo_8_1',1873,'none'
'mex_escudo_fractional_1_2_1',1825,'none'
'mex_escudo_fractional_1_2_1',1826,'none'
'mex_escudo_fractional_1_2_1',1827,'none'
'mex_escudo_fractional_1_2_1',1828,'none'
'mex_escudo_fractional_1_2_1',1829,'none'
'mex_escudo_fractional_1_2_1',1830,'none'
'mex_escudo_fractional_1_2_1',1831,'none'
'mex_escudo_fractional_1_2_1',1832,'none'
'mex_escudo_fractional_1_2_1',1833,'none'
'mex_escudo_fractional_1_2_1',1834,'none'
'mex_escudo_fractional_1_2_1',1835,'none'
'mex_escudo_fractional_1_2_1',1836,'none'
'mex_escudo_fractional_1_2_1',1837,'none'
'mex_escudo_fractional_1_2_1',1838,'none'
'mex_escudo_fractional_1_2_1',1839,'none'
'mex_escudo_fractional_1_2_1',1840,'none'
'mex_escudo_fractional_1_2_1',1841,'none'
'mex_escudo_fractional_1_2_1',1842,'none'
'mex_escudo_fractional_1_2_1',1843,'none'
'mex_escudo_fractional_1_2_1',1844,'none'
'mex_escudo_fractional_1_2_1',1845,'none'
'mex_escudo_fractional_1_2_1',1846,'none'
'mex_escudo_fractional_1_2_1',1847,'none'
'mex_escudo_fractional_1_2_1',1848,'none'
'mex_escudo_fractional_1_2_1',1849,'none'
'mex_escudo_fractional_1_2_1',1850,'none'
'mex_escudo_fractional_1_2_1',1851,'none'
'mex_escudo_fractional_1_2_1',1852,'none'
'mex_escudo_fractional_1_2_1',1853,'none'
'mex_escudo_fractional_1_2_1',1854,'none'
'mex_escudo_fractional_1_2_1',1855,'none'
'mex_escudo_fractional_1_2_1',1856,'none'
'mex_escudo_fractional_1_2_1',1857,'none'
'mex_escudo_fractional_1_2_1',1858,'none'
'mex_escudo_fractional_1_2_1',1859,'none'
'mex_escudo_fractional_1_2_1',1860,'none'
'mex_escudo_fractional_1_2_1',1861,'none'
'mex_escudo_fractional_1_2_1',1862,'none'
'mex_escudo_fractional_1_2_1',1863,'none'
'mex_escudo_fractional_1_2_1',1864,'none'
'mex_escudo_fractional_1_2_1',1865,'none'
'mex_escudo_fractional_1_2_1',1866,'none'
'mex_escudo_fractional_1_2_1',1867,'none'
'mex_escudo_fractional_1_2_1',1868,'none'
'mex_escudo_fractional_1_2_1',1869,'none'
'mex_escudo_fractional_1_2_1',1870,'none'
'mex_escudo_fractional_1_2_1',1871,'none'
'mex_escudo_fractional_1_2_1',1872,'none'
'mex_escudo_fractional_1_2_1',1873,'none'
'mex_peso_10_1',1955,'none'
'mex_peso_10_1',1956,'none'
'mex_peso_10_1',1957,'none'
'mex_peso_10_1',1958,'none'
'mex_peso_10_1',1959,'none'
'mex_peso_10_1',1960,'none'
'mex_peso_10_2',1870,'none'
'mex_peso_10_2',1871,'none'
'mex_peso_10_2',1872,'none'
'mex_peso_10_2',1873,'none'
'mex_peso_10_2',1874,'none'
'mex_peso_10_2',1875,'none'
'mex_peso_10_2',1876,'none'
'mex_peso_10_2',1877,'none'
'mex_peso_10_2',1878,'none'
'mex_peso_10_2',1879,'none'
'mex_peso_10_2',1880,'none'
'mex_peso_10_2',1881,'none'
'mex_peso_10_2',1882,'none'
'mex_peso_10_2',1883,'none'
'mex_peso_10_2',1884,'none'
'mex_peso_10_2',1885,'none'
'mex_peso_10_2',1886,'none'
'mex_peso_10_2',1887,'none'
'mex_peso_10_2',1888,'none'
'mex_peso_10_2',1889,'none'
'mex_peso_10_2',1890,'none'
'mex_peso_10_2',1891,'none'
'mex_peso_10_2',1892,'none'
'mex_peso_10_2',1893,'none'
'mex_peso_10_2',1894,'none'
'mex_peso_10_2',1895,'none'
'mex_peso_10_2',1896,'none'
'mex_peso_10_2',1897,'none'
'mex_peso_10_2',1898,'none'
'mex_peso_10_2',1899,'none'
'mex_peso_10_2',1900,'none'
'mex_peso_10_2',1901,'none'
'mex_peso_10_2',1902,'none'
'mex_peso_10_2',1903,'none'
'mex_peso_10_2',1904,'none'
'mex_peso_10_2',1905,'none'
'mex_peso_10_3',1905,'none'
'mex_peso_10_3',1906,'none'
'mex_peso_10_3',1907,'none'
'mex_peso_10_3',1908,'none'
'mex_peso_10_3',1909,'none'
'mex_peso_10_3',1910,'none'
'mex_peso_10_3',1911,'none'
'mex_peso_10_3',1912,'none'
'mex_peso_10_3',1913,'none'
'mex_peso_10_3',1914,'none'
'mex_peso_10_3',1915,'none'
'mex_peso_10_3',1916,'none'
'mex_peso_10_3',1917,'none'
'mex_peso_10_3',1918,'none'
'mex_peso_10_3',1919,'none'
'mex_peso_10_3',1920,'none'
'mex_peso_10_3',1921,'none'
'mex_peso_10_3',1922,'none'
'mex_peso_10_3',1923,'none'
'mex_peso_10_3',1924,'none'
'mex_peso_10_3',1925,'none'
'mex_peso_10_3',1926,'none'
'mex_peso_10_3',1927,'none'
'mex_peso_10_3',1928,'none'
'mex_peso_10_3',1929,'none'
'mex_peso_10_3',1930,'none'
'mex_peso_10_3',1931,'none'
'mex_peso_10_3',1932,'none'
'mex_peso_10_3',1933,'none'
'mex_peso_10_3',1934,'none'
'mex_peso_10_3',1935,'none'
'mex_peso_10_3',1936,'none'
'mex_peso_10_3',1937,'none'
'mex_peso_10_3',1938,'none'
'mex_peso_10_3',1939,'none'
'mex_peso_10_3',1940,'none'
'mex_peso_10_3',1941,'none'
'mex_peso_10_3',1942,'none'
'mex_peso_10_3',1943,'none'
'mex_peso_10_3',1944,'none'
'mex_peso_10_3',1945,'none'
'mex_peso_10_3',1946,'none'
'mex_peso_10_3',1947,'none'
'mex_peso_10_3',1948,'none'
'mex_peso_10_3',1949,'none'
'mex_peso_10_3',1950,'none'
'mex_peso_10_3',1951,'none'
'mex_peso_10_3',1952,'none'
'mex_peso_10_3',1953,'none'
'mex_peso_10_3',1954,'none'
'mex_peso_10_3',1955,'none'
'mex_peso_10_3',1956,'none'
'mex_peso_10_3',1957,'none'
'mex_peso_10_3',1958,'none'
'mex_peso_10_3',1959,'none'
'mex_peso_1_1',1918,'none'
'mex_peso_1_1',1919,'none'
'mex_peso_1_2',1920,'none'
'mex_peso_1_2',1921,'none'
'mex_peso_1_2',1922,'none'
'mex_peso_1_2',1923,'none'
'mex_peso_1_2',1924,'none'
'mex_peso_1_2',1925,'none'
'mex_peso_1_2',1926,'none'
'mex_peso_1_2',1927,'none'
'mex_peso_1_2',1932,'none'
'mex_peso_1_2',1933,'none'
'mex_peso_1_2',1934,'none'
'mex_peso_1_2',1935,'none'
'mex_peso_1_2',1938,'none'
'mex_peso_1_2',1940,'none'
'mex_peso_1_2',1943,'none'
'mex_peso_1_2',1944,'none'
'mex_peso_1_2',1945,'none'
'mex_peso_1_3',1947,'none'
'mex_peso_1_3',1948,'none'
'mex_peso_1_3',1949,'none'
'mex_peso_1_4',1957,'none'
'mex_peso_1_4',1958,'none'
'mex_peso_1_4',1959,'none'
'mex_peso_1_4',1960,'none'
'mex_peso_1_4',1961,'none'
'mex_peso_1_4',1962,'none'
'mex_peso_1_4',1963,'none'
'mex_peso_1_4',1964,'none'
'mex_peso_1_4',1965,'none'
'mex_peso_1_4',1966,'none'
'mex_peso_1_4',1967,'none'
'mex_peso_1_5',1870,'none'
'mex_peso_1_5',1871,'none'
'mex_peso_1_5',1872,'none'
'mex_peso_1_5',1873,'none'
'mex_peso_1_5',1874,'none'
'mex_peso_1_5',1875,'none'
'mex_peso_1_5',1876,'none'
'mex_peso_1_5',1877,'none'
'mex_peso_1_5',1878,'none'
'mex_peso_1_5',1879,'none'
'mex_peso_1_5',1880,'none'
'mex_peso_1_5',1881,'none'
'mex_peso_1_5',1882,'none'
'mex_peso_1_5',1883,'none'
'mex_peso_1_5',1884,'none'
'mex_peso_1_5',1885,'none'
'mex_peso_1_5',1886,'none'
'mex_peso_1_5',1887,'none'
'mex_peso_1_5',1888,'none'
'mex_peso_1_5',1889,'none'
'mex_peso_1_5',1890,'none'
'mex_peso_1_5',1891,'none'
'mex_peso_1_5',1892,'none'
'mex_peso_1_5',1893,'none'
'mex_peso_1_5',1894,'none'
'mex_peso_1_5',1895,'none'
'mex_peso_1_5',1896,'none'
'mex_peso_1_5',1897,'none'
'mex_peso_1_5',1898,'none'
'mex_peso_1_5',1899,'none'
'mex_peso_1_5',1900,'none'
'mex_peso_1_5',1901,'none'
'mex_peso_1_5',1902,'none'
'mex_peso_1_5',1903,'none'
'mex_peso_1_5',1904,'none'
'mex_peso_1_5',1905,'none'
'mex_peso_20_1',1870,'none'
'mex_peso_20_1',1871,'none'
'mex_peso_20_1',1872,'none'
'mex_peso_20_1',1873,'none'
'mex_peso_20_1',1874,'none'
'mex_peso_20_1',1875,'none'
'mex_peso_20_1',1876,'none'
'mex_peso_20_1',1877,'none'
'mex_peso_20_1',1878,'none'
'mex_peso_20_1',1879,'none'
'mex_peso_20_1',1880,'none'
'mex_peso_20_1',1881,'none'
'mex_peso_20_1',1882,'none'
'mex_peso_20_1',1883,'none'
'mex_peso_20_1',1884,'none'
'mex_peso_20_1',1885,'none'
'mex_peso_20_1',1886,'none'
'mex_peso_20_1',1887,'none'
'mex_peso_20_1',1888,'none'
'mex_peso_20_1',1889,'none'
'mex_peso_20_1',1890,'none'
'mex_peso_20_1',1891,'none'
'mex_peso_20_1',1892,'none'
'mex_peso_20_1',1893,'none'
'mex_peso_20_1',1894,'none'
'mex_peso_20_1',1895,'none'
'mex_peso_20_1',1896,'none'
'mex_peso_20_1',1897,'none'
'mex_peso_20_1',1898,'none'
'mex_peso_20_1',1899,'none'
'mex_peso_20_1',1900,'none'
'mex_peso_20_1',1901,'none'
'mex_peso_20_1',1902,'none'
'mex_peso_20_1',1903,'none'
'mex_peso_20_1',1904,'none'
'mex_peso_20_1',1905,'none'
'mex_peso_20_2',1905,'none'
'mex_peso_20_2',1906,'none'
'mex_peso_20_2',1907,'none'
'mex_peso_20_2',1908,'none'
'mex_peso_20_2',1909,'none'
'mex_peso_20_2',1910,'none'
'mex_peso_20_2',1911,'none'
'mex_peso_20_2',1912,'none'
'mex_peso_20_2',1913,'none'
'mex_peso_20_2',1914,'none'
'mex_peso_20_2',1915,'none'
'mex_peso_20_2',1916,'none'
'mex_peso_20_2',1917,'none'
'mex_peso_20_2',1918,'none'
'mex_peso_20_2',1919,'none'
'mex_peso_20_2',1920,'none'
'mex_peso_20_2',1921,'none'
'mex_peso_20_2',1922,'none'
'mex_peso_20_2',1923,'none'
'mex_peso_20_2',1924,'none'
'mex_peso_20_2',1925,'none'
'mex_peso_20_2',1926,'none'
'mex_peso_20_2',1927,'none'
'mex_peso_20_2',1928,'none'
'mex_peso_20_2',1929,'none'
'mex_peso_20_2',1930,'none'
'mex_peso_20_2',1931,'none'
'mex_peso_20_2',1932,'none'
'mex_peso_20_2',1933,'none'
'mex_peso_20_2',1934,'none'
'mex_peso_20_2',1935,'none'
'mex_peso_20_2',1936,'none'
'mex_peso_20_2',1937,'none'
'mex_peso_20_2',1938,'none'
'mex_peso_20_2',1939,'none'
'mex_peso_20_2',1940,'none'
'mex_peso_20_2',1941,'none'
'mex_peso_20_2',1942,'none'
'mex_peso_20_2',1943,'none'
'mex_peso_20_2',1944,'none'
'mex_peso_20_2',1945,'none'
'mex_peso_20_2',1946,'none'
'mex_peso_20_2',1947,'none'
'mex_peso_20_2',1948,'none'
'mex_peso_20_2',1949,'none'
'mex_peso_20_2',1950,'none'
'mex_peso_20_2',1951,'none'
'mex_peso_20_2',1952,'none'
'mex_peso_20_2',1953,'none'
'mex_peso_20_2',1954,'none'
'mex_peso_20_2',1955,'none'
'mex_peso_20_2',1956,'none'
'mex_peso_20_2',1957,'none'
'mex_peso_20_2',1958,'none'
'mex_peso_20_2',1959,'none'
'mex_peso_2_1',1919,'none'
'mex_peso_2_1',1920,'none'
'mex_peso_2_1',1921,'none'
'mex_peso_2_1',1922,'none'
'mex_peso_2_1',1923,'none'
'mex_peso_2_1',1924,'none'
'mex_peso_2_1',1925,'none'
'mex_peso_2_1',1926,'none'
'mex_peso_2_1',1927,'none'
'mex_peso_2_1',1928,'none'
'mex_peso_2_1',1929,'none'
'mex_peso_2_1',1930,'none'
'mex_peso_2_1',1931,'none'
'mex_peso_2_1',1932,'none'
'mex_peso_2_1',1933,'none'
'mex_peso_2_1',1934,'none'
'mex_peso_2_1',1935,'none'
'mex_peso_2_1',1936,'none'
'mex_peso_2_1',1937,'none'
'mex_peso_2_1',1938,'none'
'mex_peso_2_1',1939,'none'
'mex_peso_2_1',1940,'none'
'mex_peso_2_1',1941,'none'
'mex_peso_2_1',1942,'none'
'mex_peso_2_1',1943,'none'
'mex_peso_2_1',1944,'none'
'mex_peso_2_1',1945,'none'
'mex_peso_2_2',1905,'none'
'mex_peso_2_2',1906,'none'
'mex_peso_2_2',1907,'none'
'mex_peso_2_2',1908,'none'
'mex_peso_2_2',1909,'none'
'mex_peso_2_2',1910,'none'
'mex_peso_2_2',1911,'none'
'mex_peso_2_2',1912,'none'
'mex_peso_2_2',1913,'none'
'mex_peso_2_2',1914,'none'
'mex_peso_2_2',1915,'none'
'mex_peso_2_2',1916,'none'
'mex_peso_2_2',1917,'none'
'mex_peso_2_2',1918,'none'
'mex_peso_2_2',1919,'none'
'mex_peso_2_2',1920,'none'
'mex_peso_2_2',1921,'none'
'mex_peso_2_2',1922,'none'
'mex_peso_2_2',1923,'none'
'mex_peso_2_2',1924,'none'
'mex_peso_2_2',1925,'none'
'mex_peso_2_2',1926,'none'
'mex_peso_2_2',1927,'none'
'mex_peso_2_2',1928,'none'
'mex_peso_2_2',1929,'none'
'mex_peso_2_2',1930,'none'
'mex_peso_2_2',1931,'none'
'mex_peso_2_2',1932,'none'
'mex_peso_2_2',1933,'none'
'mex_peso_2_2',1934,'none'
'mex_peso_2_2',1935,'none'
'mex_peso_2_2',1936,'none'
'mex_peso_2_2',1937,'none'
'mex_peso_2_2',1938,'none'
'mex_peso_2_2',1939,'none'
'mex_peso_2_2',1940,'none'
'mex_peso_2_2',1941,'none'
'mex_peso_2_2',1942,'none'
'mex_peso_2_2',1943,'none'
'mex_peso_2_2',1944,'none'
'mex_peso_2_2',1945,'none'
'mex_peso_2_2',1946,'none'
'mex_peso_2_2',1947,'none'
'mex_peso_2_2',1948,'none'
'mex_peso_2_2',1949,'none'
'mex_peso_2_2',1950,'none'
'mex_peso_2_2',1951,'none'
'mex_peso_2_2',1952,'none'
'mex_peso_2_2',1953,'none'
'mex_peso_2_2',1954,'none'
'mex_peso_2_2',1955,'none'
'mex_peso_2_2',1956,'none'
'mex_peso_2_2',1957,'none'
'mex_peso_2_2',1958,'none'
'mex_peso_2_2',1959,'none'
'mex_peso_50_1',1905,'none'
'mex_peso_50_1',1906,'none'
'mex_peso_50_1',1907,'none'
'mex_peso_50_1',1908,'none'
'mex_peso_50_1',1909,'none'
'mex_peso_50_1',1910,'none'
'mex_peso_50_1',1911,'none'
'mex_peso_50_1',1912,'none'
'mex_peso_50_1',1913,'none'
'mex_peso_50_1',1914,'none'
'mex_peso_50_1',1915,'none'
'mex_peso_50_1',1916,'none'
'mex_peso_50_1',1917,'none'
'mex_peso_50_1',1918,'none'
'mex_peso_50_1',1919,'none'
'mex_peso_50_1',1920,'none'
'mex_peso_50_1',1921,'none'
'mex_peso_50_1',1922,'none'
'mex_peso_50_1',1923,'none'
'mex_peso_50_1',1924,'none'
'mex_peso_50_1',1925,'none'
'mex_peso_50_1',1926,'none'
'mex_peso_50_1',1927,'none'
'mex_peso_50_1',1928,'none'
'mex_peso_50_1',1929,'none'
'mex_peso_50_1',1930,'none'
'mex_peso_50_1',1931,'none'
'mex_peso_50_1',1932,'none'
'mex_peso_50_1',1933,'none'
'mex_peso_50_1',1934,'none'
'mex_peso_50_1',1935,'none'
'mex_peso_50_1',1936,'none'
'mex_peso_50_1',1937,'none'
'mex_peso_50_1',1938,'none'
'mex_peso_50_1',1939,'none'
'mex_peso_50_1',1940,'none'
'mex_peso_50_1',1941,'none'
'mex_peso_50_1',1942,'none'
'mex_peso_50_1',1943,'none'
'mex_peso_50_1',1944,'none'
'mex_peso_50_1',1945,'none'
'mex_peso_50_1',1946,'none'
'mex_peso_50_1',1947,'none'
'mex_peso_50_1',1948,'none'
'mex_peso_50_1',1949,'none'
'mex_peso_50_1',1950,'none'
'mex_peso_50_1',1951,'none'
'mex_peso_50_1',1952,'none'
'mex_peso_50_1',1953,'none'
'mex_peso_50_1',1954,'none'
'mex_peso_50_1',1955,'none'
'mex_peso_50_1',1956,'none'
'mex_peso_50_1',1957,'none'
'mex_peso_50_1',1958,'none'
'mex_peso_50_1',1959,'none'
'mex_peso_5_1',1947,'none'
'mex_peso_5_1',1948,'none'
'mex_peso_5_1',1949,'none'
'mex_peso_5_2',1950,'none'
'mex_peso_5_2',1951,'none'
'mex_peso_5_2',1952,'none'
'mex_peso_5_2',1953,'none'
'mex_peso_5_2',1954,'none'
'mex_peso_5_3',1955,'none'
'mex_peso_5_3',1956,'none'
'mex_peso_5_3',1957,'none'
'mex_peso_5_3',1958,'none'
'mex_peso_5_3',1959,'none'
'mex_peso_5_4',1870,'none'
'mex_peso_5_4',1871,'none'
'mex_peso_5_4',1872,'none'
'mex_peso_5_4',1873,'none'
'mex_peso_5_4',1874,'none'
'mex_peso_5_4',1875,'none'
'mex_peso_5_4',1876,'none'
'mex_peso_5_4',1877,'none'
'mex_peso_5_4',1878,'none'
'mex_peso_5_4',1879,'none'
'mex_peso_5_4',1880,'none'
'mex_peso_5_4',1881,'none'
'mex_peso_5_4',1882,'none'
'mex_peso_5_4',1883,'none'
'mex_peso_5_4',1884,'none'
'mex_peso_5_4',1885,'none'
'mex_peso_5_4',1886,'none'
'mex_peso_5_4',1887,'none'
'mex_peso_5_4',1888,'none'
'mex_peso_5_4',1889,'none'
'mex_peso_5_4',1890,'none'
'mex_peso_5_4',1891,'none'
'mex_peso_5_4',1892,'none'
'mex_peso_5_4',1893,'none'
'mex_peso_5_4',1894,'none'
'mex_peso_5_4',1895,'none'
'mex_peso_5_4',1896,'none'
'mex_peso_5_4',1897,'none'
'mex_peso_5_4',1898,'none'
'mex_peso_5_4',1899,'none'
'mex_peso_5_4',1900,'none'
'mex_peso_5_4',1901,'none'
'mex_peso_5_4',1902,'none'
'mex_peso_5_4',1903,'none'
'mex_peso_5_4',1904,'none'
'mex_peso_5_4',1905,'none'
'mex_peso_5_5',1905,'none'
'mex_peso_5_5',1906,'none'
'mex_peso_5_5',1907,'none'
'mex_peso_5_5',1908,'none'
'mex_peso_5_5',1909,'none'
'mex_peso_5_5',1910,'none'
'mex_peso_5_5',1911,'none'
'mex_peso_5_5',1912,'none'
'mex_peso_5_5',1913,'none'
'mex_peso_5_5',1914,'none'
'mex_peso_5_5',1915,'none'
'mex_peso_5_5',1916,'none'
'mex_peso_5_5',1917,'none'
'mex_peso_5_5',1918,'none'
'mex_peso_5_5',1919,'none'
'mex_peso_5_5',1920,'none'
'mex_peso_5_5',1921,'none'
'mex_peso_5_5',1922,'none'
'mex_peso_5_5',1923,'none'
'mex_peso_5_5',1924,'none'
'mex_peso_5_5',1925,'none'
'mex_peso_5_5',1926,'none'
'mex_peso_5_5',1927,'none'
'mex_peso_5_5',1928,'none'
'mex_peso_5_5',1929,'none'
'mex_peso_5_5',1930,'none'
'mex_peso_5_5',1931,'none'
'mex_peso_5_5',1932,'none'
'mex_peso_5_5',1933,'none'
'mex_peso_5_5',1934,'none'
'mex_peso_5_5',1935,'none'
'mex_peso_5_5',1936,'none'
'mex_peso_5_5',1937,'none'
'mex_peso_5_5',1938,'none'
'mex_peso_5_5',1939,'none'
'mex_peso_5_5',1940,'none'
'mex_peso_5_5',1941,'none'
'mex_peso_5_5',1942,'none'
'mex_peso_5_5',1943,'none'
'mex_peso_5_5',1944,'none'
'mex_peso_5_5',1945,'none'
'mex_peso_5_5',1946,'none'
'mex_peso_5_5',1947,'none'
'mex_peso_5_5',1948,'none'
'mex_peso_5_5',1949,'none'
'mex_peso_5_5',1950,'none'
'mex_peso_5_5',1951,'none'
'mex_peso_5_5',1952,'none'
'mex_peso_5_5',1953,'none'
'mex_peso_5_5',1954,'none'
'mex_peso_5_5',1955,'none'
'mex_peso_5_5',1956,'none'
'mex_peso_5_5',1957,'none'
'mex_peso_5_5',1958,'none'
'mex_peso_5_5',1959,'none'
'mex_peso_fractional_2_1_2_1',1870,'none'
'mex_peso_fractional_2_1_2_1',1871,'none'
'mex_peso_fractional_2_1_2_1',1872,'none'
'mex_peso_fractional_2_1_2_1',1873,'none'
'mex_peso_fractional_2_1_2_1',1874,'none'
'mex_peso_fractional_2_1_2_1',1875,'none'
'mex_peso_fractional_2_1_2_1',1876,'none'
'mex_peso_fractional_2_1_2_1',1877,'none'
'mex_peso_fractional_2_1_2_1',1878,'none'
'mex_peso_fractional_2_1_2_1',1879,'none'
'mex_peso_fractional_2_1_2_1',1880,'none'
'mex_peso_fractional_2_1_2_1',1881,'none'
'mex_peso_fractional_2_1_2_1',1882,'none'
'mex_peso_fractional_2_1_2_1',1883,'none'
'mex_peso_fractional_2_1_2_1',1884,'none'
'mex_peso_fractional_2_1_2_1',1885,'none'
'mex_peso_fractional_2_1_2_1',1886,'none'
'mex_peso_fractional_2_1_2_1',1887,'none'
'mex_peso_fractional_2_1_2_1',1888,'none'
'mex_peso_fractional_2_1_2_1',1889,'none'
'mex_peso_fractional_2_1_2_1',1890,'none'
'mex_peso_fractional_2_1_2_1',1891,'none'
'mex_peso_fractional_2_1_2_1',1892,'none'
'mex_peso_fractional_2_1_2_1',1893,'none'
'mex_peso_fractional_2_1_2_1',1894,'none'
'mex_peso_fractional_2_1_2_1',1895,'none'
'mex_peso_fractional_2_1_2_1',1896,'none'
'mex_peso_fractional_2_1_2_1',1897,'none'
'mex_peso_fractional_2_1_2_1',1898,'none'
'mex_peso_fractional_2_1_2_1',1899,'none'
'mex_peso_fractional_2_1_2_1',1900,'none'
'mex_peso_fractional_2_1_2_1',1901,'none'
'mex_peso_fractional_2_1_2_1',1902,'none'
'mex_peso_fractional_2_1_2_1',1903,'none'
'mex_peso_fractional_2_1_2_1',1904,'none'
'mex_peso_fractional_2_1_2_1',1905,'none'
'mex_peso_fractional_2_1_2_2',1905,'none'
'mex_peso_fractional_2_1_2_2',1906,'none'
'mex_peso_fractional_2_1_2_2',1907,'none'
'mex_peso_fractional_2_1_2_2',1908,'none'
'mex_peso_fractional_2_1_2_2',1909,'none'
'mex_peso_fractional_2_1_2_2',1910,'none'
'mex_peso_fractional_2_1_2_2',1911,'none'
'mex_peso_fractional_2_1_2_2',1912,'none'
'mex_peso_fractional_2_1_2_2',1913,'none'
'mex_peso_fractional_2_1_2_2',1914,'none'
'mex_peso_fractional_2_1_2_2',1915,'none'
'mex_peso_fractional_2_1_2_2',1916,'none'
'mex_peso_fractional_2_1_2_2',1917,'none'
'mex_peso_fractional_2_1_2_2',1918,'none'
'mex_peso_fractional_2_1_2_2',1919,'none'
'mex_peso_fractional_2_1_2_2',1920,'none'
'mex_peso_fractional_2_1_2_2',1921,'none'
'mex_peso_fractional_2_1_2_2',1922,'none'
'mex_peso_fractional_2_1_2_2',1923,'none'
'mex_peso_fractional_2_1_2_2',1924,'none'
'mex_peso_fractional_2_1_2_2',1925,'none'
'mex_peso_fractional_2_1_2_2',1926,'none'
'mex_peso_fractional_2_1_2_2',1927,'none'
'mex_peso_fractional_2_1_2_2',1928,'none'
'mex_peso_fractional_2_1_2_2',1929,'none'
'mex_peso_fractional_2_1_2_2',1930,'none'
'mex_peso_fractional_2_1_2_2',1931,'none'
'mex_peso_fractional_2_1_2_2',1932,'none'
'mex_peso_fractional_2_1_2_2',1933,'none'
'mex_peso_fractional_2_1_2_2',1934,'none'
'mex_peso_fractional_2_1_2_2',1935,'none'
'mex_peso_fractional_2_1_2_2',1936,'none'
'mex_peso_fractional_2_1_2_2',1937,'none'
'mex_peso_fractional_2_1_2_2',1938,'none'
'mex_peso_fractional_2_1_2_2',1939,'none'
'mex_peso_fractional_2_1_2_2',1940,'none'
'mex_peso_fractional_2_1_2_2',1941,'none'
'mex_peso_fractional_2_1_2_2',1942,'none'
'mex_peso_fractional_2_1_2_2',1943,'none'
'mex_peso_fractional_2_1_2_2',1944,'none'
'mex_peso_fractional_2_1_2_2',1945,'none'
'mex_peso_fractional_2_1_2_2',1946,'none'
'mex_peso_fractional_2_1_2_2',1947,'none'
'mex_peso_fractional_2_1_2_2',1948,'none'
'mex_peso_fractional_2_1_2_2',1949,'none'
'mex_peso_fractional_2_1_2_2',1950,'none'
'mex_peso_fractional_2_1_2_2',1951,'none'
'mex_peso_fractional_2_1_2_2',1952,'none'
'mex_peso_fractional_2_1_2_2',1953,'none'
'mex_peso_fractional_2_1_2_2',1954,'none'
'mex_peso_fractional_2_1_2_2',1955,'none'
'mex_peso_fractional_2_1_2_2',1956,'none'
'mex_peso_fractional_2_1_2_2',1957,'none'
'mex_peso_fractional_2_1_2_2',1958,'none'
'mex_peso_fractional_2_1_2_2',1959,'none'
'mex_real_1_1',1822,'none'
'mex_real_1_1',1823,'none'
'mex_real_1_1',1824,'none'
'mex_real_1_1',1825,'none'
'mex_real_1_1',1826,'none'
'mex_real_1_1',1827,'none'
'mex_real_1_1',1828,'none'
'mex_real_1_1',1829,'none'
'mex_real_1_1',1830,'none'
'mex_real_1_1',1831,'none'
'mex_real_1_1',1832,'none'
'mex_real_1_1',1833,'none'
'mex_real_1_1',1834,'none'
'mex_real_1_1',1835,'none'
'mex_real_1_1',1836,'none'
'mex_real_1_1',1837,'none'
'mex_real_1_1',1838,'none'
'mex_real_1_1',1839,'none'
'mex_real_1_1',1840,'none'
'mex_real_1_1',1841,'none'
'mex_real_1_1',1842,'none'
'mex_real_1_1',1843,'none'
'mex_real_1_1',1844,'none'
'mex_real_1_1',1845,'none'
'mex_real_1_1',1846,'none'
'mex_real_1_1',1847,'none'
'mex_real_1_1',1848,'none'
'mex_real_1_1',1849,'none'
'mex_real_1_1',1850,'none'
'mex_real_1_1',1851,'none'
'mex_real_1_1',1852,'none'
'mex_real_1_1',1853,'none'
'mex_real_1_1',1854,'none'
'mex_real_1_1',1855,'none'
'mex_real_1_1',1856,'none'
'mex_real_1_1',1857,'none'
'mex_real_1_1',1858,'none'
'mex_real_1_1',1859,'none'
'mex_real_1_1',1860,'none'
'mex_real_1_1',1861,'none'
'mex_real_1_1',1862,'none'
'mex_real_1_1',1863,'none'
'mex_real_1_1',1864,'none'
'mex_real_1_1',1865,'none'
'mex_real_1_1',1866,'none'
'mex_real_1_1',1867,'none'
'mex_real_1_1',1868,'none'
'mex_real_1_1',1869,'none'
'mex_real_2_1',1822,'none'
'mex_real_2_1',1823,'none'
'mex_real_2_1',1824,'none'
'mex_real_2_1',1825,'none'
'mex_real_2_1',1826,'none'
'mex_real_2_1',1827,'none'
'mex_real_2_1',1828,'none'
'mex_real_2_1',1829,'none'
'mex_real_2_1',1830,'none'
'mex_real_2_1',1831,'none'
'mex_real_2_1',1832,'none'
'mex_real_2_1',1833,'none'
'mex_real_2_1',1834,'none'
'mex_real_2_1',1835,'none'
'mex_real_2_1',1836,'none'
'mex_real_2_1',1837,'none'
'mex_real_2_1',1838,'none'
'mex_real_2_1',1839,'none'
'mex_real_2_1',1840,'none'
'mex_real_2_1',1841,'none'
'mex_real_2_1',1842,'none'
'mex_real_2_1',1843,'none'
'mex_real_2_1',1844,'none'
'mex_real_2_1',1845,'none'
'mex_real_2_1',1846,'none'
'mex_real_2_1',1847,'none'
'mex_real_2_1',1848,'none'
'mex_real_2_1',1849,'none'
'mex_real_2_1',1850,'none'
'mex_real_2_1',1851,'none'
'mex_real_2_1',1852,'none'
'mex_real_2_1',1853,'none'
'mex_real_2_1',1854,'none'
'mex_real_2_1',1855,'none'
'mex_real_2_1',1856,'none'
'mex_real_2_1',1857,'none'
'mex_real_2_1',1858,'none'
'mex_real_2_1',1859,'none'
'mex_real_2_1',1860,'none'
'mex_real_2_1',1861,'none'
'mex_real_2_1',1862,'none'
'mex_real_2_1',1863,'none'
'mex_real_2_1',1864,'none'
'mex_real_2_1',1865,'none'
'mex_real_2_1',1866,'none'
'mex_real_2_1',1867,'none'
'mex_real_2_1',1868,'none'
'mex_real_2_1',1869,'none'
'mex_real_2_1',1870,'none'
'mex_real_2_1',1871,'none'
'mex_real_2_1',1872,'none'
'mex_real_2_1',1873,'none'
'mex_real_2_1',1874,'none'
'mex_real_2_1',1875,'none'
'mex_real_2_1',1876,'none'
'mex_real_2_1',1877,'none'
'mex_real_2_1',1878,'none'
'mex_real_2_1',1879,'none'
'mex_real_2_1',1880,'none'
'mex_real_2_1',1881,'none'
'mex_real_2_1',1882,'none'
'mex_real_2_1',1883,'none'
'mex_real_2_1',1884,'none'
'mex_real_2_1',1885,'none'
'mex_real_2_1',1886,'none'
'mex_real_2_1',1887,'none'
'mex_real_2_1',1888,'none'
'mex_real_2_1',1889,'none'
'mex_real_2_1',1890,'none'
'mex_real_2_1',1891,'none'
'mex_real_2_1',1892,'none'
'mex_real_2_1',1893,'none'
'mex_real_2_1',1894,'none'
'mex_real_2_1',1895,'none'
'mex_real_2_1',1896,'none'
'mex_real_2_1',1897,'none'
'mex_real_2_1',1898,'none'
'mex_real_2_1',1899,'none'
'mex_real_2_1',1900,'none'
'mex_real_2_1',1901,'none'
'mex_real_2_1',1902,'none'
'mex_real_2_1',1903,'none'
'mex_real_2_1',1904,'none'
'mex_real_2_1',1905,'none'
'mex_real_4_1',1822,'none'
'mex_real_4_1',1823,'none'
'mex_real_4_1',1824,'none'
'mex_real_4_1',1825,'none'
'mex_real_4_1',1826,'none'
'mex_real_4_1',1827,'none'
'mex_real_4_1',1828,'none'
'mex_real_4_1',1829,'none'
'mex_real_4_1',1830,'none'
'mex_real_4_1',1831,'none'
'mex_real_4_1',1832,'none'
'mex_real_4_1',1833,'none'
'mex_real_4_1',1834,'none'
'mex_real_4_1',1835,'none'
'mex_real_4_1',1836,'none'
'mex_real_4_1',1837,'none'
'mex_real_4_1',1838,'none'
'mex_real_4_1',1839,'none'
'mex_real_4_1',1840,'none'
'mex_real_4_1',1841,'none'
'mex_real_4_1',1842,'none'
'mex_real_4_1',1843,'none'
'mex_real_4_1',1844,'none'
'mex_real_4_1',1845,'none'
'mex_real_4_1',1846,'none'
'mex_real_4_1',1847,'none'
'mex_real_4_1',1848,'none'
'mex_real_4_1',1849,'none'
'mex_real_4_1',1850,'none'
'mex_real_4_1',1851,'none'
'mex_real_4_1',1852,'none'
'mex_real_4_1',1853,'none'
'mex_real_4_1',1854,'none'
'mex_real_4_1',1855,'none'
'mex_real_4_1',1856,'none'
'mex_real_4_1',1857,'none'
'mex_real_4_1',1858,'none'
'mex_real_4_1',1859,'none'
'mex_real_4_1',1860,'none'
'mex_real_4_1',1861,'none'
'mex_real_4_1',1862,'none'
'mex_real_4_1',1863,'none'
'mex_real_4_1',1864,'none'
'mex_real_4_1',1865,'none'
'mex_real_4_1',1866,'none'
'mex_real_4_1',1867,'none'
'mex_real_4_1',1868,'none'
'mex_real_4_1',1869,'none'
'mex_real_4_1',1870,'none'
'mex_real_4_1',1871,'none'
'mex_real_4_1',1872,'none'
'mex_real_4_1',1873,'none'
'mex_real_4_1',1874,'none'
'mex_real_4_1',1875,'none'
'mex_real_4_1',1876,'none'
'mex_real_4_1',1877,'none'
'mex_real_4_1',1878,'none'
'mex_real_4_1',1879,'none'
'mex_real_4_1',1880,'none'
'mex_real_4_1',1881,'none'
'mex_real_4_1',1882,'none'
'mex_real_4_1',1883,'none'
'mex_real_4_1',1884,'none'
'mex_real_4_1',1885,'none'
'mex_real_4_1',1886,'none'
'mex_real_4_1',1887,'none'
'mex_real_4_1',1888,'none'
'mex_real_4_1',1889,'none'
'mex_real_4_1',1890,'none'
'mex_real_4_1',1891,'none'
'mex_real_4_1',1892,'none'
'mex_real_4_1',1893,'none'
'mex_real_4_1',1894,'none'
'mex_real_4_1',1895,'none'
'mex_real_4_1',1896,'none'
'mex_real_4_1',1897,'none'
'mex_real_4_1',1898,'none'
'mex_real_4_1',1899,'none'
'mex_real_4_1',1900,'none'
'mex_real_4_1',1901,'none'
'mex_real_4_1',1902,'none'
'mex_real_4_1',1903,'none'
'mex_real_4_1',1904,'none'
'mex_real_4_1',1905,'none'
'mex_real_8_1',1822,'none'
'mex_real_8_1',1823,'none'
'mex_real_8_1',1824,'none'
'mex_real_8_1',1825,'none'
'mex_real_8_1',1826,'none'
'mex_real_8_1',1827,'none'
'mex_real_8_1',1828,'none'
'mex_real_8_1',1829,'none'
'mex_real_8_1',1830,'none'
'mex_real_8_1',1831,'none'
'mex_real_8_1',1832,'none'
'mex_real_8_1',1833,'none'
'mex_real_8_1',1834,'none'
'mex_real_8_1',1835,'none'
'mex_real_8_1',1836,'none'
'mex_real_8_1',1837,'none'
'mex_real_8_1',1838,'none'
'mex_real_8_1',1839,'none'
'mex_real_8_1',1840,'none'
'mex_real_8_1',1841,'none'
'mex_real_8_1',1842,'none'
'mex_real_8_1',1843,'none'
'mex_real_8_1',1844,'none'
'mex_real_8_1',1845,'none'
'mex_real_8_1',1846,'none'
'mex_real_8_1',1847,'none'
'mex_real_8_1',1848,'none'
'mex_real_8_1',1849,'none'
'mex_real_8_1',1850,'none'
'mex_real_8_1',1851,'none'
'mex_real_8_1',1852,'none'
'mex_real_8_1',1853,'none'
'mex_real_8_1',1854,'none'
'mex_real_8_1',1855,'none'
'mex_real_8_1',1856,'none'
'mex_real_8_1',1857,'none'
'mex_real_8_1',1858,'none'
'mex_real_8_1',1859,'none'
'mex_real_8_1',1860,'none'
'mex_real_8_1',1861,'none'
'mex_real_8_1',1862,'none'
'mex_real_8_1',1863,'none'
'mex_real_8_1',1864,'none'
'mex_real_8_1',1865,'none'
'mex_real_8_1',1866,'none'
'mex_real_8_1',1867,'none'
'mex_real_8_1',1868,'none'
'mex_real_8_1',1869,'none'
'mex_real_8_1',1870,'none'
'mex_real_8_1',1871,'none'
'mex_real_8_1',1872,'none'
'mex_real_8_1',1873,'none'
'mex_real_8_1',1874,'none'
'mex_real_8_1',1875,'none'
'mex_real_8_1',1876,'none'
'mex_real_8_1',1877,'none'
'mex_real_8_1',1878,'none'
'mex_real_8_1',1879,'none'
'mex_real_8_1',1880,'none'
'mex_real_8_1',1881,'none'
'mex_real_8_1',1882,'none'
'mex_real_8_1',1883,'none'
'mex_real_8_1',1884,'none'
'mex_real_8_1',1885,'none'
'mex_real_8_1',1886,'none'
'mex_real_8_1',1887,'none'
'mex_real_8_1',1888,'none'
'mex_real_8_1',1889,'none'
'mex_real_8_1',1890,'none'
'mex_real_8_1',1891,'none'
'mex_real_8_1',1892,'none'
'mex_real_8_1',1893,'none'
'mex_real_8_1',1894,'none'
'mex_real_8_1',1895,'none'
'mex_real_8_1',1896,'none'
'mex_real_8_1',1897,'none'
'mex_real_8_1',1898,'none'
'mex_real_8_1',1899,'none'
'mex_real_8_1',1900,'none'
'mex_real_8_1',1901,'none'
'mex_real_8_1',1902,'none'
'mex_real_8_1',1903,'none'
'mex_real_8_1',1904,'none'
'mex_real_8_1',1905,'none'
'mex_real_8_1',1906,'none'
'mex_real_8_1',1907,'none'
'mex_real_8_1',1908,'none'
'mex_real_8_1',1909,'none'
'mex_real_8_1',1910,'none'
'mex_real_8_1',1911,'none'
'mex_real_8_1',1912,'none'
'mex_real_8_1',1913,'none'
'mex_real_8_1',1914,'none'
'mex_real_fractional_1_2_1',1822,'none'
'mex_real_fractional_1_2_1',1823,'none'
'mex_real_fractional_1_2_1',1824,'none'
'mex_real_fractional_1_2_1',1825,'none'
'mex_real_fractional_1_2_1',1826,'none'
'mex_real_fractional_1_2_1',1827,'none'
'mex_real_fractional_1_2_1',1828,'none'
'mex_real_fractional_1_2_1',1829,'none'
'mex_real_fractional_1_2_1',1830,'none'
'mex_real_fractional_1_2_1',1831,'none'
'mex_real_fractional_1_2_1',1832,'none'
'mex_real_fractional_1_2_1',1833,'none'
'mex_real_fractional_1_2_1',1834,'none'
'mex_real_fractional_1_2_1',1835,'none'
'mex_real_fractional_1_2_1',1836,'none'
'mex_real_fractional_1_2_1',1837,'none'
'mex_real_fractional_1_2_1',1838,'none'
'mex_real_fractional_1_2_1',1839,'none'
'mex_real_fractional_1_2_1',1840,'none'
'mex_real_fractional_1_2_1',1841,'none'
'mex_real_fractional_1_2_1',1842,'none'
'mex_real_fractional_1_2_1',1843,'none'
'mex_real_fractional_1_2_1',1844,'none'
'mex_real_fractional_1_2_1',1845,'none'
'mex_real_fractional_1_2_1',1846,'none'
'mex_real_fractional_1_2_1',1847,'none'
'mex_real_fractional_1_2_1',1848,'none'
'mex_real_fractional_1_2_1',1849,'none'
'mex_real_fractional_1_2_1',1850,'none'
'mex_real_fractional_1_2_1',1851,'none'
'mex_real_fractional_1_2_1',1852,'none'
'mex_real_fractional_1_2_1',1853,'none'
'mex_real_fractional_1_2_1',1854,'none'
'mex_real_fractional_1_2_1',1855,'none'
'mex_real_fractional_1_2_1',1856,'none'
'mex_real_fractional_1_2_1',1857,'none'
'mex_real_fractional_1_2_1',1858,'none'
'mex_real_fractional_1_2_1',1859,'none'
'mex_real_fractional_1_2_1',1860,'none'
'mex_real_fractional_1_2_1',1861,'none'
'mex_real_fractional_1_2_1',1862,'none'
'mex_real_fractional_1_2_1',1863,'none'
'mex_real_fractional_1_2_1',1864,'none'
'mex_real_fractional_1_2_1',1865,'none'
'mex_real_fractional_1_2_1',1866,'none'
'mex_real_fractional_1_2_1',1867,'none'
'mex_real_fractional_1_2_1',1868,'none'
'mex_real_fractional_1_2_1',1869,'none'
'mex_real_fractional_1_4_1',1822,'none'
'mex_real_fractional_1_4_1',1823,'none'
'mex_real_fractional_1_4_1',1824,'none'
'mex_real_fractional_1_4_1',1825,'none'
'mex_real_fractional_1_4_1',1826,'none'
'mex_real_fractional_1_4_1',1827,'none'
'mex_real_fractional_1_4_1',1828,'none'
'mex_real_fractional_1_4_1',1829,'none'
'mex_real_fractional_1_4_1',1830,'none'
'mex_real_fractional_1_4_1',1831,'none'
'mex_real_fractional_1_4_1',1832,'none'
'mex_real_fractional_1_4_1',1833,'none'
'mex_real_fractional_1_4_1',1834,'none'
'mex_real_fractional_1_4_1',1835,'none'
'mex_real_fractional_1_4_1',1836,'none'
'mex_real_fractional_1_4_1',1837,'none'
'mex_real_fractional_1_4_1',1838,'none'
'mex_real_fractional_1_4_1',1839,'none'
'mex_real_fractional_1_4_1',1840,'none'
'mex_real_fractional_1_4_1',1841,'none'
'mex_real_fractional_1_4_1',1842,'none'
'mex_real_fractional_1_4_1',1843,'none'
'mex_real_fractional_1_4_1',1844,'none'
'mex_real_fractional_1_4_1',1845,'none'
'mex_real_fractional_1_4_1',1846,'none'
'mex_real_fractional_1_4_1',1847,'none'
'mex_real_fractional_1_4_1',1848,'none'
'mex_real_fractional_1_4_1',1849,'none'
'mex_real_fractional_1_4_1',1850,'none'
'mex_real_fractional_1_4_1',1851,'none'
'mex_real_fractional_1_4_1',1852,'none'
'mex_real_fractional_1_4_1',1853,'none'
'mex_real_fractional_1_4_1',1854,'none'
'mex_real_fractional_1_4_1',1855,'none'
'mex_real_fractional_1_4_1',1856,'none'
'mex_real_fractional_1_4_1',1857,'none'
'mex_real_fractional_1_4_1',1858,'none'
'mex_real_fractional_1_4_1',1859,'none'
'mex_real_fractional_1_4_1',1860,'none'
'mex_real_fractional_1_4_1',1861,'none'
'mex_real_fractional_1_4_1',1862,'none'
'mex_real_fractional_1_4_1',1863,'none'
'mex_real_fractional_1_4_1',1864,'none'
'mex_real_fractional_1_4_1',1865,'none'
'mex_real_fractional_1_4_1',1866,'none'
'mex_real_fractional_1_4_1',1867,'none'
'mex_real_fractional_1_4_1',1868,'none'
'mex_real_fractional_1_4_1',1869,'none'
'mmr_anna_1_1',1853,'none'
'mmr_anna_1_1',1854,'none'
'mmr_anna_1_1',1855,'none'
'mmr_anna_1_1',1856,'none'
'mmr_anna_1_1',1857,'none'
'mmr_anna_1_1',1858,'none'
'mmr_anna_1_1',1859,'none'
'mmr_anna_1_1',1860,'none'
'mmr_anna_1_1',1861,'none'
'mmr_anna_1_1',1862,'none'
'mmr_anna_1_1',1863,'none'
'mmr_anna_1_1',1864,'none'
'mmr_anna_1_1',1865,'none'
'mmr_anna_1_1',1866,'none'
'mmr_anna_1_1',1867,'none'
'mmr_anna_1_1',1868,'none'
'mmr_anna_1_1',1869,'none'
'mmr_anna_1_1',1870,'none'
'mmr_anna_1_1',1871,'none'
'mmr_anna_1_1',1872,'none'
'mmr_anna_1_1',1873,'none'
'mmr_anna_1_1',1874,'none'
'mmr_anna_1_1',1875,'none'
'mmr_anna_1_1',1876,'none'
'mmr_anna_1_1',1877,'none'
'mmr_anna_1_1',1878,'none'
'mmr_kyat_1_1',1853,'none'
'mmr_kyat_1_1',1854,'none'
'mmr_kyat_1_1',1855,'none'
'mmr_kyat_1_1',1856,'none'
'mmr_kyat_1_1',1857,'none'
'mmr_kyat_1_1',1858,'none'
'mmr_kyat_1_1',1859,'none'
'mmr_kyat_1_1',1860,'none'
'mmr_kyat_1_1',1861,'none'
'mmr_kyat_1_1',1862,'none'
'mmr_kyat_1_1',1863,'none'
'mmr_kyat_1_1',1864,'none'
'mmr_kyat_1_1',1865,'none'
'mmr_kyat_1_1',1866,'none'
'mmr_kyat_1_1',1867,'none'
'mmr_kyat_1_1',1868,'none'
'mmr_kyat_1_1',1869,'none'
'mmr_kyat_1_1',1870,'none'
'mmr_kyat_1_1',1871,'none'
'mmr_kyat_1_1',1872,'none'
'mmr_kyat_1_1',1873,'none'
'mmr_kyat_1_1',1874,'none'
'mmr_kyat_1_1',1875,'none'
'mmr_kyat_1_1',1876,'none'
'mmr_kyat_1_1',1877,'none'
'mmr_kyat_1_1',1878,'none'
'mmr_kyat_fractional_1_2_1',1853,'none'
'mmr_kyat_fractional_1_2_1',1854,'none'
'mmr_kyat_fractional_1_2_1',1855,'none'
'mmr_kyat_fractional_1_2_1',1856,'none'
'mmr_kyat_fractional_1_2_1',1857,'none'
'mmr_kyat_fractional_1_2_1',1858,'none'
'mmr_kyat_fractional_1_2_1',1859,'none'
'mmr_kyat_fractional_1_2_1',1860,'none'
'mmr_kyat_fractional_1_2_1',1861,'none'
'mmr_kyat_fractional_1_2_1',1862,'none'
'mmr_kyat_fractional_1_2_1',1863,'none'
'mmr_kyat_fractional_1_2_1',1864,'none'
'mmr_kyat_fractional_1_2_1',1865,'none'
'mmr_kyat_fractional_1_2_1',1866,'none'
'mmr_kyat_fractional_1_2_1',1867,'none'
'mmr_kyat_fractional_1_2_1',1868,'none'
'mmr_kyat_fractional_1_2_1',1869,'none'
'mmr_kyat_fractional_1_2_1',1870,'none'
'mmr_kyat_fractional_1_2_1',1871,'none'
'mmr_kyat_fractional_1_2_1',1872,'none'
'mmr_kyat_fractional_1_2_1',1873,'none'
'mmr_kyat_fractional_1_2_1',1874,'none'
'mmr_kyat_fractional_1_2_1',1875,'none'
'mmr_kyat_fractional_1_2_1',1876,'none'
'mmr_kyat_fractional_1_2_1',1877,'none'
'mmr_kyat_fractional_1_2_1',1878,'none'
'mmr_kyat_fractional_1_4_1',1853,'none'
'mmr_kyat_fractional_1_4_1',1854,'none'
'mmr_kyat_fractional_1_4_1',1855,'none'
'mmr_kyat_fractional_1_4_1',1856,'none'
'mmr_kyat_fractional_1_4_1',1857,'none'
'mmr_kyat_fractional_1_4_1',1858,'none'
'mmr_kyat_fractional_1_4_1',1859,'none'
'mmr_kyat_fractional_1_4_1',1860,'none'
'mmr_kyat_fractional_1_4_1',1861,'none'
'mmr_kyat_fractional_1_4_1',1862,'none'
'mmr_kyat_fractional_1_4_1',1863,'none'
'mmr_kyat_fractional_1_4_1',1864,'none'
'mmr_kyat_fractional_1_4_1',1865,'none'
'mmr_kyat_fractional_1_4_1',1866,'none'
'mmr_kyat_fractional_1_4_1',1867,'none'
'mmr_kyat_fractional_1_4_1',1868,'none'
'mmr_kyat_fractional_1_4_1',1869,'none'
'mmr_kyat_fractional_1_4_1',1870,'none'
'mmr_kyat_fractional_1_4_1',1871,'none'
'mmr_kyat_fractional_1_4_1',1872,'none'
'mmr_kyat_fractional_1_4_1',1873,'none'
'mmr_kyat_fractional_1_4_1',1874,'none'
'mmr_kyat_fractional_1_4_1',1875,'none'
'mmr_kyat_fractional_1_4_1',1876,'none'
'mmr_kyat_fractional_1_4_1',1877,'none'
'mmr_kyat_fractional_1_4_1',1878,'none'
'mmr_kyat_fractional_1_8_1',1853,'none'
'mmr_kyat_fractional_1_8_1',1854,'none'
'mmr_kyat_fractional_1_8_1',1855,'none'
'mmr_kyat_fractional_1_8_1',1856,'none'
'mmr_kyat_fractional_1_8_1',1857,'none'
'mmr_kyat_fractional_1_8_1',1858,'none'
'mmr_kyat_fractional_1_8_1',1859,'none'
'mmr_kyat_fractional_1_8_1',1860,'none'
'mmr_kyat_fractional_1_8_1',1861,'none'
'mmr_kyat_fractional_1_8_1',1862,'none'
'mmr_kyat_fractional_1_8_1',1863,'none'
'mmr_kyat_fractional_1_8_1',1864,'none'
'mmr_kyat_fractional_1_8_1',1865,'none'
'mmr_kyat_fractional_1_8_1',1866,'none'
'mmr_kyat_fractional_1_8_1',1867,'none'
'mmr_kyat_fractional_1_8_1',1868,'none'
'mmr_kyat_fractional_1_8_1',1869,'none'
'mmr_kyat_fractional_1_8_1',1870,'none'
'mmr_kyat_fractional_1_8_1',1871,'none'
'mmr_kyat_fractional_1_8_1',1872,'none'
'mmr_kyat_fractional_1_8_1',1873,'none'
'mmr_kyat_fractional_1_8_1',1874,'none'
'mmr_kyat_fractional_1_8_1',1875,'none'
'mmr_kyat_fractional_1_8_1',1876,'none'
'mmr_kyat_fractional_1_8_1',1877,'none'
'mmr_kyat_fractional_1_8_1',1878,'none'
'mmr_rupee_1_1',1852,'none'
'mmr_rupee_1_1',1853,'none'
'mmr_rupee_1_1',1854,'none'
'mmr_rupee_1_1',1855,'none'
'mmr_rupee_1_1',1856,'none'
'mmr_rupee_1_1',1857,'none'
'mmr_rupee_1_1',1858,'none'
'mmr_rupee_1_1',1859,'none'
'mmr_rupee_1_1',1860,'none'
'mmr_rupee_1_1',1861,'none'
'mmr_rupee_1_1',1862,'none'
'mmr_rupee_1_1',1863,'none'
'mmr_rupee_1_1',1864,'none'
'mmr_rupee_1_1',1865,'none'
'mmr_rupee_1_1',1866,'none'
'mmr_rupee_1_1',1867,'none'
'mmr_rupee_1_1',1868,'none'
'mmr_rupee_1_1',1869,'none'
'mmr_rupee_1_1',1870,'none'
'mmr_rupee_1_1',1871,'none'
'mmr_rupee_1_1',1872,'none'
'mmr_rupee_1_1',1873,'none'
'mmr_rupee_1_1',1874,'none'
'mmr_rupee_1_1',1875,'none'
'mmr_rupee_1_1',1876,'none'
'mmr_rupee_1_1',1877,'none'
'mmr_rupee_1_1',1878,'none'
'mmr_rupee_1_1',1879,'none'
'mmr_rupee_1_1',1880,'none'
'mmr_rupee_2_1',1852,'none'
'mmr_rupee_2_1',1853,'none'
'mmr_rupee_2_1',1854,'none'
'mmr_rupee_2_1',1855,'none'
'mmr_rupee_2_1',1856,'none'
'mmr_rupee_2_1',1857,'none'
'mmr_rupee_2_1',1858,'none'
'mmr_rupee_2_1',1859,'none'
'mmr_rupee_2_1',1860,'none'
'mmr_rupee_2_1',1861,'none'
'mmr_rupee_2_1',1862,'none'
'mmr_rupee_2_1',1863,'none'
'mmr_rupee_2_1',1864,'none'
'mmr_rupee_2_1',1865,'none'
'mmr_rupee_2_1',1866,'none'
'mmr_rupee_2_1',1867,'none'
'mmr_rupee_2_1',1868,'none'
'mmr_rupee_2_1',1869,'none'
'mmr_rupee_2_1',1870,'none'
'mmr_rupee_2_1',1871,'none'
'mmr_rupee_2_1',1872,'none'
'mmr_rupee_2_1',1873,'none'
'mmr_rupee_2_1',1874,'none'
'mmr_rupee_2_1',1875,'none'
'mmr_rupee_2_1',1876,'none'
'mmr_rupee_2_1',1877,'none'
'mmr_rupee_2_1',1878,'none'
'mmr_rupee_2_1',1879,'none'
'mmr_rupee_2_1',1880,'none'
'mmr_rupee_4_1',1852,'none'
'mmr_rupee_4_1',1853,'none'
'mmr_rupee_4_1',1854,'none'
'mmr_rupee_4_1',1855,'none'
'mmr_rupee_4_1',1856,'none'
'mmr_rupee_4_1',1857,'none'
'mmr_rupee_4_1',1858,'none'
'mmr_rupee_4_1',1859,'none'
'mmr_rupee_4_1',1860,'none'
'mmr_rupee_4_1',1861,'none'
'mmr_rupee_4_1',1862,'none'
'mmr_rupee_4_1',1863,'none'
'mmr_rupee_4_1',1864,'none'
'mmr_rupee_4_1',1865,'none'
'mmr_rupee_4_1',1866,'none'
'mmr_rupee_4_1',1867,'none'
'mmr_rupee_4_1',1868,'none'
'mmr_rupee_4_1',1869,'none'
'mmr_rupee_4_1',1870,'none'
'mmr_rupee_4_1',1871,'none'
'mmr_rupee_4_1',1872,'none'
'mmr_rupee_5_1',1880,'none'
'mng_mongo_10_1',1925,'none'
'mng_mongo_15_1',1925,'none'
'mng_mongo_20_1',1925,'none'
'mng_mongo_50_1',1925,'none'
'mng_tukhrik_1_1',1925,'none'
'nfl_cent_10_1',1865,'none'
'nfl_cent_10_1',1866,'none'
'nfl_cent_10_1',1867,'none'
'nfl_cent_10_1',1868,'none'
'nfl_cent_10_1',1869,'none'
'nfl_cent_10_1',1870,'none'
'nfl_cent_10_1',1871,'none'
'nfl_cent_10_1',1872,'none'
'nfl_cent_10_1',1873,'none'
'nfl_cent_10_1',1874,'none'
'nfl_cent_10_1',1875,'none'
'nfl_cent_10_1',1876,'none'
'nfl_cent_10_1',1877,'none'
'nfl_cent_10_1',1878,'none'
'nfl_cent_10_1',1879,'none'
'nfl_cent_10_1',1880,'none'
'nfl_cent_10_1',1881,'none'
'nfl_cent_10_1',1882,'none'
'nfl_cent_10_1',1883,'none'
'nfl_cent_10_1',1884,'none'
'nfl_cent_10_1',1885,'none'
'nfl_cent_10_1',1886,'none'
'nfl_cent_10_1',1887,'none'
'nfl_cent_10_1',1888,'none'
'nfl_cent_10_1',1889,'none'
'nfl_cent_10_1',1890,'none'
'nfl_cent_10_1',1891,'none'
'nfl_cent_10_1',1892,'none'
'nfl_cent_10_1',1893,'none'
'nfl_cent_10_1',1894,'none'
'nfl_cent_10_1',1895,'none'
'nfl_cent_10_1',1896,'none'
'nfl_cent_10_1',1897,'none'
'nfl_cent_10_1',1898,'none'
'nfl_cent_10_1',1899,'none'
'nfl_cent_10_1',1900,'none'
'nfl_cent_10_1',1901,'none'
'nfl_cent_10_1',1902,'none'
'nfl_cent_10_1',1903,'none'
'nfl_cent_10_1',1904,'none'
'nfl_cent_10_1',1905,'none'
'nfl_cent_10_1',1906,'none'
'nfl_cent_10_1',1907,'none'
'nfl_cent_10_1',1908,'none'
'nfl_cent_10_1',1909,'none'
'nfl_cent_10_1',1910,'none'
'nfl_cent_10_1',1911,'none'
'nfl_cent_10_1',1912,'none'
'nfl_cent_10_2',1917,'none'
'nfl_cent_10_2',1918,'none'
'nfl_cent_10_2',1919,'none'
'nfl_cent_10_2',1920,'none'
'nfl_cent_10_2',1921,'none'
'nfl_cent_10_2',1922,'none'
'nfl_cent_10_2',1923,'none'
'nfl_cent_10_2',1924,'none'
'nfl_cent_10_2',1925,'none'
'nfl_cent_10_2',1926,'none'
'nfl_cent_10_2',1927,'none'
'nfl_cent_10_2',1928,'none'
'nfl_cent_10_2',1929,'none'
'nfl_cent_10_2',1930,'none'
'nfl_cent_10_2',1931,'none'
'nfl_cent_10_2',1932,'none'
'nfl_cent_10_2',1933,'none'
'nfl_cent_10_2',1934,'none'
'nfl_cent_10_2',1935,'none'
'nfl_cent_10_2',1936,'none'
'nfl_cent_10_2',1937,'none'
'nfl_cent_10_2',1938,'none'
'nfl_cent_10_2',1939,'none'
'nfl_cent_10_2',1940,'none'
'nfl_cent_10_2',1941,'none'
'nfl_cent_10_2',1942,'none'
'nfl_cent_10_2',1943,'none'
'nfl_cent_10_2',1944,'none'
'nfl_cent_10_3',1944,'none'
'nfl_cent_10_3',1945,'none'
'nfl_cent_20_1',1865,'none'
'nfl_cent_20_1',1866,'none'
'nfl_cent_20_1',1867,'none'
'nfl_cent_20_1',1868,'none'
'nfl_cent_20_1',1869,'none'
'nfl_cent_20_1',1870,'none'
'nfl_cent_20_1',1871,'none'
'nfl_cent_20_1',1872,'none'
'nfl_cent_20_1',1873,'none'
'nfl_cent_20_1',1874,'none'
'nfl_cent_20_1',1875,'none'
'nfl_cent_20_1',1876,'none'
'nfl_cent_20_1',1877,'none'
'nfl_cent_20_1',1878,'none'
'nfl_cent_20_1',1879,'none'
'nfl_cent_20_1',1880,'none'
'nfl_cent_20_1',1881,'none'
'nfl_cent_20_1',1882,'none'
'nfl_cent_20_1',1883,'none'
'nfl_cent_20_1',1884,'none'
'nfl_cent_20_1',1885,'none'
'nfl_cent_20_1',1886,'none'
'nfl_cent_20_1',1887,'none'
'nfl_cent_20_1',1888,'none'
'nfl_cent_20_1',1889,'none'
'nfl_cent_20_1',1890,'none'
'nfl_cent_20_1',1891,'none'
'nfl_cent_20_1',1892,'none'
'nfl_cent_20_1',1893,'none'
'nfl_cent_20_1',1894,'none'
'nfl_cent_20_1',1895,'none'
'nfl_cent_20_1',1896,'none'
'nfl_cent_20_1',1897,'none'
'nfl_cent_20_1',1898,'none'
'nfl_cent_20_1',1899,'none'
'nfl_cent_20_1',1900,'none'
'nfl_cent_20_1',1901,'none'
'nfl_cent_20_1',1902,'none'
'nfl_cent_20_1',1903,'none'
'nfl_cent_20_1',1904,'none'
'nfl_cent_20_1',1905,'none'
'nfl_cent_20_1',1906,'none'
'nfl_cent_20_1',1907,'none'
'nfl_cent_20_1',1908,'none'
'nfl_cent_20_1',1909,'none'
'nfl_cent_20_1',1910,'none'
'nfl_cent_20_1',1911,'none'
'nfl_cent_20_1',1912,'none'
'nfl_cent_25_1',1917,'none'
'nfl_cent_25_1',1918,'none'
'nfl_cent_25_1',1919,'none'
'nfl_cent_25_1',1920,'none'
'nfl_cent_25_1',1921,'none'
'nfl_cent_25_1',1922,'none'
'nfl_cent_25_1',1923,'none'
'nfl_cent_25_1',1924,'none'
'nfl_cent_25_1',1925,'none'
'nfl_cent_25_1',1926,'none'
'nfl_cent_25_1',1927,'none'
'nfl_cent_25_1',1928,'none'
'nfl_cent_25_1',1929,'none'
'nfl_cent_25_1',1930,'none'
'nfl_cent_25_1',1931,'none'
'nfl_cent_25_1',1932,'none'
'nfl_cent_25_1',1933,'none'
'nfl_cent_25_1',1934,'none'
'nfl_cent_25_1',1935,'none'
'nfl_cent_25_1',1936,'none'
'nfl_cent_25_1',1937,'none'
'nfl_cent_25_1',1938,'none'
'nfl_cent_25_1',1939,'none'
'nfl_cent_25_1',1940,'none'
'nfl_cent_25_1',1941,'none'
'nfl_cent_25_1',1942,'none'
'nfl_cent_25_1',1943,'none'
'nfl_cent_25_1',1944,'none'
'nfl_cent_50_1',1865,'none'
'nfl_cent_50_1',1866,'none'
'nfl_cent_50_1',1867,'none'
'nfl_cent_50_1',1868,'none'
'nfl_cent_50_1',1869,'none'
'nfl_cent_50_1',1870,'none'
'nfl_cent_50_1',1871,'none'
'nfl_cent_50_1',1872,'none'
'nfl_cent_50_1',1873,'none'
'nfl_cent_50_1',1874,'none'
'nfl_cent_50_1',1875,'none'
'nfl_cent_50_1',1876,'none'
'nfl_cent_50_1',1877,'none'
'nfl_cent_50_1',1878,'none'
'nfl_cent_50_1',1879,'none'
'nfl_cent_50_1',1880,'none'
'nfl_cent_50_1',1881,'none'
'nfl_cent_50_1',1882,'none'
'nfl_cent_50_1',1883,'none'
'nfl_cent_50_1',1884,'none'
'nfl_cent_50_1',1885,'none'
'nfl_cent_50_1',1886,'none'
'nfl_cent_50_1',1887,'none'
'nfl_cent_50_1',1888,'none'
'nfl_cent_50_1',1889,'none'
'nfl_cent_50_1',1890,'none'
'nfl_cent_50_1',1891,'none'
'nfl_cent_50_1',1892,'none'
'nfl_cent_50_1',1893,'none'
'nfl_cent_50_1',1894,'none'
'nfl_cent_50_1',1895,'none'
'nfl_cent_50_1',1896,'none'
'nfl_cent_50_1',1897,'none'
'nfl_cent_50_1',1898,'none'
'nfl_cent_50_1',1899,'none'
'nfl_cent_50_1',1900,'none'
'nfl_cent_50_1',1901,'none'
'nfl_cent_50_1',1902,'none'
'nfl_cent_50_1',1903,'none'
'nfl_cent_50_1',1904,'none'
'nfl_cent_50_1',1905,'none'
'nfl_cent_50_1',1906,'none'
'nfl_cent_50_1',1907,'none'
'nfl_cent_50_1',1908,'none'
'nfl_cent_50_1',1909,'none'
'nfl_cent_50_1',1910,'none'
'nfl_cent_50_1',1911,'none'
'nfl_cent_50_1',1912,'none'
'nfl_cent_50_2',1917,'none'
'nfl_cent_50_2',1918,'none'
'nfl_cent_50_2',1919,'none'
'nfl_cent_50_2',1920,'none'
'nfl_cent_50_2',1921,'none'
'nfl_cent_50_2',1922,'none'
'nfl_cent_50_2',1923,'none'
'nfl_cent_50_2',1924,'none'
'nfl_cent_50_2',1925,'none'
'nfl_cent_50_2',1926,'none'
'nfl_cent_50_2',1927,'none'
'nfl_cent_50_2',1928,'none'
'nfl_cent_50_2',1929,'none'
'nfl_cent_50_2',1930,'none'
'nfl_cent_50_2',1931,'none'
'nfl_cent_50_2',1932,'none'
'nfl_cent_50_2',1933,'none'
'nfl_cent_50_2',1934,'none'
'nfl_cent_50_2',1935,'none'
'nfl_cent_50_2',1936,'none'
'nfl_cent_50_2',1937,'none'
'nfl_cent_50_2',1938,'none'
'nfl_cent_50_2',1939,'none'
'nfl_cent_50_2',1940,'none'
'nfl_cent_50_2',1941,'none'
'nfl_cent_50_2',1942,'none'
'nfl_cent_50_2',1943,'none'
'nfl_cent_50_2',1944,'none'
'nfl_cent_5_1',1865,'none'
'nfl_cent_5_1',1866,'none'
'nfl_cent_5_1',1867,'none'
'nfl_cent_5_1',1868,'none'
'nfl_cent_5_1',1869,'none'
'nfl_cent_5_1',1870,'none'
'nfl_cent_5_1',1871,'none'
'nfl_cent_5_1',1872,'none'
'nfl_cent_5_1',1873,'none'
'nfl_cent_5_1',1874,'none'
'nfl_cent_5_1',1875,'none'
'nfl_cent_5_1',1876,'none'
'nfl_cent_5_1',1877,'none'
'nfl_cent_5_1',1878,'none'
'nfl_cent_5_1',1879,'none'
'nfl_cent_5_1',1880,'none'
'nfl_cent_5_1',1881,'none'
'nfl_cent_5_1',1882,'none'
'nfl_cent_5_1',1883,'none'
'nfl_cent_5_1',1884,'none'
'nfl_cent_5_1',1885,'none'
'nfl_cent_5_1',1886,'none'
'nfl_cent_5_1',1887,'none'
'nfl_cent_5_1',1888,'none'
'nfl_cent_5_1',1889,'none'
'nfl_cent_5_1',1890,'none'
'nfl_cent_5_1',1891,'none'
'nfl_cent_5_1',1892,'none'
'nfl_cent_5_1',1893,'none'
'nfl_cent_5_1',1894,'none'
'nfl_cent_5_1',1895,'none'
'nfl_cent_5_1',1896,'none'
'nfl_cent_5_1',1897,'none'
'nfl_cent_5_1',1898,'none'
'nfl_cent_5_1',1899,'none'
'nfl_cent_5_1',1900,'none'
'nfl_cent_5_1',1901,'none'
'nfl_cent_5_1',1902,'none'
'nfl_cent_5_1',1903,'none'
'nfl_cent_5_1',1904,'none'
'nfl_cent_5_1',1905,'none'
'nfl_cent_5_1',1906,'none'
'nfl_cent_5_1',1907,'none'
'nfl_cent_5_1',1908,'none'
'nfl_cent_5_1',1909,'none'
'nfl_cent_5_1',1910,'none'
'nfl_cent_5_1',1911,'none'
'nfl_cent_5_1',1912,'none'
'nfl_cent_5_2',1917,'none'
'nfl_cent_5_2',1918,'none'
'nfl_cent_5_2',1919,'none'
'nfl_cent_5_2',1920,'none'
'nfl_cent_5_2',1921,'none'
'nfl_cent_5_2',1922,'none'
'nfl_cent_5_2',1923,'none'
'nfl_cent_5_2',1924,'none'
'nfl_cent_5_2',1925,'none'
'nfl_cent_5_2',1926,'none'
'nfl_cent_5_2',1927,'none'
'nfl_cent_5_2',1928,'none'
'nfl_cent_5_2',1929,'none'
'nfl_cent_5_2',1930,'none'
'nfl_cent_5_2',1931,'none'
'nfl_cent_5_2',1932,'none'
'nfl_cent_5_2',1933,'none'
'nfl_cent_5_2',1934,'none'
'nfl_cent_5_2',1935,'none'
'nfl_cent_5_2',1936,'none'
'nfl_cent_5_2',1937,'none'
'nfl_cent_5_2',1938,'none'
'nfl_cent_5_2',1939,'none'
'nfl_cent_5_2',1940,'none'
'nfl_cent_5_2',1941,'none'
'nfl_cent_5_2',1942,'none'
'nfl_cent_5_2',1943,'none'
'nfl_cent_5_2',1944,'none'
'nfl_cent_5_3',1944,'none'
'nfl_cent_5_3',1945,'none'
'nfl_dollar_2_1',1865,'none'
'nfl_dollar_2_1',1866,'none'
'nfl_dollar_2_1',1867,'none'
'nfl_dollar_2_1',1868,'none'
'nfl_dollar_2_1',1869,'none'
'nfl_dollar_2_1',1870,'none'
'nfl_dollar_2_1',1871,'none'
'nfl_dollar_2_1',1872,'none'
'nfl_dollar_2_1',1873,'none'
'nfl_dollar_2_1',1874,'none'
'nfl_dollar_2_1',1875,'none'
'nfl_dollar_2_1',1876,'none'
'nfl_dollar_2_1',1877,'none'
'nfl_dollar_2_1',1878,'none'
'nfl_dollar_2_1',1879,'none'
'nfl_dollar_2_1',1880,'none'
'nfl_dollar_2_1',1881,'none'
'nfl_dollar_2_1',1882,'none'
'nfl_dollar_2_1',1883,'none'
'nfl_dollar_2_1',1884,'none'
'nfl_dollar_2_1',1885,'none'
'nfl_dollar_2_1',1886,'none'
'nfl_dollar_2_1',1887,'none'
'nfl_dollar_2_1',1888,'none'
'nld_cents_10_1',1848,'none'
'nld_cents_10_1',1849,'none'
'nld_cents_10_1',1850,'none'
'nld_cents_10_1',1851,'none'
'nld_cents_10_1',1852,'none'
'nld_cents_10_1',1853,'none'
'nld_cents_10_1',1854,'none'
'nld_cents_10_1',1855,'none'
'nld_cents_10_1',1856,'none'
'nld_cents_10_1',1857,'none'
'nld_cents_10_1',1858,'none'
'nld_cents_10_1',1859,'none'
'nld_cents_10_1',1860,'none'
'nld_cents_10_1',1861,'none'
'nld_cents_10_1',1862,'none'
'nld_cents_10_1',1863,'none'
'nld_cents_10_1',1864,'none'
'nld_cents_10_1',1865,'none'
'nld_cents_10_1',1866,'none'
'nld_cents_10_1',1867,'none'
'nld_cents_10_1',1868,'none'
'nld_cents_10_1',1869,'none'
'nld_cents_10_1',1870,'none'
'nld_cents_10_1',1871,'none'
'nld_cents_10_1',1872,'none'
'nld_cents_10_1',1873,'none'
'nld_cents_10_1',1874,'none'
'nld_cents_10_1',1875,'none'
'nld_cents_10_1',1876,'none'
'nld_cents_10_1',1877,'none'
'nld_cents_10_1',1878,'none'
'nld_cents_10_1',1879,'none'
'nld_cents_10_1',1880,'none'
'nld_cents_10_1',1881,'none'
'nld_cents_10_1',1882,'none'
'nld_cents_10_1',1883,'none'
'nld_cents_10_1',1884,'none'
'nld_cents_10_1',1885,'none'
'nld_cents_10_1',1886,'none'
'nld_cents_10_1',1887,'none'
'nld_cents_10_1',1888,'none'
'nld_cents_10_1',1889,'none'
'nld_cents_10_1',1890,'none'
'nld_cents_10_1',1891,'none'
'nld_cents_10_1',1892,'none'
'nld_cents_10_1',1893,'none'
'nld_cents_10_1',1894,'none'
'nld_cents_10_1',1895,'none'
'nld_cents_10_1',1896,'none'
'nld_cents_10_1',1897,'none'
'nld_cents_10_1',1898,'none'
'nld_cents_10_1',1899,'none'
'nld_cents_10_1',1900,'none'
'nld_cents_10_1',1901,'none'
'nld_cents_10_1',1902,'none'
'nld_cents_10_1',1903,'none'
'nld_cents_10_1',1904,'none'
'nld_cents_10_1',1905,'none'
'nld_cents_10_1',1906,'none'
'nld_cents_10_1',1907,'none'
'nld_cents_10_1',1908,'none'
'nld_cents_10_1',1909,'none'
'nld_cents_10_1',1910,'none'
'nld_cents_10_1',1911,'none'
'nld_cents_10_1',1912,'none'
'nld_cents_10_1',1913,'none'
'nld_cents_10_1',1914,'none'
'nld_cents_10_1',1915,'none'
'nld_cents_10_1',1916,'none'
'nld_cents_10_1',1917,'none'
'nld_cents_10_1',1918,'none'
'nld_cents_10_1',1919,'none'
'nld_cents_10_1',1920,'none'
'nld_cents_10_1',1921,'none'
'nld_cents_10_1',1922,'none'
'nld_cents_10_1',1923,'none'
'nld_cents_10_1',1924,'none'
'nld_cents_10_1',1925,'none'
'nld_cents_10_1',1926,'none'
'nld_cents_10_1',1927,'none'
'nld_cents_10_1',1928,'none'
'nld_cents_10_1',1929,'none'
'nld_cents_10_1',1930,'none'
'nld_cents_10_1',1931,'none'
'nld_cents_10_1',1932,'none'
'nld_cents_10_1',1933,'none'
'nld_cents_10_1',1934,'none'
'nld_cents_10_1',1935,'none'
'nld_cents_10_1',1936,'none'
'nld_cents_10_1',1937,'none'
'nld_cents_10_1',1938,'none'
'nld_cents_10_1',1939,'none'
'nld_cents_10_1',1940,'none'
'nld_cents_10_1',1941,'none'
'nld_cents_10_1',1942,'none'
'nld_cents_10_1',1943,'none'
'nld_cents_10_1',1944,'none'
'nld_cents_10_1',1945,'none'
'nld_cents_25_1',1848,'none'
'nld_cents_25_1',1849,'none'
'nld_cents_25_1',1850,'none'
'nld_cents_25_1',1851,'none'
'nld_cents_25_1',1852,'none'
'nld_cents_25_1',1853,'none'
'nld_cents_25_1',1854,'none'
'nld_cents_25_1',1855,'none'
'nld_cents_25_1',1856,'none'
'nld_cents_25_1',1857,'none'
'nld_cents_25_1',1858,'none'
'nld_cents_25_1',1859,'none'
'nld_cents_25_1',1860,'none'
'nld_cents_25_1',1861,'none'
'nld_cents_25_1',1862,'none'
'nld_cents_25_1',1863,'none'
'nld_cents_25_1',1864,'none'
'nld_cents_25_1',1865,'none'
'nld_cents_25_1',1866,'none'
'nld_cents_25_1',1867,'none'
'nld_cents_25_1',1868,'none'
'nld_cents_25_1',1869,'none'
'nld_cents_25_1',1870,'none'
'nld_cents_25_1',1871,'none'
'nld_cents_25_1',1872,'none'
'nld_cents_25_1',1873,'none'
'nld_cents_25_1',1874,'none'
'nld_cents_25_1',1875,'none'
'nld_cents_25_1',1876,'none'
'nld_cents_25_1',1877,'none'
'nld_cents_25_1',1878,'none'
'nld_cents_25_1',1879,'none'
'nld_cents_25_1',1880,'none'
'nld_cents_25_1',1881,'none'
'nld_cents_25_1',1882,'none'
'nld_cents_25_1',1883,'none'
'nld_cents_25_1',1884,'none'
'nld_cents_25_1',1885,'none'
'nld_cents_25_1',1886,'none'
'nld_cents_25_1',1887,'none'
'nld_cents_25_1',1888,'none'
'nld_cents_25_1',1889,'none'
'nld_cents_25_1',1890,'none'
'nld_cents_25_1',1891,'none'
'nld_cents_25_1',1892,'none'
'nld_cents_25_1',1893,'none'
'nld_cents_25_1',1894,'none'
'nld_cents_25_1',1895,'none'
'nld_cents_25_1',1896,'none'
'nld_cents_25_1',1897,'none'
'nld_cents_25_1',1898,'none'
'nld_cents_25_1',1899,'none'
'nld_cents_25_1',1900,'none'
'nld_cents_25_1',1901,'none'
'nld_cents_25_1',1902,'none'
'nld_cents_25_1',1903,'none'
'nld_cents_25_1',1904,'none'
'nld_cents_25_1',1905,'none'
'nld_cents_25_1',1906,'none'
'nld_cents_25_1',1907,'none'
'nld_cents_25_1',1908,'none'
'nld_cents_25_1',1909,'none'
'nld_cents_25_1',1910,'none'
'nld_cents_25_1',1911,'none'
'nld_cents_25_1',1912,'none'
'nld_cents_25_1',1913,'none'
'nld_cents_25_1',1914,'none'
'nld_cents_25_1',1915,'none'
'nld_cents_25_1',1916,'none'
'nld_cents_25_1',1917,'none'
'nld_cents_25_1',1918,'none'
'nld_cents_25_1',1919,'none'
'nld_cents_25_1',1920,'none'
'nld_cents_25_1',1921,'none'
'nld_cents_25_1',1922,'none'
'nld_cents_25_1',1923,'none'
'nld_cents_25_1',1924,'none'
'nld_cents_25_1',1925,'none'
'nld_cents_25_1',1926,'none'
'nld_cents_25_1',1927,'none'
'nld_cents_25_1',1928,'none'
'nld_cents_25_1',1929,'none'
'nld_cents_25_1',1930,'none'
'nld_cents_25_1',1931,'none'
'nld_cents_25_1',1932,'none'
'nld_cents_25_1',1933,'none'
'nld_cents_25_1',1934,'none'
'nld_cents_25_1',1935,'none'
'nld_cents_25_1',1936,'none'
'nld_cents_25_1',1937,'none'
'nld_cents_25_1',1938,'none'
'nld_cents_25_1',1939,'none'
'nld_cents_25_1',1940,'none'
'nld_cents_25_1',1941,'none'
'nld_cents_25_1',1942,'none'
'nld_cents_25_1',1943,'none'
'nld_cents_25_1',1944,'none'
'nld_cents_25_1',1945,'none'
'nld_cents_5_1',1848,'none'
'nld_cents_5_1',1849,'none'
'nld_cents_5_1',1850,'none'
'nld_cents_5_1',1851,'none'
'nld_cents_5_1',1852,'none'
'nld_cents_5_1',1853,'none'
'nld_cents_5_1',1854,'none'
'nld_cents_5_1',1855,'none'
'nld_cents_5_1',1856,'none'
'nld_cents_5_1',1857,'none'
'nld_cents_5_1',1858,'none'
'nld_cents_5_1',1859,'none'
'nld_cents_5_1',1860,'none'
'nld_cents_5_1',1861,'none'
'nld_cents_5_1',1862,'none'
'nld_cents_5_1',1863,'none'
'nld_cents_5_1',1864,'none'
'nld_cents_5_1',1865,'none'
'nld_cents_5_1',1866,'none'
'nld_cents_5_1',1867,'none'
'nld_cents_5_1',1868,'none'
'nld_cents_5_1',1869,'none'
'nld_cents_5_1',1870,'none'
'nld_cents_5_1',1871,'none'
'nld_cents_5_1',1872,'none'
'nld_cents_5_1',1873,'none'
'nld_cents_5_1',1874,'none'
'nld_cents_5_1',1875,'none'
'nld_cents_5_1',1876,'none'
'nld_cents_5_1',1877,'none'
'nld_cents_5_1',1878,'none'
'nld_cents_5_1',1879,'none'
'nld_cents_5_1',1880,'none'
'nld_cents_5_1',1881,'none'
'nld_cents_5_1',1882,'none'
'nld_cents_5_1',1883,'none'
'nld_cents_5_1',1884,'none'
'nld_cents_5_1',1885,'none'
'nld_cents_5_1',1886,'none'
'nld_cents_5_1',1887,'none'
'nld_cents_5_1',1888,'none'
'nld_cents_5_1',1889,'none'
'nld_cents_5_1',1890,'none'
'nld_cents_5_1',1891,'none'
'nld_cents_5_1',1892,'none'
'nld_cents_5_1',1893,'none'
'nld_cents_5_1',1894,'none'
'nld_cents_5_1',1895,'none'
'nld_cents_5_1',1896,'none'
'nld_cents_5_1',1897,'none'
'nld_cents_5_1',1898,'none'
'nld_cents_5_1',1899,'none'
'nld_cents_5_1',1900,'none'
'nld_cents_5_1',1901,'none'
'nld_cents_5_1',1902,'none'
'nld_cents_5_1',1903,'none'
'nld_cents_5_1',1904,'none'
'nld_cents_5_1',1905,'none'
'nld_cents_5_1',1906,'none'
'nld_cents_5_1',1907,'none'
'nld_cents_5_1',1908,'none'
'nld_cents_5_1',1909,'none'
'nld_cents_5_1',1910,'none'
'nld_cents_5_1',1911,'none'
'nld_cents_5_1',1912,'none'
'nld_cents_5_1',1913,'none'
'nld_cents_5_1',1914,'none'
'nld_cents_5_1',1915,'none'
'nld_cents_5_1',1916,'none'
'nld_cents_5_1',1917,'none'
'nld_cents_5_1',1918,'none'
'nld_cents_5_1',1919,'none'
'nld_cents_5_1',1920,'none'
'nld_cents_5_1',1921,'none'
'nld_cents_5_1',1922,'none'
'nld_cents_5_1',1923,'none'
'nld_cents_5_1',1924,'none'
'nld_cents_5_1',1925,'none'
'nld_cents_5_1',1926,'none'
'nld_cents_5_1',1927,'none'
'nld_cents_5_1',1928,'none'
'nld_cents_5_1',1929,'none'
'nld_cents_5_1',1930,'none'
'nld_cents_5_1',1931,'none'
'nld_cents_5_1',1932,'none'
'nld_cents_5_1',1933,'none'
'nld_cents_5_1',1934,'none'
'nld_cents_5_1',1935,'none'
'nld_cents_5_1',1936,'none'
'nld_cents_5_1',1937,'none'
'nld_cents_5_1',1938,'none'
'nld_cents_5_1',1939,'none'
'nld_cents_5_1',1940,'none'
'nld_cents_5_1',1941,'none'
'nld_cents_5_1',1942,'none'
'nld_cents_5_1',1943,'none'
'nld_cents_5_1',1944,'none'
'nld_cents_5_1',1945,'none'
'nld_dukaat_1_1',1849,'none'
'nld_dukaat_1_1',1850,'none'
'nld_dukaat_1_1',1851,'none'
'nld_dukaat_1_1',1852,'none'
'nld_dukaat_1_1',1853,'none'
'nld_dukaat_1_1',1854,'none'
'nld_dukaat_1_1',1855,'none'
'nld_dukaat_1_1',1856,'none'
'nld_dukaat_1_1',1857,'none'
'nld_dukaat_1_1',1858,'none'
'nld_dukaat_1_1',1859,'none'
'nld_dukaat_1_1',1860,'none'
'nld_dukaat_1_1',1861,'none'
'nld_dukaat_1_1',1862,'none'
'nld_dukaat_1_1',1863,'none'
'nld_dukaat_1_1',1864,'none'
'nld_dukaat_1_1',1865,'none'
'nld_dukaat_1_1',1866,'none'
'nld_dukaat_1_1',1867,'none'
'nld_dukaat_1_1',1868,'none'
'nld_dukaat_1_1',1869,'none'
'nld_dukaat_1_1',1870,'none'
'nld_dukaat_1_1',1871,'none'
'nld_dukaat_1_1',1872,'none'
'nld_dukaat_1_1',1873,'none'
'nld_dukaat_1_1',1874,'none'
'nld_dukaat_1_1',1875,'none'
'nld_dukaat_1_1',1876,'none'
'nld_dukaat_1_1',1877,'none'
'nld_dukaat_1_1',1878,'none'
'nld_dukaat_1_1',1879,'none'
'nld_dukaat_1_1',1880,'none'
'nld_dukaat_1_1',1881,'none'
'nld_dukaat_1_1',1882,'none'
'nld_dukaat_1_1',1883,'none'
'nld_dukaat_1_1',1884,'none'
'nld_dukaat_1_1',1885,'none'
'nld_dukaat_1_1',1886,'none'
'nld_dukaat_1_1',1887,'none'
'nld_dukaat_1_1',1888,'none'
'nld_dukaat_1_1',1889,'none'
'nld_dukaat_1_1',1890,'none'
'nld_dukaat_1_1',1891,'none'
'nld_dukaat_1_1',1892,'none'
'nld_dukaat_1_1',1893,'none'
'nld_dukaat_1_1',1894,'none'
'nld_dukaat_1_1',1895,'none'
'nld_dukaat_1_1',1896,'none'
'nld_dukaat_1_1',1897,'none'
'nld_dukaat_1_1',1898,'none'
'nld_dukaat_1_1',1899,'none'
'nld_dukaat_1_1',1900,'none'
'nld_dukaat_1_1',1901,'none'
'nld_dukaat_1_1',1902,'none'
'nld_dukaat_1_1',1903,'none'
'nld_dukaat_1_1',1904,'none'
'nld_dukaat_1_1',1905,'none'
'nld_dukaat_1_1',1906,'none'
'nld_dukaat_1_1',1907,'none'
'nld_dukaat_1_1',1908,'none'
'nld_dukaat_1_1',1909,'none'
'nld_dukaat_1_1',1910,'none'
'nld_dukaat_1_1',1911,'none'
'nld_dukaat_1_1',1912,'none'
'nld_dukaat_1_1',1913,'none'
'nld_dukaat_1_1',1914,'none'
'nld_dukaat_1_1',1915,'none'
'nld_dukaat_1_1',1916,'none'
'nld_dukaat_1_1',1917,'none'
'nld_dukaat_1_1',1918,'none'
'nld_dukaat_1_1',1919,'none'
'nld_dukaat_1_1',1920,'none'
'nld_dukaat_1_1',1921,'none'
'nld_dukaat_1_1',1922,'none'
'nld_dukaat_1_1',1923,'none'
'nld_dukaat_1_1',1924,'none'
'nld_dukaat_1_1',1925,'none'
'nld_dukaat_1_1',1926,'none'
'nld_dukaat_1_1',1927,'none'
'nld_dukaat_1_1',1928,'none'
'nld_dukaat_1_1',1929,'none'
'nld_dukaat_1_1',1930,'none'
'nld_dukaat_1_1',1931,'none'
'nld_dukaat_1_1',1932,'none'
'nld_dukaat_1_1',1933,'none'
'nld_dukaat_1_1',1934,'none'
'nld_dukaat_1_1',1935,'none'
'nld_dukaat_1_1',1936,'none'
'nld_dukaat_1_1',1937,'none'
'nld_dukaat_1_1',1938,'none'
'nld_dukaat_1_1',1939,'none'
'nld_dukaat_1_1',1940,'none'
'nld_dukaat_1_1',1941,'none'
'nld_dukaat_1_1',1942,'none'
'nld_dukaat_1_1',1943,'none'
'nld_dukaat_1_1',1944,'none'
'nld_dukaat_1_1',1945,'none'
'nld_dukaat_1_1',1946,'none'
'nld_dukaat_1_1',1947,'none'
'nld_dukaat_1_1',1948,'none'
'nld_dukaat_1_1',1949,'none'
'nld_dukaat_1_1',1950,'none'
'nld_dukaat_1_1',1951,'none'
'nld_dukaat_1_1',1952,'none'
'nld_dukaat_1_1',1953,'none'
'nld_dukaat_1_1',1954,'none'
'nld_dukaat_1_1',1955,'none'
'nld_dukaat_1_1',1956,'none'
'nld_dukaat_1_1',1957,'none'
'nld_dukaat_1_1',1958,'none'
'nld_dukaat_1_1',1959,'none'
'nld_dukaat_1_1',1960,'none'
'nld_dukaat_1_1',1961,'none'
'nld_dukaat_1_1',1962,'none'
'nld_dukaat_1_1',1963,'none'
'nld_dukaat_1_1',1964,'none'
'nld_dukaat_1_1',1965,'none'
'nld_dukaat_1_1',1966,'none'
'nld_dukaat_1_1',1967,'none'
'nld_dukaat_1_1',1968,'none'
'nld_dukaat_1_1',1969,'none'
'nld_dukaat_1_1',1970,'none'
'nld_dukaat_1_1',1971,'none'
'nld_dukaat_1_1',1972,'none'
'nld_dukaat_1_1',1973,'none'
'nld_dukaat_1_1',1974,'none'
'nld_dukaat_1_1',1975,'none'
'nld_dukaat_2_1',1849,'none'
'nld_dukaat_2_1',1850,'none'
'nld_dukaat_2_1',1851,'none'
'nld_dukaat_2_1',1852,'none'
'nld_dukaat_2_1',1853,'none'
'nld_dukaat_2_1',1854,'none'
'nld_dukaat_2_1',1855,'none'
'nld_dukaat_2_1',1856,'none'
'nld_dukaat_2_1',1857,'none'
'nld_dukaat_2_1',1858,'none'
'nld_dukaat_2_1',1859,'none'
'nld_dukaat_2_1',1860,'none'
'nld_dukaat_2_1',1861,'none'
'nld_dukaat_2_1',1862,'none'
'nld_dukaat_2_1',1863,'none'
'nld_dukaat_2_1',1864,'none'
'nld_dukaat_2_1',1865,'none'
'nld_dukaat_2_1',1866,'none'
'nld_dukaat_2_1',1867,'none'
'nld_dukaat_2_1',1868,'none'
'nld_dukaat_2_1',1869,'none'
'nld_dukaat_2_1',1870,'none'
'nld_dukaat_2_1',1871,'none'
'nld_dukaat_2_1',1872,'none'
'nld_dukaat_2_1',1873,'none'
'nld_dukaat_2_1',1874,'none'
'nld_dukaat_2_1',1875,'none'
'nld_dukaat_2_1',1876,'none'
'nld_dukaat_2_1',1877,'none'
'nld_dukaat_2_1',1878,'none'
'nld_dukaat_2_1',1879,'none'
'nld_dukaat_2_1',1880,'none'
'nld_dukaat_2_1',1881,'none'
'nld_dukaat_2_1',1882,'none'
'nld_dukaat_2_1',1883,'none'
'nld_dukaat_2_1',1884,'none'
'nld_dukaat_2_1',1885,'none'
'nld_dukaat_2_1',1886,'none'
'nld_dukaat_2_1',1887,'none'
'nld_dukaat_2_1',1888,'none'
'nld_dukaat_2_1',1889,'none'
'nld_dukaat_2_1',1890,'none'
'nld_dukaat_2_1',1891,'none'
'nld_dukaat_2_1',1892,'none'
'nld_dukaat_2_1',1893,'none'
'nld_dukaat_2_1',1894,'none'
'nld_dukaat_2_1',1895,'none'
'nld_dukaat_2_1',1896,'none'
'nld_dukaat_2_1',1897,'none'
'nld_dukaat_2_1',1898,'none'
'nld_dukaat_2_1',1899,'none'
'nld_dukaat_2_1',1900,'none'
'nld_dukaat_2_1',1901,'none'
'nld_dukaat_2_1',1902,'none'
'nld_dukaat_2_1',1903,'none'
'nld_dukaat_2_1',1904,'none'
'nld_dukaat_2_1',1905,'none'
'nld_dukaat_2_1',1906,'none'
'nld_dukaat_2_1',1907,'none'
'nld_dukaat_2_1',1908,'none'
'nld_dukaat_2_1',1909,'none'
'nld_dukaat_2_1',1910,'none'
'nld_dukaat_2_1',1911,'none'
'nld_dukaat_2_1',1912,'none'
'nld_dukaat_2_1',1913,'none'
'nld_dukaat_2_1',1914,'none'
'nld_dukaat_2_1',1915,'none'
'nld_dukaat_2_1',1916,'none'
'nld_dukaat_2_1',1917,'none'
'nld_dukaat_2_1',1918,'none'
'nld_dukaat_2_1',1919,'none'
'nld_dukaat_2_1',1920,'none'
'nld_dukaat_2_1',1921,'none'
'nld_dukaat_2_1',1922,'none'
'nld_dukaat_2_1',1923,'none'
'nld_dukaat_2_1',1924,'none'
'nld_dukaat_2_1',1925,'none'
'nld_dukaat_2_1',1926,'none'
'nld_dukaat_2_1',1927,'none'
'nld_dukaat_2_1',1928,'none'
'nld_dukaat_2_1',1929,'none'
'nld_dukaat_2_1',1930,'none'
'nld_dukaat_2_1',1931,'none'
'nld_dukaat_2_1',1932,'none'
'nld_dukaat_2_1',1933,'none'
'nld_dukaat_2_1',1934,'none'
'nld_dukaat_2_1',1935,'none'
'nld_dukaat_2_1',1936,'none'
'nld_dukaat_2_1',1937,'none'
'nld_dukaat_2_1',1938,'none'
'nld_dukaat_2_1',1939,'none'
'nld_dukaat_2_1',1940,'none'
'nld_dukaat_2_1',1941,'none'
'nld_dukaat_2_1',1942,'none'
'nld_dukaat_2_1',1943,'none'
'nld_dukaat_2_1',1944,'none'
'nld_dukaat_2_1',1945,'none'
'nld_dukaat_2_1',1946,'none'
'nld_dukaat_2_1',1947,'none'
'nld_dukaat_2_1',1948,'none'
'nld_dukaat_2_1',1949,'none'
'nld_dukaat_2_1',1950,'none'
'nld_dukaat_2_1',1951,'none'
'nld_dukaat_2_1',1952,'none'
'nld_dukaat_2_1',1953,'none'
'nld_dukaat_2_1',1954,'none'
'nld_dukaat_2_1',1955,'none'
'nld_dukaat_2_1',1956,'none'
'nld_dukaat_2_1',1957,'none'
'nld_dukaat_2_1',1958,'none'
'nld_dukaat_2_1',1959,'none'
'nld_dukaat_2_1',1960,'none'
'nld_dukaat_2_1',1961,'none'
'nld_dukaat_2_1',1962,'none'
'nld_dukaat_2_1',1963,'none'
'nld_dukaat_2_1',1964,'none'
'nld_dukaat_2_1',1965,'none'
'nld_dukaat_2_1',1966,'none'
'nld_dukaat_2_1',1967,'none'
'nld_dukaat_2_1',1968,'none'
'nld_dukaat_2_1',1969,'none'
'nld_dukaat_2_1',1970,'none'
'nld_dukaat_2_1',1971,'none'
'nld_dukaat_2_1',1972,'none'
'nld_dukaat_2_1',1973,'none'
'nld_dukaat_2_1',1974,'none'
'nld_dukaat_2_1',1975,'none'
'nld_gulden_10_1',1851,'none'
'nld_gulden_10_1',1852,'none'
'nld_gulden_10_1',1853,'none'
'nld_gulden_10_2',1875,'none'
'nld_gulden_10_2',1876,'none'
'nld_gulden_10_2',1877,'none'
'nld_gulden_10_2',1878,'none'
'nld_gulden_10_2',1879,'none'
'nld_gulden_10_2',1880,'none'
'nld_gulden_10_2',1881,'none'
'nld_gulden_10_2',1882,'none'
'nld_gulden_10_2',1883,'none'
'nld_gulden_10_2',1884,'none'
'nld_gulden_10_2',1885,'none'
'nld_gulden_10_2',1886,'none'
'nld_gulden_10_2',1887,'none'
'nld_gulden_10_2',1888,'none'
'nld_gulden_10_2',1889,'none'
'nld_gulden_10_2',1890,'none'
'nld_gulden_10_2',1891,'none'
'nld_gulden_10_2',1892,'none'
'nld_gulden_10_2',1893,'none'
'nld_gulden_10_2',1894,'none'
'nld_gulden_10_2',1895,'none'
'nld_gulden_10_2',1896,'none'
'nld_gulden_10_2',1897,'none'
'nld_gulden_10_2',1898,'none'
'nld_gulden_10_2',1899,'none'
'nld_gulden_10_2',1900,'none'
'nld_gulden_10_2',1901,'none'
'nld_gulden_10_2',1902,'none'
'nld_gulden_10_2',1903,'none'
'nld_gulden_10_2',1904,'none'
'nld_gulden_10_2',1905,'none'
'nld_gulden_10_2',1906,'none'
'nld_gulden_10_2',1907,'none'
'nld_gulden_10_2',1908,'none'
'nld_gulden_10_2',1909,'none'
'nld_gulden_10_2',1910,'none'
'nld_gulden_10_2',1911,'none'
'nld_gulden_10_2',1912,'none'
'nld_gulden_10_2',1913,'none'
'nld_gulden_10_2',1914,'none'
'nld_gulden_10_2',1915,'none'
'nld_gulden_10_2',1916,'none'
'nld_gulden_10_2',1917,'none'
'nld_gulden_10_2',1918,'none'
'nld_gulden_10_2',1919,'none'
'nld_gulden_10_2',1920,'none'
'nld_gulden_10_2',1921,'none'
'nld_gulden_10_2',1922,'none'
'nld_gulden_10_2',1923,'none'
'nld_gulden_10_2',1924,'none'
'nld_gulden_10_2',1925,'none'
'nld_gulden_10_2',1926,'none'
'nld_gulden_10_2',1927,'none'
'nld_gulden_10_2',1928,'none'
'nld_gulden_10_2',1929,'none'
'nld_gulden_10_2',1930,'none'
'nld_gulden_10_2',1931,'none'
'nld_gulden_10_2',1932,'none'
'nld_gulden_10_2',1933,'none'
'nld_gulden_1_1',1840,'none'
'nld_gulden_1_1',1841,'none'
'nld_gulden_1_1',1842,'none'
'nld_gulden_1_1',1843,'none'
'nld_gulden_1_1',1844,'none'
'nld_gulden_1_1',1845,'none'
'nld_gulden_1_1',1846,'none'
'nld_gulden_1_1',1847,'none'
'nld_gulden_1_1',1848,'none'
'nld_gulden_1_1',1849,'none'
'nld_gulden_1_1',1850,'none'
'nld_gulden_1_1',1851,'none'
'nld_gulden_1_1',1852,'none'
'nld_gulden_1_1',1853,'none'
'nld_gulden_1_1',1854,'none'
'nld_gulden_1_1',1855,'none'
'nld_gulden_1_1',1856,'none'
'nld_gulden_1_1',1857,'none'
'nld_gulden_1_1',1858,'none'
'nld_gulden_1_1',1859,'none'
'nld_gulden_1_1',1860,'none'
'nld_gulden_1_1',1861,'none'
'nld_gulden_1_1',1862,'none'
'nld_gulden_1_1',1863,'none'
'nld_gulden_1_1',1864,'none'
'nld_gulden_1_1',1865,'none'
'nld_gulden_1_1',1866,'none'
'nld_gulden_1_1',1867,'none'
'nld_gulden_1_1',1868,'none'
'nld_gulden_1_1',1869,'none'
'nld_gulden_1_1',1870,'none'
'nld_gulden_1_1',1871,'none'
'nld_gulden_1_1',1872,'none'
'nld_gulden_1_1',1873,'none'
'nld_gulden_1_1',1874,'none'
'nld_gulden_1_1',1875,'none'
'nld_gulden_1_1',1876,'none'
'nld_gulden_1_1',1877,'none'
'nld_gulden_1_1',1878,'none'
'nld_gulden_1_1',1879,'none'
'nld_gulden_1_1',1880,'none'
'nld_gulden_1_1',1881,'none'
'nld_gulden_1_1',1882,'none'
'nld_gulden_1_1',1883,'none'
'nld_gulden_1_1',1884,'none'
'nld_gulden_1_1',1885,'none'
'nld_gulden_1_1',1886,'none'
'nld_gulden_1_1',1887,'none'
'nld_gulden_1_1',1888,'none'
'nld_gulden_1_1',1889,'none'
'nld_gulden_1_1',1890,'none'
'nld_gulden_1_1',1891,'none'
'nld_gulden_1_1',1892,'none'
'nld_gulden_1_1',1893,'none'
'nld_gulden_1_1',1894,'none'
'nld_gulden_1_1',1895,'none'
'nld_gulden_1_1',1896,'none'
'nld_gulden_1_1',1897,'none'
'nld_gulden_1_1',1898,'none'
'nld_gulden_1_1',1899,'none'
'nld_gulden_1_1',1900,'none'
'nld_gulden_1_1',1901,'none'
'nld_gulden_1_1',1902,'none'
'nld_gulden_1_1',1903,'none'
'nld_gulden_1_1',1904,'none'
'nld_gulden_1_1',1905,'none'
'nld_gulden_1_1',1906,'none'
'nld_gulden_1_1',1907,'none'
'nld_gulden_1_1',1908,'none'
'nld_gulden_1_1',1909,'none'
'nld_gulden_1_1',1910,'none'
'nld_gulden_1_1',1911,'none'
'nld_gulden_1_1',1912,'none'
'nld_gulden_1_1',1913,'none'
'nld_gulden_1_1',1914,'none'
'nld_gulden_1_1',1915,'none'
'nld_gulden_1_1',1916,'none'
'nld_gulden_1_1',1917,'none'
'nld_gulden_1_1',1918,'none'
'nld_gulden_1_1',1919,'none'
'nld_gulden_1_2',1921,'none'
'nld_gulden_1_2',1922,'none'
'nld_gulden_1_2',1923,'none'
'nld_gulden_1_2',1924,'none'
'nld_gulden_1_2',1925,'none'
'nld_gulden_1_2',1926,'none'
'nld_gulden_1_2',1927,'none'
'nld_gulden_1_2',1928,'none'
'nld_gulden_1_2',1929,'none'
'nld_gulden_1_2',1930,'none'
'nld_gulden_1_2',1931,'none'
'nld_gulden_1_2',1932,'none'
'nld_gulden_1_2',1933,'none'
'nld_gulden_1_2',1934,'none'
'nld_gulden_1_2',1935,'none'
'nld_gulden_1_2',1936,'none'
'nld_gulden_1_2',1937,'none'
'nld_gulden_1_2',1938,'none'
'nld_gulden_1_2',1939,'none'
'nld_gulden_1_2',1940,'none'
'nld_gulden_1_2',1941,'none'
'nld_gulden_1_2',1942,'none'
'nld_gulden_1_2',1943,'none'
'nld_gulden_1_2',1944,'none'
'nld_gulden_1_2',1945,'none'
'nld_gulden_1_3',1954,'none'
'nld_gulden_1_3',1955,'none'
'nld_gulden_1_3',1956,'none'
'nld_gulden_1_3',1957,'none'
'nld_gulden_1_3',1958,'none'
'nld_gulden_1_3',1959,'none'
'nld_gulden_1_3',1960,'none'
'nld_gulden_1_3',1961,'none'
'nld_gulden_1_3',1962,'none'
'nld_gulden_1_3',1963,'none'
'nld_gulden_1_3',1964,'none'
'nld_gulden_1_3',1965,'none'
'nld_gulden_1_3',1966,'none'
'nld_gulden_1_3',1967,'none'
'nld_gulden_20_1',1851,'none'
'nld_gulden_20_1',1852,'none'
'nld_gulden_20_1',1853,'none'
'nld_gulden_5_1',1851,'none'
'nld_gulden_5_1',1852,'none'
'nld_gulden_5_1',1853,'none'
'nld_gulden_5_2',1875,'none'
'nld_gulden_5_2',1876,'none'
'nld_gulden_5_2',1877,'none'
'nld_gulden_5_2',1878,'none'
'nld_gulden_5_2',1879,'none'
'nld_gulden_5_2',1880,'none'
'nld_gulden_5_2',1881,'none'
'nld_gulden_5_2',1882,'none'
'nld_gulden_5_2',1883,'none'
'nld_gulden_5_2',1884,'none'
'nld_gulden_5_2',1885,'none'
'nld_gulden_5_2',1886,'none'
'nld_gulden_5_2',1887,'none'
'nld_gulden_5_2',1888,'none'
'nld_gulden_5_2',1889,'none'
'nld_gulden_5_2',1890,'none'
'nld_gulden_5_2',1891,'none'
'nld_gulden_5_2',1892,'none'
'nld_gulden_5_2',1893,'none'
'nld_gulden_5_2',1894,'none'
'nld_gulden_5_2',1895,'none'
'nld_gulden_5_2',1896,'none'
'nld_gulden_5_2',1897,'none'
'nld_gulden_5_2',1898,'none'
'nld_gulden_5_2',1899,'none'
'nld_gulden_5_2',1900,'none'
'nld_gulden_5_2',1901,'none'
'nld_gulden_5_2',1902,'none'
'nld_gulden_5_2',1903,'none'
'nld_gulden_5_2',1904,'none'
'nld_gulden_5_2',1905,'none'
'nld_gulden_5_2',1906,'none'
'nld_gulden_5_2',1907,'none'
'nld_gulden_5_2',1908,'none'
'nld_gulden_5_2',1909,'none'
'nld_gulden_5_2',1910,'none'
'nld_gulden_5_2',1911,'none'
'nld_gulden_5_2',1912,'none'
'nld_gulden_5_2',1913,'none'
'nld_gulden_5_2',1914,'none'
'nld_gulden_5_2',1915,'none'
'nld_gulden_5_2',1916,'none'
'nld_gulden_5_2',1917,'none'
'nld_gulden_5_2',1918,'none'
'nld_gulden_5_2',1919,'none'
'nld_gulden_5_2',1920,'none'
'nld_gulden_5_2',1921,'none'
'nld_gulden_5_2',1922,'none'
'nld_gulden_5_2',1923,'none'
'nld_gulden_5_2',1924,'none'
'nld_gulden_5_2',1925,'none'
'nld_gulden_5_2',1926,'none'
'nld_gulden_5_2',1927,'none'
'nld_gulden_5_2',1928,'none'
'nld_gulden_5_2',1929,'none'
'nld_gulden_5_2',1930,'none'
'nld_gulden_5_2',1931,'none'
'nld_gulden_5_2',1932,'none'
'nld_gulden_5_2',1933,'none'
'nld_gulden_fractional_1_2_1',1840,'none'
'nld_gulden_fractional_1_2_1',1841,'none'
'nld_gulden_fractional_1_2_1',1842,'none'
'nld_gulden_fractional_1_2_1',1843,'none'
'nld_gulden_fractional_1_2_1',1844,'none'
'nld_gulden_fractional_1_2_1',1845,'none'
'nld_gulden_fractional_1_2_1',1846,'none'
'nld_gulden_fractional_1_2_1',1847,'none'
'nld_gulden_fractional_1_2_1',1848,'none'
'nld_gulden_fractional_1_2_1',1849,'none'
'nld_gulden_fractional_1_2_1',1850,'none'
'nld_gulden_fractional_1_2_1',1851,'none'
'nld_gulden_fractional_1_2_1',1852,'none'
'nld_gulden_fractional_1_2_1',1853,'none'
'nld_gulden_fractional_1_2_1',1854,'none'
'nld_gulden_fractional_1_2_1',1855,'none'
'nld_gulden_fractional_1_2_1',1856,'none'
'nld_gulden_fractional_1_2_1',1857,'none'
'nld_gulden_fractional_1_2_1',1858,'none'
'nld_gulden_fractional_1_2_1',1859,'none'
'nld_gulden_fractional_1_2_1',1860,'none'
'nld_gulden_fractional_1_2_1',1861,'none'
'nld_gulden_fractional_1_2_1',1862,'none'
'nld_gulden_fractional_1_2_1',1863,'none'
'nld_gulden_fractional_1_2_1',1864,'none'
'nld_gulden_fractional_1_2_1',1865,'none'
'nld_gulden_fractional_1_2_1',1866,'none'
'nld_gulden_fractional_1_2_1',1867,'none'
'nld_gulden_fractional_1_2_1',1868,'none'
'nld_gulden_fractional_1_2_1',1869,'none'
'nld_gulden_fractional_1_2_1',1870,'none'
'nld_gulden_fractional_1_2_1',1871,'none'
'nld_gulden_fractional_1_2_1',1872,'none'
'nld_gulden_fractional_1_2_1',1873,'none'
'nld_gulden_fractional_1_2_1',1874,'none'
'nld_gulden_fractional_1_2_1',1875,'none'
'nld_gulden_fractional_1_2_1',1876,'none'
'nld_gulden_fractional_1_2_1',1877,'none'
'nld_gulden_fractional_1_2_1',1878,'none'
'nld_gulden_fractional_1_2_1',1879,'none'
'nld_gulden_fractional_1_2_1',1880,'none'
'nld_gulden_fractional_1_2_1',1881,'none'
'nld_gulden_fractional_1_2_1',1882,'none'
'nld_gulden_fractional_1_2_1',1883,'none'
'nld_gulden_fractional_1_2_1',1884,'none'
'nld_gulden_fractional_1_2_1',1885,'none'
'nld_gulden_fractional_1_2_1',1886,'none'
'nld_gulden_fractional_1_2_1',1887,'none'
'nld_gulden_fractional_1_2_1',1888,'none'
'nld_gulden_fractional_1_2_1',1889,'none'
'nld_gulden_fractional_1_2_1',1890,'none'
'nld_gulden_fractional_1_2_1',1891,'none'
'nld_gulden_fractional_1_2_1',1892,'none'
'nld_gulden_fractional_1_2_1',1893,'none'
'nld_gulden_fractional_1_2_1',1894,'none'
'nld_gulden_fractional_1_2_1',1895,'none'
'nld_gulden_fractional_1_2_1',1896,'none'
'nld_gulden_fractional_1_2_1',1897,'none'
'nld_gulden_fractional_1_2_1',1898,'none'
'nld_gulden_fractional_1_2_1',1899,'none'
'nld_gulden_fractional_1_2_1',1900,'none'
'nld_gulden_fractional_1_2_1',1901,'none'
'nld_gulden_fractional_1_2_1',1902,'none'
'nld_gulden_fractional_1_2_1',1903,'none'
'nld_gulden_fractional_1_2_1',1904,'none'
'nld_gulden_fractional_1_2_1',1905,'none'
'nld_gulden_fractional_1_2_1',1906,'none'
'nld_gulden_fractional_1_2_1',1907,'none'
'nld_gulden_fractional_1_2_1',1908,'none'
'nld_gulden_fractional_1_2_1',1909,'none'
'nld_gulden_fractional_1_2_1',1910,'none'
'nld_gulden_fractional_1_2_1',1911,'none'
'nld_gulden_fractional_1_2_1',1912,'none'
'nld_gulden_fractional_1_2_1',1913,'none'
'nld_gulden_fractional_1_2_1',1914,'none'
'nld_gulden_fractional_1_2_1',1915,'none'
'nld_gulden_fractional_1_2_1',1916,'none'
'nld_gulden_fractional_1_2_1',1917,'none'
'nld_gulden_fractional_1_2_1',1918,'none'
'nld_gulden_fractional_1_2_1',1919,'none'
'nld_gulden_fractional_1_2_2',1921,'none'
'nld_gulden_fractional_1_2_2',1922,'none'
'nld_gulden_fractional_1_2_2',1923,'none'
'nld_gulden_fractional_1_2_2',1924,'none'
'nld_gulden_fractional_1_2_2',1925,'none'
'nld_gulden_fractional_1_2_2',1926,'none'
'nld_gulden_fractional_1_2_2',1927,'none'
'nld_gulden_fractional_1_2_2',1928,'none'
'nld_gulden_fractional_1_2_2',1929,'none'
'nld_gulden_fractional_1_2_2',1930,'none'
'nld_gulden_fractional_1_2_2',1931,'none'
'nld_gulden_fractional_1_2_2',1932,'none'
'nld_gulden_fractional_1_2_2',1933,'none'
'nld_gulden_fractional_1_2_2',1934,'none'
'nld_gulden_fractional_1_2_2',1935,'none'
'nld_gulden_fractional_1_2_2',1936,'none'
'nld_gulden_fractional_1_2_2',1937,'none'
'nld_gulden_fractional_1_2_2',1938,'none'
'nld_gulden_fractional_1_2_2',1939,'none'
'nld_gulden_fractional_1_2_2',1940,'none'
'nld_gulden_fractional_1_2_2',1941,'none'
'nld_gulden_fractional_1_2_2',1942,'none'
'nld_gulden_fractional_1_2_2',1943,'none'
'nld_gulden_fractional_1_2_2',1944,'none'
'nld_gulden_fractional_1_2_2',1945,'none'
'nld_gulden_fractional_2_1_2_1',1840,'none'
'nld_gulden_fractional_2_1_2_1',1841,'none'
'nld_gulden_fractional_2_1_2_1',1842,'none'
'nld_gulden_fractional_2_1_2_1',1843,'none'
'nld_gulden_fractional_2_1_2_1',1844,'none'
'nld_gulden_fractional_2_1_2_1',1845,'none'
'nld_gulden_fractional_2_1_2_1',1846,'none'
'nld_gulden_fractional_2_1_2_1',1847,'none'
'nld_gulden_fractional_2_1_2_1',1848,'none'
'nld_gulden_fractional_2_1_2_1',1849,'none'
'nld_gulden_fractional_2_1_2_1',1850,'none'
'nld_gulden_fractional_2_1_2_1',1851,'none'
'nld_gulden_fractional_2_1_2_1',1852,'none'
'nld_gulden_fractional_2_1_2_1',1853,'none'
'nld_gulden_fractional_2_1_2_1',1854,'none'
'nld_gulden_fractional_2_1_2_1',1855,'none'
'nld_gulden_fractional_2_1_2_1',1856,'none'
'nld_gulden_fractional_2_1_2_1',1857,'none'
'nld_gulden_fractional_2_1_2_1',1858,'none'
'nld_gulden_fractional_2_1_2_1',1859,'none'
'nld_gulden_fractional_2_1_2_1',1860,'none'
'nld_gulden_fractional_2_1_2_1',1861,'none'
'nld_gulden_fractional_2_1_2_1',1862,'none'
'nld_gulden_fractional_2_1_2_1',1863,'none'
'nld_gulden_fractional_2_1_2_1',1864,'none'
'nld_gulden_fractional_2_1_2_1',1865,'none'
'nld_gulden_fractional_2_1_2_1',1866,'none'
'nld_gulden_fractional_2_1_2_1',1867,'none'
'nld_gulden_fractional_2_1_2_1',1868,'none'
'nld_gulden_fractional_2_1_2_1',1869,'none'
'nld_gulden_fractional_2_1_2_1',1870,'none'
'nld_gulden_fractional_2_1_2_1',1871,'none'
'nld_gulden_fractional_2_1_2_1',1872,'none'
'nld_gulden_fractional_2_1_2_1',1873,'none'
'nld_gulden_fractional_2_1_2_1',1874,'none'
'nld_gulden_fractional_2_1_2_1',1875,'none'
'nld_gulden_fractional_2_1_2_1',1876,'none'
'nld_gulden_fractional_2_1_2_1',1877,'none'
'nld_gulden_fractional_2_1_2_1',1878,'none'
'nld_gulden_fractional_2_1_2_1',1879,'none'
'nld_gulden_fractional_2_1_2_1',1880,'none'
'nld_gulden_fractional_2_1_2_1',1881,'none'
'nld_gulden_fractional_2_1_2_1',1882,'none'
'nld_gulden_fractional_2_1_2_1',1883,'none'
'nld_gulden_fractional_2_1_2_1',1884,'none'
'nld_gulden_fractional_2_1_2_1',1885,'none'
'nld_gulden_fractional_2_1_2_1',1886,'none'
'nld_gulden_fractional_2_1_2_1',1887,'none'
'nld_gulden_fractional_2_1_2_1',1888,'none'
'nld_gulden_fractional_2_1_2_1',1889,'none'
'nld_gulden_fractional_2_1_2_1',1890,'none'
'nld_gulden_fractional_2_1_2_1',1891,'none'
'nld_gulden_fractional_2_1_2_1',1892,'none'
'nld_gulden_fractional_2_1_2_1',1893,'none'
'nld_gulden_fractional_2_1_2_1',1894,'none'
'nld_gulden_fractional_2_1_2_1',1895,'none'
'nld_gulden_fractional_2_1_2_1',1896,'none'
'nld_gulden_fractional_2_1_2_1',1897,'none'
'nld_gulden_fractional_2_1_2_1',1898,'none'
'nld_gulden_fractional_2_1_2_1',1899,'none'
'nld_gulden_fractional_2_1_2_1',1900,'none'
'nld_gulden_fractional_2_1_2_1',1901,'none'
'nld_gulden_fractional_2_1_2_1',1902,'none'
'nld_gulden_fractional_2_1_2_1',1903,'none'
'nld_gulden_fractional_2_1_2_1',1904,'none'
'nld_gulden_fractional_2_1_2_1',1905,'none'
'nld_gulden_fractional_2_1_2_1',1906,'none'
'nld_gulden_fractional_2_1_2_1',1907,'none'
'nld_gulden_fractional_2_1_2_1',1908,'none'
'nld_gulden_fractional_2_1_2_1',1909,'none'
'nld_gulden_fractional_2_1_2_1',1910,'none'
'nld_gulden_fractional_2_1_2_1',1911,'none'
'nld_gulden_fractional_2_1_2_1',1912,'none'
'nld_gulden_fractional_2_1_2_1',1913,'none'
'nld_gulden_fractional_2_1_2_1',1914,'none'
'nld_gulden_fractional_2_1_2_1',1915,'none'
'nld_gulden_fractional_2_1_2_1',1916,'none'
'nld_gulden_fractional_2_1_2_1',1917,'none'
'nld_gulden_fractional_2_1_2_1',1918,'none'
'nld_gulden_fractional_2_1_2_1',1919,'none'
'nld_gulden_fractional_2_1_2_2',1921,'none'
'nld_gulden_fractional_2_1_2_2',1922,'none'
'nld_gulden_fractional_2_1_2_2',1923,'none'
'nld_gulden_fractional_2_1_2_2',1924,'none'
'nld_gulden_fractional_2_1_2_2',1925,'none'
'nld_gulden_fractional_2_1_2_2',1926,'none'
'nld_gulden_fractional_2_1_2_2',1927,'none'
'nld_gulden_fractional_2_1_2_2',1928,'none'
'nld_gulden_fractional_2_1_2_2',1929,'none'
'nld_gulden_fractional_2_1_2_2',1930,'none'
'nld_gulden_fractional_2_1_2_2',1931,'none'
'nld_gulden_fractional_2_1_2_2',1932,'none'
'nld_gulden_fractional_2_1_2_2',1933,'none'
'nld_gulden_fractional_2_1_2_2',1934,'none'
'nld_gulden_fractional_2_1_2_2',1935,'none'
'nld_gulden_fractional_2_1_2_2',1936,'none'
'nld_gulden_fractional_2_1_2_2',1937,'none'
'nld_gulden_fractional_2_1_2_2',1938,'none'
'nld_gulden_fractional_2_1_2_2',1939,'none'
'nld_gulden_fractional_2_1_2_2',1940,'none'
'nld_gulden_fractional_2_1_2_2',1941,'none'
'nld_gulden_fractional_2_1_2_2',1942,'none'
'nld_gulden_fractional_2_1_2_2',1943,'none'
'nld_gulden_fractional_2_1_2_2',1944,'none'
'nld_gulden_fractional_2_1_2_2',1945,'none'
'nld_gulden_fractional_2_1_2_3',1954,'none'
'nld_gulden_fractional_2_1_2_3',1955,'none'
'nld_gulden_fractional_2_1_2_3',1956,'none'
'nld_gulden_fractional_2_1_2_3',1957,'none'
'nld_gulden_fractional_2_1_2_3',1958,'none'
'nld_gulden_fractional_2_1_2_3',1959,'none'
'nld_gulden_fractional_2_1_2_3',1960,'none'
'nld_gulden_fractional_2_1_2_3',1961,'none'
'nld_gulden_fractional_2_1_2_3',1962,'none'
'nld_gulden_fractional_2_1_2_3',1963,'none'
'nld_gulden_fractional_2_1_2_3',1964,'none'
'nld_gulden_fractional_2_1_2_3',1965,'none'
'nld_gulden_fractional_2_1_2_3',1966,'none'
'nld_gulden_fractional_2_1_2_3',1967,'none'
'nor_krone_10_1',1964,'none'
'nor_krone_10_2',1874,'none'
'nor_krone_10_2',1875,'none'
'nor_krone_10_2',1876,'none'
'nor_krone_10_2',1877,'none'
'nor_krone_10_2',1878,'none'
'nor_krone_10_2',1879,'none'
'nor_krone_10_2',1880,'none'
'nor_krone_10_2',1881,'none'
'nor_krone_10_2',1882,'none'
'nor_krone_10_2',1883,'none'
'nor_krone_10_2',1884,'none'
'nor_krone_10_2',1885,'none'
'nor_krone_10_2',1886,'none'
'nor_krone_10_2',1887,'none'
'nor_krone_10_2',1888,'none'
'nor_krone_10_2',1889,'none'
'nor_krone_10_2',1890,'none'
'nor_krone_10_2',1891,'none'
'nor_krone_10_2',1892,'none'
'nor_krone_10_2',1893,'none'
'nor_krone_10_2',1894,'none'
'nor_krone_10_2',1895,'none'
'nor_krone_10_2',1896,'none'
'nor_krone_10_2',1897,'none'
'nor_krone_10_2',1898,'none'
'nor_krone_10_2',1899,'none'
'nor_krone_10_2',1900,'none'
'nor_krone_10_2',1901,'none'
'nor_krone_10_2',1902,'none'
'nor_krone_10_2',1903,'none'
'nor_krone_10_2',1904,'none'
'nor_krone_10_2',1905,'none'
'nor_krone_10_2',1906,'none'
'nor_krone_10_2',1907,'none'
'nor_krone_10_2',1908,'none'
'nor_krone_10_2',1909,'none'
'nor_krone_10_2',1910,'none'
'nor_krone_1_1',1874,'none'
'nor_krone_1_1',1875,'none'
'nor_krone_1_2',1875,'none'
'nor_krone_1_2',1876,'none'
'nor_krone_1_2',1877,'none'
'nor_krone_1_2',1878,'none'
'nor_krone_1_2',1879,'none'
'nor_krone_1_2',1880,'none'
'nor_krone_1_2',1881,'none'
'nor_krone_1_2',1882,'none'
'nor_krone_1_2',1883,'none'
'nor_krone_1_2',1884,'none'
'nor_krone_1_2',1885,'none'
'nor_krone_1_2',1886,'none'
'nor_krone_1_2',1887,'none'
'nor_krone_1_2',1888,'none'
'nor_krone_1_2',1889,'none'
'nor_krone_1_2',1890,'none'
'nor_krone_1_2',1891,'none'
'nor_krone_1_2',1892,'none'
'nor_krone_1_2',1893,'none'
'nor_krone_1_2',1894,'none'
'nor_krone_1_2',1895,'none'
'nor_krone_1_2',1896,'none'
'nor_krone_1_2',1897,'none'
'nor_krone_1_2',1898,'none'
'nor_krone_1_2',1899,'none'
'nor_krone_1_2',1900,'none'
'nor_krone_1_2',1901,'none'
'nor_krone_1_2',1902,'none'
'nor_krone_1_2',1903,'none'
'nor_krone_1_2',1904,'none'
'nor_krone_1_3',1908,'none'
'nor_krone_1_3',1909,'none'
'nor_krone_1_3',1910,'none'
'nor_krone_1_3',1911,'none'
'nor_krone_1_3',1912,'none'
'nor_krone_1_3',1913,'none'
'nor_krone_1_3',1914,'none'
'nor_krone_1_3',1915,'none'
'nor_krone_1_3',1916,'none'
'nor_krone_1_3',1917,'none'
'nor_krone_1_3',1918,'none'
'nor_krone_1_3',1919,'none'
'nor_krone_20_1',1874,'none'
'nor_krone_20_1',1875,'none'
'nor_krone_20_1',1876,'none'
'nor_krone_20_1',1877,'none'
'nor_krone_20_1',1878,'none'
'nor_krone_20_1',1879,'none'
'nor_krone_20_1',1880,'none'
'nor_krone_20_1',1881,'none'
'nor_krone_20_1',1882,'none'
'nor_krone_20_1',1883,'none'
'nor_krone_20_1',1884,'none'
'nor_krone_20_1',1885,'none'
'nor_krone_20_1',1886,'none'
'nor_krone_20_1',1887,'none'
'nor_krone_20_1',1888,'none'
'nor_krone_20_1',1889,'none'
'nor_krone_20_1',1890,'none'
'nor_krone_20_1',1891,'none'
'nor_krone_20_1',1892,'none'
'nor_krone_20_1',1893,'none'
'nor_krone_20_1',1894,'none'
'nor_krone_20_1',1895,'none'
'nor_krone_20_1',1896,'none'
'nor_krone_20_1',1897,'none'
'nor_krone_20_1',1898,'none'
'nor_krone_20_1',1899,'none'
'nor_krone_20_1',1900,'none'
'nor_krone_20_1',1901,'none'
'nor_krone_20_1',1902,'none'
'nor_krone_20_1',1903,'none'
'nor_krone_20_1',1904,'none'
'nor_krone_20_1',1905,'none'
'nor_krone_20_1',1906,'none'
'nor_krone_20_1',1907,'none'
'nor_krone_20_1',1908,'none'
'nor_krone_20_1',1909,'none'
'nor_krone_20_1',1910,'none'
'nor_krone_2_1',1875,'none'
'nor_krone_2_1',1876,'none'
'nor_krone_2_1',1877,'none'
'nor_krone_2_1',1878,'none'
'nor_krone_2_1',1879,'none'
'nor_krone_2_1',1880,'none'
'nor_krone_2_1',1881,'none'
'nor_krone_2_1',1882,'none'
'nor_krone_2_1',1883,'none'
'nor_krone_2_1',1884,'none'
'nor_krone_2_1',1885,'none'
'nor_krone_2_1',1886,'none'
'nor_krone_2_1',1887,'none'
'nor_krone_2_1',1888,'none'
'nor_krone_2_1',1889,'none'
'nor_krone_2_1',1890,'none'
'nor_krone_2_1',1891,'none'
'nor_krone_2_1',1892,'none'
'nor_krone_2_1',1893,'none'
'nor_krone_2_1',1894,'none'
'nor_krone_2_1',1895,'none'
'nor_krone_2_1',1896,'none'
'nor_krone_2_1',1897,'none'
'nor_krone_2_1',1898,'none'
'nor_krone_2_1',1899,'none'
'nor_krone_2_1',1900,'none'
'nor_krone_2_1',1901,'none'
'nor_krone_2_1',1902,'none'
'nor_krone_2_1',1903,'none'
'nor_krone_2_1',1904,'none'
'nor_krone_2_2',1908,'none'
'nor_krone_2_2',1909,'none'
'nor_krone_2_2',1910,'none'
'nor_krone_2_2',1911,'none'
'nor_krone_2_2',1912,'none'
'nor_krone_2_2',1913,'none'
'nor_krone_2_2',1914,'none'
'nor_krone_2_2',1915,'none'
'nor_krone_2_2',1916,'none'
'nor_krone_2_2',1917,'none'
'nor_krone_2_2',1918,'none'
'nor_krone_2_2',1919,'none'
'nor_ore_10_1',1874,'none'
'nor_ore_10_1',1875,'none'
'nor_ore_10_2',1875,'none'
'nor_ore_10_2',1876,'none'
'nor_ore_10_2',1877,'none'
'nor_ore_10_2',1878,'none'
'nor_ore_10_2',1879,'none'
'nor_ore_10_2',1880,'none'
'nor_ore_10_2',1881,'none'
'nor_ore_10_2',1882,'none'
'nor_ore_10_2',1883,'none'
'nor_ore_10_2',1884,'none'
'nor_ore_10_2',1885,'none'
'nor_ore_10_2',1886,'none'
'nor_ore_10_2',1887,'none'
'nor_ore_10_2',1888,'none'
'nor_ore_10_2',1889,'none'
'nor_ore_10_2',1890,'none'
'nor_ore_10_2',1891,'none'
'nor_ore_10_2',1892,'none'
'nor_ore_10_2',1893,'none'
'nor_ore_10_2',1894,'none'
'nor_ore_10_2',1895,'none'
'nor_ore_10_2',1896,'none'
'nor_ore_10_2',1897,'none'
'nor_ore_10_2',1898,'none'
'nor_ore_10_2',1899,'none'
'nor_ore_10_2',1900,'none'
'nor_ore_10_2',1901,'none'
'nor_ore_10_2',1902,'none'
'nor_ore_10_2',1903,'none'
'nor_ore_10_2',1904,'none'
'nor_ore_10_3',1908,'none'
'nor_ore_10_3',1909,'none'
'nor_ore_10_3',1910,'none'
'nor_ore_10_3',1911,'none'
'nor_ore_10_3',1912,'none'
'nor_ore_10_3',1913,'none'
'nor_ore_10_3',1914,'none'
'nor_ore_10_3',1915,'none'
'nor_ore_10_3',1916,'none'
'nor_ore_10_3',1917,'none'
'nor_ore_10_3',1918,'none'
'nor_ore_10_3',1919,'none'
'nor_ore_25_1',1875,'none'
'nor_ore_25_1',1876,'none'
'nor_ore_25_1',1877,'none'
'nor_ore_25_1',1878,'none'
'nor_ore_25_1',1879,'none'
'nor_ore_25_1',1880,'none'
'nor_ore_25_1',1881,'none'
'nor_ore_25_1',1882,'none'
'nor_ore_25_1',1883,'none'
'nor_ore_25_1',1884,'none'
'nor_ore_25_1',1885,'none'
'nor_ore_25_1',1886,'none'
'nor_ore_25_1',1887,'none'
'nor_ore_25_1',1888,'none'
'nor_ore_25_1',1889,'none'
'nor_ore_25_1',1890,'none'
'nor_ore_25_1',1891,'none'
'nor_ore_25_1',1892,'none'
'nor_ore_25_1',1893,'none'
'nor_ore_25_1',1894,'none'
'nor_ore_25_1',1895,'none'
'nor_ore_25_1',1896,'none'
'nor_ore_25_1',1897,'none'
'nor_ore_25_1',1898,'none'
'nor_ore_25_1',1899,'none'
'nor_ore_25_1',1900,'none'
'nor_ore_25_1',1901,'none'
'nor_ore_25_1',1902,'none'
'nor_ore_25_1',1903,'none'
'nor_ore_25_1',1904,'none'
'nor_ore_25_2',1908,'none'
'nor_ore_25_2',1909,'none'
'nor_ore_25_2',1910,'none'
'nor_ore_25_2',1911,'none'
'nor_ore_25_2',1912,'none'
'nor_ore_25_2',1913,'none'
'nor_ore_25_2',1914,'none'
'nor_ore_25_2',1915,'none'
'nor_ore_25_2',1916,'none'
'nor_ore_25_2',1917,'none'
'nor_ore_25_2',1918,'none'
'nor_ore_25_2',1919,'none'
'nor_ore_50_1',1874,'none'
'nor_ore_50_1',1875,'none'
'nor_ore_50_2',1875,'none'
'nor_ore_50_2',1876,'none'
'nor_ore_50_2',1877,'none'
'nor_ore_50_2',1878,'none'
'nor_ore_50_2',1879,'none'
'nor_ore_50_2',1880,'none'
'nor_ore_50_2',1881,'none'
'nor_ore_50_2',1882,'none'
'nor_ore_50_2',1883,'none'
'nor_ore_50_2',1884,'none'
'nor_ore_50_2',1885,'none'
'nor_ore_50_2',1886,'none'
'nor_ore_50_2',1887,'none'
'nor_ore_50_2',1888,'none'
'nor_ore_50_2',1889,'none'
'nor_ore_50_2',1890,'none'
'nor_ore_50_2',1891,'none'
'nor_ore_50_2',1892,'none'
'nor_ore_50_2',1893,'none'
'nor_ore_50_2',1894,'none'
'nor_ore_50_2',1895,'none'
'nor_ore_50_2',1896,'none'
'nor_ore_50_2',1897,'none'
'nor_ore_50_2',1898,'none'
'nor_ore_50_2',1899,'none'
'nor_ore_50_2',1900,'none'
'nor_ore_50_2',1901,'none'
'nor_ore_50_2',1902,'none'
'nor_ore_50_2',1903,'none'
'nor_ore_50_2',1904,'none'
'nor_ore_50_3',1908,'none'
'nor_ore_50_3',1909,'none'
'nor_ore_50_3',1910,'none'
'nor_ore_50_3',1911,'none'
'nor_ore_50_3',1912,'none'
'nor_ore_50_3',1913,'none'
'nor_ore_50_3',1914,'none'
'nor_ore_50_3',1915,'none'
'nor_ore_50_3',1916,'none'
'nor_ore_50_3',1917,'none'
'nor_ore_50_3',1918,'none'
'nor_ore_50_3',1919,'none'
'nor_skilling_12_1',1845,'none'
'nor_skilling_12_1',1846,'none'
'nor_skilling_12_1',1847,'none'
'nor_skilling_12_1',1848,'none'
'nor_skilling_12_1',1849,'none'
'nor_skilling_12_1',1850,'none'
'nor_skilling_12_1',1851,'none'
'nor_skilling_12_1',1852,'none'
'nor_skilling_12_1',1853,'none'
'nor_skilling_12_1',1854,'none'
'nor_skilling_12_1',1855,'none'
'nor_skilling_12_1',1856,'none'
'nor_skilling_12_1',1857,'none'
'nor_skilling_12_1',1858,'none'
'nor_skilling_12_1',1859,'none'
'nor_skilling_12_1',1860,'none'
'nor_skilling_12_1',1861,'none'
'nor_skilling_12_1',1862,'none'
'nor_skilling_12_1',1863,'none'
'nor_skilling_12_1',1864,'none'
'nor_skilling_12_1',1865,'none'
'nor_skilling_12_1',1866,'none'
'nor_skilling_12_1',1867,'none'
'nor_skilling_12_1',1868,'none'
'nor_skilling_12_1',1869,'none'
'nor_skilling_12_1',1870,'none'
'nor_skilling_12_1',1871,'none'
'nor_skilling_12_1',1872,'none'
'nor_skilling_12_1',1873,'none'
'nor_skilling_24_1',1845,'none'
'nor_skilling_24_1',1846,'none'
'nor_skilling_24_1',1847,'none'
'nor_skilling_24_1',1848,'none'
'nor_skilling_24_1',1849,'none'
'nor_skilling_24_1',1850,'none'
'nor_skilling_24_1',1851,'none'
'nor_skilling_24_1',1852,'none'
'nor_skilling_24_1',1853,'none'
'nor_skilling_24_1',1854,'none'
'nor_skilling_24_1',1855,'none'
'nor_skilling_24_1',1856,'none'
'nor_skilling_24_1',1857,'none'
'nor_skilling_24_1',1858,'none'
'nor_skilling_24_1',1859,'none'
'nor_skilling_24_1',1860,'none'
'nor_skilling_24_1',1861,'none'
'nor_skilling_24_1',1862,'none'
'nor_skilling_24_1',1863,'none'
'nor_skilling_24_1',1864,'none'
'nor_skilling_24_1',1865,'none'
'nor_skilling_24_1',1866,'none'
'nor_skilling_24_1',1867,'none'
'nor_skilling_24_1',1868,'none'
'nor_skilling_24_1',1869,'none'
'nor_skilling_24_1',1870,'none'
'nor_skilling_24_1',1871,'none'
'nor_skilling_24_1',1872,'none'
'nor_skilling_24_1',1873,'none'
'nor_speciedaler_1_1',1845,'none'
'nor_speciedaler_1_1',1846,'none'
'nor_speciedaler_1_1',1847,'none'
'nor_speciedaler_1_1',1848,'none'
'nor_speciedaler_1_1',1849,'none'
'nor_speciedaler_1_1',1850,'none'
'nor_speciedaler_1_1',1851,'none'
'nor_speciedaler_1_1',1852,'none'
'nor_speciedaler_1_1',1853,'none'
'nor_speciedaler_1_1',1854,'none'
'nor_speciedaler_1_1',1855,'none'
'nor_speciedaler_1_1',1856,'none'
'nor_speciedaler_1_1',1857,'none'
'nor_speciedaler_1_1',1858,'none'
'nor_speciedaler_1_1',1859,'none'
'nor_speciedaler_1_1',1860,'none'
'nor_speciedaler_1_1',1861,'none'
'nor_speciedaler_1_1',1862,'none'
'nor_speciedaler_1_1',1863,'none'
'nor_speciedaler_1_1',1864,'none'
'nor_speciedaler_1_1',1865,'none'
'nor_speciedaler_1_1',1866,'none'
'nor_speciedaler_1_1',1867,'none'
'nor_speciedaler_1_1',1868,'none'
'nor_speciedaler_1_1',1869,'none'
'nor_speciedaler_1_1',1870,'none'
'nor_speciedaler_1_1',1871,'none'
'nor_speciedaler_1_1',1872,'none'
'nor_speciedaler_1_1',1873,'none'
'nor_speciedaler_fractional_1_2_1',1845,'none'
'nor_speciedaler_fractional_1_2_1',1846,'none'
'nor_speciedaler_fractional_1_2_1',1847,'none'
'nor_speciedaler_fractional_1_2_1',1848,'none'
'nor_speciedaler_fractional_1_2_1',1849,'none'
'nor_speciedaler_fractional_1_2_1',1850,'none'
'nor_speciedaler_fractional_1_2_1',1851,'none'
'nor_speciedaler_fractional_1_2_1',1852,'none'
'nor_speciedaler_fractional_1_2_1',1853,'none'
'nor_speciedaler_fractional_1_2_1',1854,'none'
'nor_speciedaler_fractional_1_2_1',1855,'none'
'nor_speciedaler_fractional_1_2_1',1856,'none'
'nor_speciedaler_fractional_1_2_1',1857,'none'
'nor_speciedaler_fractional_1_2_1',1858,'none'
'nor_speciedaler_fractional_1_2_1',1859,'none'
'nor_speciedaler_fractional_1_2_1',1860,'none'
'nor_speciedaler_fractional_1_2_1',1861,'none'
'nor_speciedaler_fractional_1_2_1',1862,'none'
'nor_speciedaler_fractional_1_2_1',1863,'none'
'nor_speciedaler_fractional_1_2_1',1864,'none'
'nor_speciedaler_fractional_1_2_1',1865,'none'
'nor_speciedaler_fractional_1_2_1',1866,'none'
'nor_speciedaler_fractional_1_2_1',1867,'none'
'nor_speciedaler_fractional_1_2_1',1868,'none'
'nor_speciedaler_fractional_1_2_1',1869,'none'
'nor_speciedaler_fractional_1_2_1',1870,'none'
'nor_speciedaler_fractional_1_2_1',1871,'none'
'nor_speciedaler_fractional_1_2_1',1872,'none'
'nor_speciedaler_fractional_1_2_1',1873,'none'
'npl_paisa_20_1',1932,'none'
'npl_paisa_20_1',1933,'none'
'npl_paisa_20_1',1934,'none'
'npl_paisa_20_1',1935,'none'
'npl_paisa_20_1',1936,'none'
'npl_paisa_20_1',1937,'none'
'npl_paisa_20_1',1938,'none'
'npl_paisa_20_1',1939,'none'
'npl_paisa_20_1',1940,'none'
'npl_paisa_20_1',1941,'none'
'npl_paisa_20_1',1942,'none'
'npl_paisa_20_1',1943,'none'
'npl_paisa_20_1',1944,'none'
'npl_paisa_20_1',1945,'none'
'npl_paisa_20_1',1946,'none'
'npl_paisa_20_1',1947,'none'
'npl_paisa_20_1',1948,'none'
'npl_paisa_20_2',1948,'none'
'npl_paisa_20_2',1949,'none'
'npl_paisa_20_2',1950,'none'
'npl_paisa_20_2',1951,'none'
'npl_paisa_20_2',1952,'none'
'npl_paisa_20_2',1953,'none'
'npl_paisa_50_1',1932,'none'
'npl_paisa_50_1',1933,'none'
'npl_paisa_50_1',1934,'none'
'npl_paisa_50_1',1935,'none'
'npl_paisa_50_1',1936,'none'
'npl_paisa_50_1',1937,'none'
'npl_paisa_50_1',1938,'none'
'npl_paisa_50_1',1939,'none'
'npl_paisa_50_1',1940,'none'
'npl_paisa_50_1',1941,'none'
'npl_paisa_50_1',1942,'none'
'npl_paisa_50_1',1943,'none'
'npl_paisa_50_1',1944,'none'
'npl_paisa_50_1',1945,'none'
'npl_paisa_50_1',1946,'none'
'npl_paisa_50_1',1947,'none'
'npl_paisa_50_1',1948,'none'
'npl_paisa_50_2',1948,'none'
'npl_paisa_50_2',1949,'none'
'npl_paisa_50_2',1950,'none'
'npl_paisa_50_2',1951,'none'
'npl_paisa_50_2',1952,'none'
'npl_paisa_50_2',1953,'none'
'npl_rupee_1_1',1932,'none'
'npl_rupee_1_1',1933,'none'
'npl_rupee_1_1',1934,'none'
'npl_rupee_1_1',1935,'none'
'npl_rupee_1_1',1936,'none'
'npl_rupee_1_1',1937,'none'
'npl_rupee_1_1',1938,'none'
'npl_rupee_1_1',1939,'none'
'npl_rupee_1_1',1940,'none'
'npl_rupee_1_1',1941,'none'
'npl_rupee_1_1',1942,'none'
'npl_rupee_1_1',1943,'none'
'npl_rupee_1_1',1944,'none'
'npl_rupee_1_1',1945,'none'
'npl_rupee_1_1',1946,'none'
'npl_rupee_1_1',1947,'none'
'npl_rupee_1_1',1948,'none'
'npl_rupee_1_2',1948,'none'
'npl_rupee_1_2',1949,'none'
'npl_rupee_1_2',1950,'none'
'npl_rupee_1_2',1951,'none'
'npl_rupee_1_2',1952,'none'
'npl_rupee_1_2',1953,'none'
'nzl_crown_1_1',1933,'none'
'nzl_crown_1_1',1934,'none'
'nzl_crown_1_1',1935,'none'
'nzl_crown_1_1',1936,'none'
'nzl_crown_1_1',1937,'none'
'nzl_crown_1_1',1938,'none'
'nzl_crown_1_1',1939,'none'
'nzl_crown_1_1',1940,'none'
'nzl_crown_1_1',1941,'none'
'nzl_crown_1_1',1942,'none'
'nzl_crown_1_1',1943,'none'
'nzl_crown_1_1',1944,'none'
'nzl_crown_1_1',1945,'none'
'nzl_crown_1_1',1946,'none'
'nzl_crown_1_1',1947,'none'
'nzl_crown_1_1',1948,'none'
'nzl_crown_1_1',1949,'none'
'nzl_crown_fractional_1_2_1',1933,'none'
'nzl_crown_fractional_1_2_1',1934,'none'
'nzl_crown_fractional_1_2_1',1935,'none'
'nzl_crown_fractional_1_2_1',1936,'none'
'nzl_crown_fractional_1_2_1',1937,'none'
'nzl_crown_fractional_1_2_1',1938,'none'
'nzl_crown_fractional_1_2_1',1939,'none'
'nzl_crown_fractional_1_2_1',1940,'none'
'nzl_crown_fractional_1_2_1',1941,'none'
'nzl_crown_fractional_1_2_1',1942,'none'
'nzl_crown_fractional_1_2_1',1943,'none'
'nzl_crown_fractional_1_2_1',1944,'none'
'nzl_crown_fractional_1_2_1',1945,'none'
'nzl_crown_fractional_1_2_1',1946,'none'
'nzl_crown_fractional_1_2_1',1947,'none'
'nzl_crown_fractional_1_2_1',1948,'none'
'nzl_crown_fractional_1_2_1',1949,'none'
'nzl_florin_1_1',1933,'none'
'nzl_florin_1_1',1934,'none'
'nzl_florin_1_1',1935,'none'
'nzl_florin_1_1',1936,'none'
'nzl_florin_1_1',1937,'none'
'nzl_florin_1_1',1938,'none'
'nzl_florin_1_1',1939,'none'
'nzl_florin_1_1',1940,'none'
'nzl_florin_1_1',1941,'none'
'nzl_florin_1_1',1942,'none'
'nzl_florin_1_1',1943,'none'
'nzl_florin_1_1',1944,'none'
'nzl_florin_1_1',1945,'none'
'nzl_florin_1_1',1946,'none'
'nzl_florin_1_1',1947,'none'
'nzl_florin_1_1',1948,'none'
'nzl_florin_1_1',1949,'none'
'nzl_penny_3_1',1933,'none'
'nzl_penny_3_1',1934,'none'
'nzl_penny_3_1',1935,'none'
'nzl_penny_3_1',1936,'none'
'nzl_penny_3_1',1937,'none'
'nzl_penny_3_1',1938,'none'
'nzl_penny_3_1',1939,'none'
'nzl_penny_3_1',1940,'none'
'nzl_penny_3_1',1941,'none'
'nzl_penny_3_1',1942,'none'
'nzl_penny_3_1',1943,'none'
'nzl_penny_3_1',1944,'none'
'nzl_penny_3_1',1945,'none'
'nzl_penny_3_1',1946,'none'
'nzl_penny_3_1',1947,'none'
'nzl_penny_3_1',1948,'none'
'nzl_penny_3_1',1949,'none'
'nzl_penny_6_1',1933,'none'
'nzl_penny_6_1',1934,'none'
'nzl_penny_6_1',1935,'none'
'nzl_penny_6_1',1936,'none'
'nzl_penny_6_1',1937,'none'
'nzl_penny_6_1',1938,'none'
'nzl_penny_6_1',1939,'none'
'nzl_penny_6_1',1940,'none'
'nzl_penny_6_1',1941,'none'
'nzl_penny_6_1',1942,'none'
'nzl_penny_6_1',1943,'none'
'nzl_penny_6_1',1944,'none'
'nzl_penny_6_1',1945,'none'
'nzl_penny_6_1',1946,'none'
'nzl_penny_6_1',1947,'none'
'nzl_penny_6_1',1948,'none'
'nzl_penny_6_1',1949,'none'
'nzl_shilling_1_1',1933,'none'
'nzl_shilling_1_1',1934,'none'
'nzl_shilling_1_1',1935,'none'
'nzl_shilling_1_1',1936,'none'
'nzl_shilling_1_1',1937,'none'
'nzl_shilling_1_1',1938,'none'
'nzl_shilling_1_1',1939,'none'
'nzl_shilling_1_1',1940,'none'
'nzl_shilling_1_1',1941,'none'
'nzl_shilling_1_1',1942,'none'
'nzl_shilling_1_1',1943,'none'
'nzl_shilling_1_1',1944,'none'
'nzl_shilling_1_1',1945,'none'
'nzl_shilling_1_1',1946,'none'
'nzl_shilling_1_1',1947,'none'
'nzl_shilling_1_1',1948,'none'
'nzl_shilling_1_1',1949,'none'
'pan_balboa_1_1',1930,'none'
'pan_balboa_1_1',1931,'none'
'pan_balboa_1_1',1932,'none'
'pan_balboa_1_1',1933,'none'
'pan_balboa_1_1',1934,'none'
'pan_balboa_1_1',1935,'none'
'pan_balboa_1_1',1936,'none'
'pan_balboa_1_1',1937,'none'
'pan_balboa_1_1',1938,'none'
'pan_balboa_1_1',1939,'none'
'pan_balboa_1_1',1940,'none'
'pan_balboa_1_1',1941,'none'
'pan_balboa_1_1',1942,'none'
'pan_balboa_1_1',1943,'none'
'pan_balboa_1_1',1944,'none'
'pan_balboa_1_1',1945,'none'
'pan_balboa_1_1',1946,'none'
'pan_balboa_1_1',1947,'none'
'pan_balboa_1_1',1948,'none'
'pan_balboa_1_1',1949,'none'
'pan_balboa_1_1',1950,'none'
'pan_balboa_1_1',1951,'none'
'pan_balboa_1_1',1952,'none'
'pan_balboa_1_1',1953,'none'
'pan_balboa_1_1',1954,'none'
'pan_balboa_1_1',1955,'none'
'pan_balboa_1_1',1956,'none'
'pan_balboa_1_1',1957,'none'
'pan_balboa_1_1',1958,'none'
'pan_balboa_1_1',1959,'none'
'pan_balboa_1_1',1960,'none'
'pan_balboa_1_1',1961,'none'
'pan_balboa_1_1',1962,'none'
'pan_balboa_fractional_1_10_1',1930,'none'
'pan_balboa_fractional_1_10_1',1931,'none'
'pan_balboa_fractional_1_10_1',1932,'none'
'pan_balboa_fractional_1_10_1',1933,'none'
'pan_balboa_fractional_1_10_1',1934,'none'
'pan_balboa_fractional_1_10_1',1935,'none'
'pan_balboa_fractional_1_10_1',1936,'none'
'pan_balboa_fractional_1_10_1',1937,'none'
'pan_balboa_fractional_1_10_1',1938,'none'
'pan_balboa_fractional_1_10_1',1939,'none'
'pan_balboa_fractional_1_10_1',1940,'none'
'pan_balboa_fractional_1_10_1',1941,'none'
'pan_balboa_fractional_1_10_1',1942,'none'
'pan_balboa_fractional_1_10_1',1943,'none'
'pan_balboa_fractional_1_10_1',1944,'none'
'pan_balboa_fractional_1_10_1',1945,'none'
'pan_balboa_fractional_1_10_1',1946,'none'
'pan_balboa_fractional_1_10_1',1947,'none'
'pan_balboa_fractional_1_10_1',1948,'none'
'pan_balboa_fractional_1_10_1',1949,'none'
'pan_balboa_fractional_1_10_1',1950,'none'
'pan_balboa_fractional_1_10_1',1951,'none'
'pan_balboa_fractional_1_10_1',1952,'none'
'pan_balboa_fractional_1_10_1',1953,'none'
'pan_balboa_fractional_1_10_1',1954,'none'
'pan_balboa_fractional_1_10_1',1955,'none'
'pan_balboa_fractional_1_10_1',1956,'none'
'pan_balboa_fractional_1_10_1',1957,'none'
'pan_balboa_fractional_1_10_1',1958,'none'
'pan_balboa_fractional_1_10_1',1959,'none'
'pan_balboa_fractional_1_10_1',1960,'none'
'pan_balboa_fractional_1_10_1',1961,'none'
'pan_balboa_fractional_1_10_1',1962,'none'
'pan_balboa_fractional_1_2_1',1930,'none'
'pan_balboa_fractional_1_2_1',1931,'none'
'pan_balboa_fractional_1_2_1',1932,'none'
'pan_balboa_fractional_1_2_1',1933,'none'
'pan_balboa_fractional_1_2_1',1934,'none'
'pan_balboa_fractional_1_2_1',1935,'none'
'pan_balboa_fractional_1_2_1',1936,'none'
'pan_balboa_fractional_1_2_1',1937,'none'
'pan_balboa_fractional_1_2_1',1938,'none'
'pan_balboa_fractional_1_2_1',1939,'none'
'pan_balboa_fractional_1_2_1',1940,'none'
'pan_balboa_fractional_1_2_1',1941,'none'
'pan_balboa_fractional_1_2_1',1942,'none'
'pan_balboa_fractional_1_2_1',1943,'none'
'pan_balboa_fractional_1_2_1',1944,'none'
'pan_balboa_fractional_1_2_1',1945,'none'
'pan_balboa_fractional_1_2_1',1946,'none'
'pan_balboa_fractional_1_2_1',1947,'none'
'pan_balboa_fractional_1_2_1',1948,'none'
'pan_balboa_fractional_1_2_1',1949,'none'
'pan_balboa_fractional_1_2_1',1950,'none'
'pan_balboa_fractional_1_2_1',1951,'none'
'pan_balboa_fractional_1_2_1',1952,'none'
'pan_balboa_fractional_1_2_1',1953,'none'
'pan_balboa_fractional_1_2_1',1954,'none'
'pan_balboa_fractional_1_2_1',1955,'none'
'pan_balboa_fractional_1_2_1',1956,'none'
'pan_balboa_fractional_1_2_1',1957,'none'
'pan_balboa_fractional_1_2_1',1958,'none'
'pan_balboa_fractional_1_2_1',1959,'none'
'pan_balboa_fractional_1_2_1',1960,'none'
'pan_balboa_fractional_1_2_1',1961,'none'
'pan_balboa_fractional_1_2_1',1962,'none'
'pan_balboa_fractional_1_4_1',1930,'none'
'pan_balboa_fractional_1_4_1',1931,'none'
'pan_balboa_fractional_1_4_1',1932,'none'
'pan_balboa_fractional_1_4_1',1933,'none'
'pan_balboa_fractional_1_4_1',1934,'none'
'pan_balboa_fractional_1_4_1',1935,'none'
'pan_balboa_fractional_1_4_1',1936,'none'
'pan_balboa_fractional_1_4_1',1937,'none'
'pan_balboa_fractional_1_4_1',1938,'none'
'pan_balboa_fractional_1_4_1',1939,'none'
'pan_balboa_fractional_1_4_1',1940,'none'
'pan_balboa_fractional_1_4_1',1941,'none'
'pan_balboa_fractional_1_4_1',1942,'none'
'pan_balboa_fractional_1_4_1',1943,'none'
'pan_balboa_fractional_1_4_1',1944,'none'
'pan_balboa_fractional_1_4_1',1945,'none'
'pan_balboa_fractional_1_4_1',1946,'none'
'pan_balboa_fractional_1_4_1',1947,'none'
'pan_balboa_fractional_1_4_1',1948,'none'
'pan_balboa_fractional_1_4_1',1949,'none'
'pan_balboa_fractional_1_4_1',1950,'none'
'pan_balboa_fractional_1_4_1',1951,'none'
'pan_balboa_fractional_1_4_1',1952,'none'
'pan_balboa_fractional_1_4_1',1953,'none'
'pan_balboa_fractional_1_4_1',1954,'none'
'pan_balboa_fractional_1_4_1',1955,'none'
'pan_balboa_fractional_1_4_1',1956,'none'
'pan_balboa_fractional_1_4_1',1957,'none'
'pan_balboa_fractional_1_4_1',1958,'none'
'pan_balboa_fractional_1_4_1',1959,'none'
'pan_balboa_fractional_1_4_1',1960,'none'
'pan_balboa_fractional_1_4_1',1961,'none'
'pan_balboa_fractional_1_4_1',1962,'none'
'pan_centesimo_10_1',1904,'none'
'pan_centesimo_10_1',1905,'none'
'pan_centesimo_10_1',1906,'none'
'pan_centesimo_10_1',1907,'none'
'pan_centesimo_10_1',1908,'none'
'pan_centesimo_10_1',1909,'none'
'pan_centesimo_10_1',1910,'none'
'pan_centesimo_10_1',1911,'none'
'pan_centesimo_10_1',1912,'none'
'pan_centesimo_10_1',1913,'none'
'pan_centesimo_10_1',1914,'none'
'pan_centesimo_10_1',1915,'none'
'pan_centesimo_10_1',1916,'none'
'pan_centesimo_25_1',1904,'none'
'pan_centesimo_25_1',1905,'none'
'pan_centesimo_25_1',1906,'none'
'pan_centesimo_25_1',1907,'none'
'pan_centesimo_25_1',1908,'none'
'pan_centesimo_25_1',1909,'none'
'pan_centesimo_25_1',1910,'none'
'pan_centesimo_25_1',1911,'none'
'pan_centesimo_25_1',1912,'none'
'pan_centesimo_25_1',1913,'none'
'pan_centesimo_25_1',1914,'none'
'pan_centesimo_25_1',1915,'none'
'pan_centesimo_25_1',1916,'none'
'pan_centesimo_50_1',1904,'none'
'pan_centesimo_50_1',1905,'none'
'pan_centesimo_50_1',1906,'none'
'pan_centesimo_50_1',1907,'none'
'pan_centesimo_50_1',1908,'none'
'pan_centesimo_50_1',1909,'none'
'pan_centesimo_50_1',1910,'none'
'pan_centesimo_50_1',1911,'none'
'pan_centesimo_50_1',1912,'none'
'pan_centesimo_50_1',1913,'none'
'pan_centesimo_50_1',1914,'none'
'pan_centesimo_50_1',1915,'none'
'pan_centesimo_50_1',1916,'none'
'pan_centesimo_5_1',1904,'none'
'pan_centesimo_5_1',1905,'none'
'pan_centesimo_5_1',1906,'none'
'pan_centesimo_5_1',1907,'none'
'pan_centesimo_5_1',1908,'none'
'pan_centesimo_5_1',1909,'none'
'pan_centesimo_5_1',1910,'none'
'pan_centesimo_5_1',1911,'none'
'pan_centesimo_5_1',1912,'none'
'pan_centesimo_5_1',1913,'none'
'pan_centesimo_5_1',1914,'none'
'pan_centesimo_5_1',1915,'none'
'pan_centesimo_5_1',1916,'none'
'pan_centesimo_fractional_2_1_2_1',1904,'none'
'pan_centesimo_fractional_2_1_2_1',1905,'none'
'pan_centesimo_fractional_2_1_2_1',1906,'none'
'pan_centesimo_fractional_2_1_2_1',1907,'none'
'pan_centesimo_fractional_2_1_2_1',1908,'none'
'pan_centesimo_fractional_2_1_2_1',1909,'none'
'pan_centesimo_fractional_2_1_2_1',1910,'none'
'pan_centesimo_fractional_2_1_2_1',1911,'none'
'pan_centesimo_fractional_2_1_2_1',1912,'none'
'pan_centesimo_fractional_2_1_2_1',1913,'none'
'pan_centesimo_fractional_2_1_2_1',1914,'none'
'pan_centesimo_fractional_2_1_2_1',1915,'none'
'pan_centesimo_fractional_2_1_2_1',1916,'none'
'per_dinero_1_1',1863,'none'
'per_dinero_1_1',1864,'none'
'per_dinero_1_1',1865,'none'
'per_dinero_1_1',1866,'none'
'per_dinero_1_1',1867,'none'
'per_dinero_1_1',1868,'none'
'per_dinero_1_1',1869,'none'
'per_dinero_1_1',1870,'none'
'per_dinero_1_1',1871,'none'
'per_dinero_1_1',1872,'none'
'per_dinero_1_1',1873,'none'
'per_dinero_1_1',1874,'none'
'per_dinero_1_1',1875,'none'
'per_dinero_1_1',1876,'none'
'per_dinero_1_1',1877,'none'
'per_dinero_1_1',1878,'none'
'per_dinero_1_1',1879,'none'
'per_dinero_1_1',1880,'none'
'per_dinero_1_1',1881,'none'
'per_dinero_1_1',1882,'none'
'per_dinero_1_1',1883,'none'
'per_dinero_1_1',1884,'none'
'per_dinero_1_1',1885,'none'
'per_dinero_1_1',1886,'none'
'per_dinero_1_1',1887,'none'
'per_dinero_1_1',1888,'none'
'per_dinero_1_1',1889,'none'
'per_dinero_1_1',1890,'none'
'per_dinero_1_1',1891,'none'
'per_dinero_1_1',1892,'none'
'per_dinero_1_1',1893,'none'
'per_dinero_1_1',1894,'none'
'per_dinero_1_1',1895,'none'
'per_dinero_1_1',1896,'none'
'per_dinero_1_1',1897,'none'
'per_dinero_1_1',1898,'none'
'per_dinero_1_1',1899,'none'
'per_dinero_1_1',1900,'none'
'per_dinero_1_1',1901,'none'
'per_dinero_1_1',1902,'none'
'per_dinero_1_1',1903,'none'
'per_dinero_1_1',1904,'none'
'per_dinero_1_1',1905,'none'
'per_dinero_1_1',1906,'none'
'per_dinero_1_1',1907,'none'
'per_dinero_1_1',1908,'none'
'per_dinero_1_1',1909,'none'
'per_dinero_1_1',1910,'none'
'per_dinero_1_1',1911,'none'
'per_dinero_1_1',1912,'none'
'per_dinero_1_1',1913,'none'
'per_dinero_1_1',1914,'none'
'per_dinero_1_1',1915,'none'
'per_dinero_1_1',1916,'none'
'per_dinero_1_1',1917,'none'
'per_dinero_fractional_1_2_1',1863,'none'
'per_dinero_fractional_1_2_1',1864,'none'
'per_dinero_fractional_1_2_1',1865,'none'
'per_dinero_fractional_1_2_1',1866,'none'
'per_dinero_fractional_1_2_1',1867,'none'
'per_dinero_fractional_1_2_1',1868,'none'
'per_dinero_fractional_1_2_1',1869,'none'
'per_dinero_fractional_1_2_1',1870,'none'
'per_dinero_fractional_1_2_1',1871,'none'
'per_dinero_fractional_1_2_1',1872,'none'
'per_dinero_fractional_1_2_1',1873,'none'
'per_dinero_fractional_1_2_1',1874,'none'
'per_dinero_fractional_1_2_1',1875,'none'
'per_dinero_fractional_1_2_1',1876,'none'
'per_dinero_fractional_1_2_1',1877,'none'
'per_dinero_fractional_1_2_1',1878,'none'
'per_dinero_fractional_1_2_1',1879,'none'
'per_dinero_fractional_1_2_1',1880,'none'
'per_dinero_fractional_1_2_1',1881,'none'
'per_dinero_fractional_1_2_1',1882,'none'
'per_dinero_fractional_1_2_1',1883,'none'
'per_dinero_fractional_1_2_1',1884,'none'
'per_dinero_fractional_1_2_1',1885,'none'
'per_dinero_fractional_1_2_1',1886,'none'
'per_dinero_fractional_1_2_1',1887,'none'
'per_dinero_fractional_1_2_1',1888,'none'
'per_dinero_fractional_1_2_1',1889,'none'
'per_dinero_fractional_1_2_1',1890,'none'
'per_dinero_fractional_1_2_1',1891,'none'
'per_dinero_fractional_1_2_1',1892,'none'
'per_dinero_fractional_1_2_1',1893,'none'
'per_dinero_fractional_1_2_1',1894,'none'
'per_dinero_fractional_1_2_1',1895,'none'
'per_dinero_fractional_1_2_1',1896,'none'
'per_dinero_fractional_1_2_1',1897,'none'
'per_dinero_fractional_1_2_1',1898,'none'
'per_dinero_fractional_1_2_1',1899,'none'
'per_dinero_fractional_1_2_1',1900,'none'
'per_dinero_fractional_1_2_1',1901,'none'
'per_dinero_fractional_1_2_1',1902,'none'
'per_dinero_fractional_1_2_1',1903,'none'
'per_dinero_fractional_1_2_1',1904,'none'
'per_dinero_fractional_1_2_1',1905,'none'
'per_dinero_fractional_1_2_1',1906,'none'
'per_dinero_fractional_1_2_1',1907,'none'
'per_dinero_fractional_1_2_1',1908,'none'
'per_dinero_fractional_1_2_1',1909,'none'
'per_dinero_fractional_1_2_1',1910,'none'
'per_dinero_fractional_1_2_1',1911,'none'
'per_dinero_fractional_1_2_1',1912,'none'
'per_dinero_fractional_1_2_1',1913,'none'
'per_dinero_fractional_1_2_1',1914,'none'
'per_dinero_fractional_1_2_1',1915,'none'
'per_dinero_fractional_1_2_1',1916,'none'
'per_dinero_fractional_1_2_1',1917,'none'
'per_escudo_4_1',1862,'none'
'per_escudo_4_1',1863,'none'
'per_escudo_8_1',1862,'none'
'per_escudo_8_1',1863,'none'
'per_libra_1_1',1898,'none'
'per_libra_1_1',1899,'none'
'per_libra_1_1',1900,'none'
'per_libra_1_1',1901,'none'
'per_libra_1_1',1902,'none'
'per_libra_1_1',1903,'none'
'per_libra_1_1',1904,'none'
'per_libra_1_1',1905,'none'
'per_libra_1_1',1906,'none'
'per_libra_1_1',1907,'none'
'per_libra_1_1',1908,'none'
'per_libra_1_1',1909,'none'
'per_libra_1_1',1910,'none'
'per_libra_1_1',1911,'none'
'per_libra_1_1',1912,'none'
'per_libra_1_1',1913,'none'
'per_libra_1_1',1914,'none'
'per_libra_1_1',1915,'none'
'per_libra_1_1',1916,'none'
'per_libra_1_1',1917,'none'
'per_libra_1_1',1918,'none'
'per_libra_1_1',1919,'none'
'per_libra_1_1',1920,'none'
'per_libra_1_1',1921,'none'
'per_libra_1_1',1922,'none'
'per_libra_1_1',1923,'none'
'per_libra_1_1',1924,'none'
'per_libra_1_1',1925,'none'
'per_libra_1_1',1926,'none'
'per_libra_1_1',1927,'none'
'per_libra_1_1',1928,'none'
'per_libra_1_1',1929,'none'
'per_libra_1_1',1930,'none'
'per_libra_1_1',1931,'none'
'per_libra_1_1',1932,'none'
'per_libra_1_1',1933,'none'
'per_libra_1_1',1934,'none'
'per_libra_1_1',1935,'none'
'per_libra_1_1',1936,'none'
'per_libra_1_1',1937,'none'
'per_libra_1_1',1938,'none'
'per_libra_1_1',1939,'none'
'per_libra_1_1',1940,'none'
'per_libra_1_1',1941,'none'
'per_libra_1_1',1942,'none'
'per_libra_1_1',1943,'none'
'per_libra_1_1',1944,'none'
'per_libra_1_1',1945,'none'
'per_libra_1_1',1946,'none'
'per_libra_1_1',1947,'none'
'per_libra_1_1',1948,'none'
'per_libra_1_1',1949,'none'
'per_libra_1_1',1950,'none'
'per_libra_1_1',1951,'none'
'per_libra_1_1',1952,'none'
'per_libra_1_1',1953,'none'
'per_libra_1_1',1954,'none'
'per_libra_1_1',1955,'none'
'per_libra_1_1',1956,'none'
'per_libra_1_1',1957,'none'
'per_libra_1_1',1958,'none'
'per_libra_1_1',1959,'none'
'per_libra_1_1',1960,'none'
'per_libra_1_1',1961,'none'
'per_libra_1_1',1962,'none'
'per_libra_1_1',1963,'none'
'per_libra_1_1',1964,'none'
'per_libra_1_1',1965,'none'
'per_libra_1_1',1966,'none'
'per_libra_1_1',1967,'none'
'per_libra_1_1',1968,'none'
'per_libra_1_1',1969,'none'
'per_libra_fractional_1_2_1',1898,'none'
'per_libra_fractional_1_2_1',1899,'none'
'per_libra_fractional_1_2_1',1900,'none'
'per_libra_fractional_1_2_1',1901,'none'
'per_libra_fractional_1_2_1',1902,'none'
'per_libra_fractional_1_2_1',1903,'none'
'per_libra_fractional_1_2_1',1904,'none'
'per_libra_fractional_1_2_1',1905,'none'
'per_libra_fractional_1_2_1',1906,'none'
'per_libra_fractional_1_2_1',1907,'none'
'per_libra_fractional_1_2_1',1908,'none'
'per_libra_fractional_1_2_1',1909,'none'
'per_libra_fractional_1_2_1',1910,'none'
'per_libra_fractional_1_2_1',1911,'none'
'per_libra_fractional_1_2_1',1912,'none'
'per_libra_fractional_1_2_1',1913,'none'
'per_libra_fractional_1_2_1',1914,'none'
'per_libra_fractional_1_2_1',1915,'none'
'per_libra_fractional_1_2_1',1916,'none'
'per_libra_fractional_1_2_1',1917,'none'
'per_libra_fractional_1_2_1',1918,'none'
'per_libra_fractional_1_2_1',1919,'none'
'per_libra_fractional_1_2_1',1920,'none'
'per_libra_fractional_1_2_1',1921,'none'
'per_libra_fractional_1_2_1',1922,'none'
'per_libra_fractional_1_2_1',1923,'none'
'per_libra_fractional_1_2_1',1924,'none'
'per_libra_fractional_1_2_1',1925,'none'
'per_libra_fractional_1_2_1',1926,'none'
'per_libra_fractional_1_2_1',1927,'none'
'per_libra_fractional_1_2_1',1928,'none'
'per_libra_fractional_1_2_1',1929,'none'
'per_libra_fractional_1_2_1',1930,'none'
'per_libra_fractional_1_2_1',1931,'none'
'per_libra_fractional_1_2_1',1932,'none'
'per_libra_fractional_1_2_1',1933,'none'
'per_libra_fractional_1_2_1',1934,'none'
'per_libra_fractional_1_2_1',1935,'none'
'per_libra_fractional_1_2_1',1936,'none'
'per_libra_fractional_1_2_1',1937,'none'
'per_libra_fractional_1_2_1',1938,'none'
'per_libra_fractional_1_2_1',1939,'none'
'per_libra_fractional_1_2_1',1940,'none'
'per_libra_fractional_1_2_1',1941,'none'
'per_libra_fractional_1_2_1',1942,'none'
'per_libra_fractional_1_2_1',1943,'none'
'per_libra_fractional_1_2_1',1944,'none'
'per_libra_fractional_1_2_1',1945,'none'
'per_libra_fractional_1_2_1',1946,'none'
'per_libra_fractional_1_2_1',1947,'none'
'per_libra_fractional_1_2_1',1948,'none'
'per_libra_fractional_1_2_1',1949,'none'
'per_libra_fractional_1_2_1',1950,'none'
'per_libra_fractional_1_2_1',1951,'none'
'per_libra_fractional_1_2_1',1952,'none'
'per_libra_fractional_1_2_1',1953,'none'
'per_libra_fractional_1_2_1',1954,'none'
'per_libra_fractional_1_2_1',1955,'none'
'per_libra_fractional_1_2_1',1956,'none'
'per_libra_fractional_1_2_1',1957,'none'
'per_libra_fractional_1_2_1',1958,'none'
'per_libra_fractional_1_2_1',1959,'none'
'per_libra_fractional_1_2_1',1960,'none'
'per_libra_fractional_1_2_1',1961,'none'
'per_libra_fractional_1_2_1',1962,'none'
'per_libra_fractional_1_2_1',1963,'none'
'per_libra_fractional_1_2_1',1964,'none'
'per_libra_fractional_1_2_1',1965,'none'
'per_libra_fractional_1_2_1',1966,'none'
'per_libra_fractional_1_2_1',1967,'none'
'per_libra_fractional_1_2_1',1968,'none'
'per_libra_fractional_1_2_1',1969,'none'
'per_libra_fractional_1_5_1',1898,'none'
'per_libra_fractional_1_5_1',1899,'none'
'per_libra_fractional_1_5_1',1900,'none'
'per_libra_fractional_1_5_1',1901,'none'
'per_libra_fractional_1_5_1',1902,'none'
'per_libra_fractional_1_5_1',1903,'none'
'per_libra_fractional_1_5_1',1904,'none'
'per_libra_fractional_1_5_1',1905,'none'
'per_libra_fractional_1_5_1',1906,'none'
'per_libra_fractional_1_5_1',1907,'none'
'per_libra_fractional_1_5_1',1908,'none'
'per_libra_fractional_1_5_1',1909,'none'
'per_libra_fractional_1_5_1',1910,'none'
'per_libra_fractional_1_5_1',1911,'none'
'per_libra_fractional_1_5_1',1912,'none'
'per_libra_fractional_1_5_1',1913,'none'
'per_libra_fractional_1_5_1',1914,'none'
'per_libra_fractional_1_5_1',1915,'none'
'per_libra_fractional_1_5_1',1916,'none'
'per_libra_fractional_1_5_1',1917,'none'
'per_libra_fractional_1_5_1',1918,'none'
'per_libra_fractional_1_5_1',1919,'none'
'per_libra_fractional_1_5_1',1920,'none'
'per_libra_fractional_1_5_1',1921,'none'
'per_libra_fractional_1_5_1',1922,'none'
'per_libra_fractional_1_5_1',1923,'none'
'per_libra_fractional_1_5_1',1924,'none'
'per_libra_fractional_1_5_1',1925,'none'
'per_libra_fractional_1_5_1',1926,'none'
'per_libra_fractional_1_5_1',1927,'none'
'per_libra_fractional_1_5_1',1928,'none'
'per_libra_fractional_1_5_1',1929,'none'
'per_libra_fractional_1_5_1',1930,'none'
'per_libra_fractional_1_5_1',1931,'none'
'per_libra_fractional_1_5_1',1932,'none'
'per_libra_fractional_1_5_1',1933,'none'
'per_libra_fractional_1_5_1',1934,'none'
'per_libra_fractional_1_5_1',1935,'none'
'per_libra_fractional_1_5_1',1936,'none'
'per_libra_fractional_1_5_1',1937,'none'
'per_libra_fractional_1_5_1',1938,'none'
'per_libra_fractional_1_5_1',1939,'none'
'per_libra_fractional_1_5_1',1940,'none'
'per_libra_fractional_1_5_1',1941,'none'
'per_libra_fractional_1_5_1',1942,'none'
'per_libra_fractional_1_5_1',1943,'none'
'per_libra_fractional_1_5_1',1944,'none'
'per_libra_fractional_1_5_1',1945,'none'
'per_libra_fractional_1_5_1',1946,'none'
'per_libra_fractional_1_5_1',1947,'none'
'per_libra_fractional_1_5_1',1948,'none'
'per_libra_fractional_1_5_1',1949,'none'
'per_libra_fractional_1_5_1',1950,'none'
'per_libra_fractional_1_5_1',1951,'none'
'per_libra_fractional_1_5_1',1952,'none'
'per_libra_fractional_1_5_1',1953,'none'
'per_libra_fractional_1_5_1',1954,'none'
'per_libra_fractional_1_5_1',1955,'none'
'per_libra_fractional_1_5_1',1956,'none'
'per_libra_fractional_1_5_1',1957,'none'
'per_libra_fractional_1_5_1',1958,'none'
'per_libra_fractional_1_5_1',1959,'none'
'per_libra_fractional_1_5_1',1960,'none'
'per_libra_fractional_1_5_1',1961,'none'
'per_libra_fractional_1_5_1',1962,'none'
'per_libra_fractional_1_5_1',1963,'none'
'per_libra_fractional_1_5_1',1964,'none'
'per_libra_fractional_1_5_1',1965,'none'
'per_libra_fractional_1_5_1',1966,'none'
'per_libra_fractional_1_5_1',1967,'none'
'per_libra_fractional_1_5_1',1968,'none'
'per_libra_fractional_1_5_1',1969,'none'
'per_peseta_1_1',1880,'none'
'per_peseta_1_1',1881,'none'
'per_peseta_1_1',1882,'none'
'per_peseta_5_1',1880,'none'
'per_peseta_5_1',1881,'none'
'per_peseta_5_1',1882,'none'
'per_real_fractional_1_2_1',1880,'none'
'per_real_fractional_1_2_1',1881,'none'
'per_real_fractional_1_2_1',1882,'none'
'per_sol_100_1',1950,'none'
'per_sol_100_1',1951,'none'
'per_sol_100_1',1952,'none'
'per_sol_100_1',1953,'none'
'per_sol_100_1',1954,'none'
'per_sol_100_1',1955,'none'
'per_sol_100_1',1956,'none'
'per_sol_100_1',1957,'none'
'per_sol_100_1',1958,'none'
'per_sol_100_1',1959,'none'
'per_sol_100_1',1960,'none'
'per_sol_100_1',1961,'none'
'per_sol_100_1',1962,'none'
'per_sol_100_1',1963,'none'
'per_sol_100_1',1964,'none'
'per_sol_100_1',1965,'none'
'per_sol_100_1',1966,'none'
'per_sol_100_1',1967,'none'
'per_sol_100_1',1968,'none'
'per_sol_100_1',1969,'none'
'per_sol_100_1',1970,'none'
'per_sol_10_1',1862,'none'
'per_sol_10_1',1863,'none'
'per_sol_10_2',1950,'none'
'per_sol_10_2',1951,'none'
'per_sol_10_2',1952,'none'
'per_sol_10_2',1953,'none'
'per_sol_10_2',1954,'none'
'per_sol_10_2',1955,'none'
'per_sol_10_2',1956,'none'
'per_sol_10_2',1957,'none'
'per_sol_10_2',1958,'none'
'per_sol_10_2',1959,'none'
'per_sol_10_2',1960,'none'
'per_sol_10_2',1961,'none'
'per_sol_10_2',1962,'none'
'per_sol_10_2',1963,'none'
'per_sol_10_2',1964,'none'
'per_sol_10_2',1965,'none'
'per_sol_10_2',1966,'none'
'per_sol_10_2',1967,'none'
'per_sol_10_2',1968,'none'
'per_sol_10_2',1969,'none'
'per_sol_10_2',1970,'none'
'per_sol_1_1',1863,'none'
'per_sol_1_1',1864,'none'
'per_sol_1_1',1865,'none'
'per_sol_1_1',1866,'none'
'per_sol_1_1',1867,'none'
'per_sol_1_1',1868,'none'
'per_sol_1_1',1869,'none'
'per_sol_1_1',1870,'none'
'per_sol_1_1',1871,'none'
'per_sol_1_1',1872,'none'
'per_sol_1_1',1873,'none'
'per_sol_1_1',1874,'none'
'per_sol_1_1',1875,'none'
'per_sol_1_1',1876,'none'
'per_sol_1_1',1877,'none'
'per_sol_1_1',1878,'none'
'per_sol_1_1',1879,'none'
'per_sol_1_1',1880,'none'
'per_sol_1_1',1881,'none'
'per_sol_1_1',1882,'none'
'per_sol_1_1',1883,'none'
'per_sol_1_1',1884,'none'
'per_sol_1_1',1885,'none'
'per_sol_1_1',1886,'none'
'per_sol_1_1',1887,'none'
'per_sol_1_1',1888,'none'
'per_sol_1_1',1889,'none'
'per_sol_1_1',1890,'none'
'per_sol_1_1',1891,'none'
'per_sol_1_1',1892,'none'
'per_sol_1_1',1893,'none'
'per_sol_1_1',1894,'none'
'per_sol_1_1',1895,'none'
'per_sol_1_1',1896,'none'
'per_sol_1_1',1897,'none'
'per_sol_1_1',1898,'none'
'per_sol_1_1',1899,'none'
'per_sol_1_1',1900,'none'
'per_sol_1_1',1901,'none'
'per_sol_1_1',1902,'none'
'per_sol_1_1',1903,'none'
'per_sol_1_1',1904,'none'
'per_sol_1_1',1905,'none'
'per_sol_1_1',1906,'none'
'per_sol_1_1',1907,'none'
'per_sol_1_1',1908,'none'
'per_sol_1_1',1909,'none'
'per_sol_1_1',1910,'none'
'per_sol_1_1',1911,'none'
'per_sol_1_1',1912,'none'
'per_sol_1_1',1913,'none'
'per_sol_1_1',1914,'none'
'per_sol_1_1',1915,'none'
'per_sol_1_1',1916,'none'
'per_sol_1_1',1917,'none'
'per_sol_1_2',1922,'none'
'per_sol_1_2',1923,'none'
'per_sol_1_2',1924,'none'
'per_sol_1_2',1925,'none'
'per_sol_1_2',1926,'none'
'per_sol_1_2',1927,'none'
'per_sol_1_2',1928,'none'
'per_sol_1_2',1929,'none'
'per_sol_1_2',1930,'none'
'per_sol_1_2',1931,'none'
'per_sol_1_2',1932,'none'
'per_sol_1_2',1933,'none'
'per_sol_1_2',1934,'none'
'per_sol_1_2',1935,'none'
'per_sol_20_1',1862,'none'
'per_sol_20_1',1863,'none'
'per_sol_20_2',1950,'none'
'per_sol_20_2',1951,'none'
'per_sol_20_2',1952,'none'
'per_sol_20_2',1953,'none'
'per_sol_20_2',1954,'none'
'per_sol_20_2',1955,'none'
'per_sol_20_2',1956,'none'
'per_sol_20_2',1957,'none'
'per_sol_20_2',1958,'none'
'per_sol_20_2',1959,'none'
'per_sol_20_2',1960,'none'
'per_sol_20_2',1961,'none'
'per_sol_20_2',1962,'none'
'per_sol_20_2',1963,'none'
'per_sol_20_2',1964,'none'
'per_sol_20_2',1965,'none'
'per_sol_20_2',1966,'none'
'per_sol_20_2',1967,'none'
'per_sol_20_2',1968,'none'
'per_sol_20_2',1969,'none'
'per_sol_20_2',1970,'none'
'per_sol_50_1',1930,'none'
'per_sol_50_1',1931,'none'
'per_sol_50_1',1932,'none'
'per_sol_50_1',1933,'none'
'per_sol_50_1',1934,'none'
'per_sol_50_1',1935,'none'
'per_sol_50_1',1936,'none'
'per_sol_50_1',1937,'none'
'per_sol_50_1',1938,'none'
'per_sol_50_1',1939,'none'
'per_sol_50_1',1940,'none'
'per_sol_50_1',1941,'none'
'per_sol_50_1',1942,'none'
'per_sol_50_1',1943,'none'
'per_sol_50_1',1944,'none'
'per_sol_50_1',1945,'none'
'per_sol_50_1',1946,'none'
'per_sol_50_1',1947,'none'
'per_sol_50_1',1948,'none'
'per_sol_50_1',1949,'none'
'per_sol_50_1',1950,'none'
'per_sol_50_1',1951,'none'
'per_sol_50_1',1952,'none'
'per_sol_50_1',1953,'none'
'per_sol_50_1',1954,'none'
'per_sol_50_1',1955,'none'
'per_sol_50_1',1956,'none'
'per_sol_50_1',1957,'none'
'per_sol_50_1',1958,'none'
'per_sol_50_1',1959,'none'
'per_sol_50_1',1960,'none'
'per_sol_50_1',1961,'none'
'per_sol_50_1',1962,'none'
'per_sol_50_1',1963,'none'
'per_sol_50_1',1964,'none'
'per_sol_50_1',1965,'none'
'per_sol_50_1',1966,'none'
'per_sol_50_1',1967,'none'
'per_sol_50_1',1968,'none'
'per_sol_50_1',1969,'none'
'per_sol_50_2',1950,'none'
'per_sol_50_2',1951,'none'
'per_sol_50_2',1952,'none'
'per_sol_50_2',1953,'none'
'per_sol_50_2',1954,'none'
'per_sol_50_2',1955,'none'
'per_sol_50_2',1956,'none'
'per_sol_50_2',1957,'none'
'per_sol_50_2',1958,'none'
'per_sol_50_2',1959,'none'
'per_sol_50_2',1960,'none'
'per_sol_50_2',1961,'none'
'per_sol_50_2',1962,'none'
'per_sol_50_2',1963,'none'
'per_sol_50_2',1964,'none'
'per_sol_50_2',1965,'none'
'per_sol_50_2',1966,'none'
'per_sol_50_2',1967,'none'
'per_sol_50_2',1968,'none'
'per_sol_50_2',1969,'none'
'per_sol_50_2',1970,'none'
'per_sol_5_1',1862,'none'
'per_sol_5_1',1863,'none'
'per_sol_5_2',1910,'none'
'per_sol_5_3',1950,'none'
'per_sol_5_3',1951,'none'
'per_sol_5_3',1952,'none'
'per_sol_5_3',1953,'none'
'per_sol_5_3',1954,'none'
'per_sol_5_3',1955,'none'
'per_sol_5_3',1956,'none'
'per_sol_5_3',1957,'none'
'per_sol_5_3',1958,'none'
'per_sol_5_3',1959,'none'
'per_sol_5_3',1960,'none'
'per_sol_5_3',1961,'none'
'per_sol_5_3',1962,'none'
'per_sol_5_3',1963,'none'
'per_sol_5_3',1964,'none'
'per_sol_5_3',1965,'none'
'per_sol_5_3',1966,'none'
'per_sol_5_3',1967,'none'
'per_sol_5_3',1968,'none'
'per_sol_5_3',1969,'none'
'per_sol_5_3',1970,'none'
'per_sol_fractional_1_2_1',1863,'none'
'per_sol_fractional_1_2_1',1864,'none'
'per_sol_fractional_1_2_1',1865,'none'
'per_sol_fractional_1_2_1',1866,'none'
'per_sol_fractional_1_2_1',1867,'none'
'per_sol_fractional_1_2_1',1868,'none'
'per_sol_fractional_1_2_1',1869,'none'
'per_sol_fractional_1_2_1',1870,'none'
'per_sol_fractional_1_2_1',1871,'none'
'per_sol_fractional_1_2_1',1872,'none'
'per_sol_fractional_1_2_1',1873,'none'
'per_sol_fractional_1_2_1',1874,'none'
'per_sol_fractional_1_2_1',1875,'none'
'per_sol_fractional_1_2_1',1876,'none'
'per_sol_fractional_1_2_1',1877,'none'
'per_sol_fractional_1_2_1',1878,'none'
'per_sol_fractional_1_2_1',1879,'none'
'per_sol_fractional_1_2_1',1880,'none'
'per_sol_fractional_1_2_1',1881,'none'
'per_sol_fractional_1_2_1',1882,'none'
'per_sol_fractional_1_2_1',1883,'none'
'per_sol_fractional_1_2_1',1884,'none'
'per_sol_fractional_1_2_1',1885,'none'
'per_sol_fractional_1_2_1',1886,'none'
'per_sol_fractional_1_2_1',1887,'none'
'per_sol_fractional_1_2_1',1888,'none'
'per_sol_fractional_1_2_1',1889,'none'
'per_sol_fractional_1_2_1',1890,'none'
'per_sol_fractional_1_2_1',1891,'none'
'per_sol_fractional_1_2_1',1892,'none'
'per_sol_fractional_1_2_1',1893,'none'
'per_sol_fractional_1_2_1',1894,'none'
'per_sol_fractional_1_2_1',1895,'none'
'per_sol_fractional_1_2_1',1896,'none'
'per_sol_fractional_1_2_1',1897,'none'
'per_sol_fractional_1_2_1',1898,'none'
'per_sol_fractional_1_2_1',1899,'none'
'per_sol_fractional_1_2_1',1900,'none'
'per_sol_fractional_1_2_1',1901,'none'
'per_sol_fractional_1_2_1',1902,'none'
'per_sol_fractional_1_2_1',1903,'none'
'per_sol_fractional_1_2_1',1904,'none'
'per_sol_fractional_1_2_1',1905,'none'
'per_sol_fractional_1_2_1',1906,'none'
'per_sol_fractional_1_2_1',1907,'none'
'per_sol_fractional_1_2_1',1908,'none'
'per_sol_fractional_1_2_1',1909,'none'
'per_sol_fractional_1_2_1',1910,'none'
'per_sol_fractional_1_2_1',1911,'none'
'per_sol_fractional_1_2_1',1912,'none'
'per_sol_fractional_1_2_1',1913,'none'
'per_sol_fractional_1_2_1',1914,'none'
'per_sol_fractional_1_2_1',1915,'none'
'per_sol_fractional_1_2_1',1916,'none'
'per_sol_fractional_1_2_1',1917,'none'
'per_sol_fractional_1_2_2',1922,'none'
'per_sol_fractional_1_2_2',1923,'none'
'per_sol_fractional_1_2_2',1924,'none'
'per_sol_fractional_1_2_2',1925,'none'
'per_sol_fractional_1_2_2',1926,'none'
'per_sol_fractional_1_2_2',1927,'none'
'per_sol_fractional_1_2_2',1928,'none'
'per_sol_fractional_1_2_2',1929,'none'
'per_sol_fractional_1_2_2',1930,'none'
'per_sol_fractional_1_2_2',1931,'none'
'per_sol_fractional_1_2_2',1932,'none'
'per_sol_fractional_1_2_2',1933,'none'
'per_sol_fractional_1_2_2',1934,'none'
'per_sol_fractional_1_2_2',1935,'none'
'per_sol_fractional_1_5_1',1863,'none'
'per_sol_fractional_1_5_1',1864,'none'
'per_sol_fractional_1_5_1',1865,'none'
'per_sol_fractional_1_5_1',1866,'none'
'per_sol_fractional_1_5_1',1867,'none'
'per_sol_fractional_1_5_1',1868,'none'
'per_sol_fractional_1_5_1',1869,'none'
'per_sol_fractional_1_5_1',1870,'none'
'per_sol_fractional_1_5_1',1871,'none'
'per_sol_fractional_1_5_1',1872,'none'
'per_sol_fractional_1_5_1',1873,'none'
'per_sol_fractional_1_5_1',1874,'none'
'per_sol_fractional_1_5_1',1875,'none'
'per_sol_fractional_1_5_1',1876,'none'
'per_sol_fractional_1_5_1',1877,'none'
'per_sol_fractional_1_5_1',1878,'none'
'per_sol_fractional_1_5_1',1879,'none'
'per_sol_fractional_1_5_1',1880,'none'
'per_sol_fractional_1_5_1',1881,'none'
'per_sol_fractional_1_5_1',1882,'none'
'per_sol_fractional_1_5_1',1883,'none'
'per_sol_fractional_1_5_1',1884,'none'
'per_sol_fractional_1_5_1',1885,'none'
'per_sol_fractional_1_5_1',1886,'none'
'per_sol_fractional_1_5_1',1887,'none'
'per_sol_fractional_1_5_1',1888,'none'
'per_sol_fractional_1_5_1',1889,'none'
'per_sol_fractional_1_5_1',1890,'none'
'per_sol_fractional_1_5_1',1891,'none'
'per_sol_fractional_1_5_1',1892,'none'
'per_sol_fractional_1_5_1',1893,'none'
'per_sol_fractional_1_5_1',1894,'none'
'per_sol_fractional_1_5_1',1895,'none'
'per_sol_fractional_1_5_1',1896,'none'
'per_sol_fractional_1_5_1',1897,'none'
'per_sol_fractional_1_5_1',1898,'none'
'per_sol_fractional_1_5_1',1899,'none'
'per_sol_fractional_1_5_1',1900,'none'
'per_sol_fractional_1_5_1',1901,'none'
'per_sol_fractional_1_5_1',1902,'none'
'per_sol_fractional_1_5_1',1903,'none'
'per_sol_fractional_1_5_1',1904,'none'
'per_sol_fractional_1_5_1',1905,'none'
'per_sol_fractional_1_5_1',1906,'none'
'per_sol_fractional_1_5_1',1907,'none'
'per_sol_fractional_1_5_1',1908,'none'
'per_sol_fractional_1_5_1',1909,'none'
'per_sol_fractional_1_5_1',1910,'none'
'per_sol_fractional_1_5_1',1911,'none'
'per_sol_fractional_1_5_1',1912,'none'
'per_sol_fractional_1_5_1',1913,'none'
'per_sol_fractional_1_5_1',1914,'none'
'per_sol_fractional_1_5_1',1915,'none'
'per_sol_fractional_1_5_1',1916,'none'
'per_sol_fractional_1_5_1',1917,'none'
'phl_centavo_10_1',1903,'none'
'phl_centavo_10_1',1904,'none'
'phl_centavo_10_1',1905,'none'
'phl_centavo_10_1',1906,'none'
'phl_centavo_10_2',1907,'none'
'phl_centavo_10_2',1908,'none'
'phl_centavo_10_2',1909,'none'
'phl_centavo_10_2',1910,'none'
'phl_centavo_10_2',1911,'none'
'phl_centavo_10_2',1912,'none'
'phl_centavo_10_2',1913,'none'
'phl_centavo_10_2',1914,'none'
'phl_centavo_10_2',1915,'none'
'phl_centavo_10_2',1916,'none'
'phl_centavo_10_2',1917,'none'
'phl_centavo_10_2',1918,'none'
'phl_centavo_10_2',1919,'none'
'phl_centavo_10_2',1920,'none'
'phl_centavo_10_2',1921,'none'
'phl_centavo_10_2',1922,'none'
'phl_centavo_10_2',1923,'none'
'phl_centavo_10_2',1924,'none'
'phl_centavo_10_2',1925,'none'
'phl_centavo_10_2',1926,'none'
'phl_centavo_10_2',1927,'none'
'phl_centavo_10_2',1928,'none'
'phl_centavo_10_2',1929,'none'
'phl_centavo_10_2',1930,'none'
'phl_centavo_10_2',1931,'none'
'phl_centavo_10_2',1932,'none'
'phl_centavo_10_2',1933,'none'
'phl_centavo_10_2',1934,'none'
'phl_centavo_10_2',1935,'none'
'phl_centavo_10_2',1936,'none'
'phl_centavo_10_2',1937,'none'
'phl_centavo_10_2',1938,'none'
'phl_centavo_10_2',1939,'none'
'phl_centavo_10_2',1940,'none'
'phl_centavo_10_2',1941,'none'
'phl_centavo_10_2',1942,'none'
'phl_centavo_10_2',1943,'none'
'phl_centavo_10_2',1944,'none'
'phl_centavo_10_2',1945,'none'
'phl_centavo_10_2',1946,'none'
'phl_centavo_10_2',1947,'none'
'phl_centavo_20_1',1903,'none'
'phl_centavo_20_1',1904,'none'
'phl_centavo_20_1',1905,'none'
'phl_centavo_20_1',1906,'none'
'phl_centavo_20_2',1907,'none'
'phl_centavo_20_2',1908,'none'
'phl_centavo_20_2',1909,'none'
'phl_centavo_20_2',1910,'none'
'phl_centavo_20_2',1911,'none'
'phl_centavo_20_2',1912,'none'
'phl_centavo_20_2',1913,'none'
'phl_centavo_20_2',1914,'none'
'phl_centavo_20_2',1915,'none'
'phl_centavo_20_2',1916,'none'
'phl_centavo_20_2',1917,'none'
'phl_centavo_20_2',1918,'none'
'phl_centavo_20_2',1919,'none'
'phl_centavo_20_2',1920,'none'
'phl_centavo_20_2',1921,'none'
'phl_centavo_20_2',1922,'none'
'phl_centavo_20_2',1923,'none'
'phl_centavo_20_2',1924,'none'
'phl_centavo_20_2',1925,'none'
'phl_centavo_20_2',1926,'none'
'phl_centavo_20_2',1927,'none'
'phl_centavo_20_2',1928,'none'
'phl_centavo_20_2',1929,'none'
'phl_centavo_20_2',1930,'none'
'phl_centavo_20_2',1931,'none'
'phl_centavo_20_2',1932,'none'
'phl_centavo_20_2',1933,'none'
'phl_centavo_20_2',1934,'none'
'phl_centavo_20_2',1935,'none'
'phl_centavo_20_2',1936,'none'
'phl_centavo_20_2',1937,'none'
'phl_centavo_20_2',1938,'none'
'phl_centavo_20_2',1939,'none'
'phl_centavo_20_2',1940,'none'
'phl_centavo_20_2',1941,'none'
'phl_centavo_20_2',1942,'none'
'phl_centavo_20_2',1943,'none'
'phl_centavo_20_2',1944,'none'
'phl_centavo_20_2',1945,'none'
'phl_centavo_20_2',1946,'none'
'phl_centavo_20_2',1947,'none'
'phl_centavo_50_1',1903,'none'
'phl_centavo_50_1',1904,'none'
'phl_centavo_50_1',1905,'none'
'phl_centavo_50_1',1906,'none'
'phl_centavo_50_2',1907,'none'
'phl_centavo_50_2',1908,'none'
'phl_centavo_50_2',1909,'none'
'phl_centavo_50_2',1910,'none'
'phl_centavo_50_2',1911,'none'
'phl_centavo_50_2',1912,'none'
'phl_centavo_50_2',1913,'none'
'phl_centavo_50_2',1914,'none'
'phl_centavo_50_2',1915,'none'
'phl_centavo_50_2',1916,'none'
'phl_centavo_50_2',1917,'none'
'phl_centavo_50_2',1918,'none'
'phl_centavo_50_2',1919,'none'
'phl_centavo_50_2',1920,'none'
'phl_centavo_50_2',1921,'none'
'phl_centavo_50_2',1922,'none'
'phl_centavo_50_2',1923,'none'
'phl_centavo_50_2',1924,'none'
'phl_centavo_50_2',1925,'none'
'phl_centavo_50_2',1926,'none'
'phl_centavo_50_2',1927,'none'
'phl_centavo_50_2',1928,'none'
'phl_centavo_50_2',1929,'none'
'phl_centavo_50_2',1930,'none'
'phl_centavo_50_2',1931,'none'
'phl_centavo_50_2',1932,'none'
'phl_centavo_50_2',1933,'none'
'phl_centavo_50_2',1934,'none'
'phl_centavo_50_2',1935,'none'
'phl_centavo_50_2',1936,'none'
'phl_centavo_50_2',1937,'none'
'phl_centavo_50_2',1938,'none'
'phl_centavo_50_2',1939,'none'
'phl_centavo_50_2',1940,'none'
'phl_centavo_50_2',1941,'none'
'phl_centavo_50_2',1942,'none'
'phl_centavo_50_2',1943,'none'
'phl_centavo_50_2',1944,'none'
'phl_centavo_50_2',1945,'none'
'phl_centavo_50_2',1946,'none'
'phl_centavo_50_2',1947,'none'
'phl_centimo_10_1',1864,'none'
'phl_centimo_10_1',1865,'none'
'phl_centimo_10_1',1866,'none'
'phl_centimo_10_1',1867,'none'
'phl_centimo_10_1',1868,'none'
'phl_centimo_10_1',1869,'none'
'phl_centimo_10_1',1870,'none'
'phl_centimo_10_1',1871,'none'
'phl_centimo_10_1',1872,'none'
'phl_centimo_10_1',1873,'none'
'phl_centimo_10_1',1874,'none'
'phl_centimo_10_1',1875,'none'
'phl_centimo_10_1',1876,'none'
'phl_centimo_10_1',1877,'none'
'phl_centimo_10_1',1878,'none'
'phl_centimo_10_1',1879,'none'
'phl_centimo_10_1',1880,'none'
'phl_centimo_10_2',1880,'none'
'phl_centimo_10_2',1881,'none'
'phl_centimo_10_2',1882,'none'
'phl_centimo_10_2',1883,'none'
'phl_centimo_10_2',1884,'none'
'phl_centimo_10_2',1885,'none'
'phl_centimo_20_1',1864,'none'
'phl_centimo_20_1',1865,'none'
'phl_centimo_20_1',1866,'none'
'phl_centimo_20_1',1867,'none'
'phl_centimo_20_1',1868,'none'
'phl_centimo_20_1',1869,'none'
'phl_centimo_20_1',1870,'none'
'phl_centimo_20_1',1871,'none'
'phl_centimo_20_1',1872,'none'
'phl_centimo_20_1',1873,'none'
'phl_centimo_20_1',1874,'none'
'phl_centimo_20_1',1875,'none'
'phl_centimo_20_1',1876,'none'
'phl_centimo_20_1',1877,'none'
'phl_centimo_20_1',1878,'none'
'phl_centimo_20_1',1879,'none'
'phl_centimo_20_1',1880,'none'
'phl_centimo_20_2',1880,'none'
'phl_centimo_20_2',1881,'none'
'phl_centimo_20_2',1882,'none'
'phl_centimo_20_2',1883,'none'
'phl_centimo_20_2',1884,'none'
'phl_centimo_20_2',1885,'none'
'phl_centimo_50_1',1864,'none'
'phl_centimo_50_1',1865,'none'
'phl_centimo_50_1',1866,'none'
'phl_centimo_50_1',1867,'none'
'phl_centimo_50_1',1868,'none'
'phl_centimo_50_1',1869,'none'
'phl_centimo_50_1',1870,'none'
'phl_centimo_50_1',1871,'none'
'phl_centimo_50_1',1872,'none'
'phl_centimo_50_1',1873,'none'
'phl_centimo_50_1',1874,'none'
'phl_centimo_50_1',1875,'none'
'phl_centimo_50_1',1876,'none'
'phl_centimo_50_1',1877,'none'
'phl_centimo_50_1',1878,'none'
'phl_centimo_50_1',1879,'none'
'phl_centimo_50_1',1880,'none'
'phl_centimo_50_2',1880,'none'
'phl_centimo_50_2',1881,'none'
'phl_centimo_50_2',1882,'none'
'phl_centimo_50_2',1883,'none'
'phl_centimo_50_2',1884,'none'
'phl_centimo_50_2',1885,'none'
'phl_peso_1_1',1897,'none'
'phl_peso_1_2',1903,'none'
'phl_peso_1_2',1904,'none'
'phl_peso_1_2',1905,'none'
'phl_peso_1_2',1906,'none'
'phl_peso_1_3',1907,'none'
'phl_peso_1_3',1908,'none'
'phl_peso_1_3',1909,'none'
'phl_peso_1_3',1910,'none'
'phl_peso_1_3',1911,'none'
'phl_peso_1_3',1912,'none'
'phl_peso_1_3',1913,'none'
'phl_peso_1_3',1914,'none'
'phl_peso_1_3',1915,'none'
'phl_peso_1_3',1916,'none'
'phl_peso_1_3',1917,'none'
'phl_peso_1_3',1918,'none'
'phl_peso_1_3',1919,'none'
'phl_peso_1_3',1920,'none'
'phl_peso_1_3',1921,'none'
'phl_peso_1_3',1922,'none'
'phl_peso_1_3',1923,'none'
'phl_peso_1_3',1924,'none'
'phl_peso_1_3',1925,'none'
'phl_peso_1_3',1926,'none'
'phl_peso_1_3',1927,'none'
'phl_peso_1_3',1928,'none'
'phl_peso_1_3',1929,'none'
'phl_peso_1_3',1930,'none'
'phl_peso_1_3',1931,'none'
'phl_peso_1_3',1932,'none'
'phl_peso_1_3',1933,'none'
'phl_peso_1_3',1934,'none'
'phl_peso_1_3',1935,'none'
'phl_peso_1_3',1936,'none'
'phl_peso_1_3',1937,'none'
'phl_peso_1_3',1938,'none'
'phl_peso_1_3',1939,'none'
'phl_peso_1_3',1940,'none'
'phl_peso_1_3',1941,'none'
'phl_peso_1_3',1942,'none'
'phl_peso_1_3',1943,'none'
'phl_peso_1_3',1944,'none'
'phl_peso_1_3',1945,'none'
'phl_peso_1_3',1946,'none'
'phl_peso_1_3',1947,'none'
'phl_peso_1_4',1961,'none'
'phl_peso_1_4',1962,'none'
'phl_peso_1_4',1963,'none'
'phl_peso_1_4',1964,'none'
'phl_peso_1_5',1861,'none'
'phl_peso_1_5',1862,'none'
'phl_peso_1_5',1863,'none'
'phl_peso_1_5',1864,'none'
'phl_peso_1_5',1865,'none'
'phl_peso_1_5',1866,'none'
'phl_peso_1_5',1867,'none'
'phl_peso_1_5',1868,'none'
'phl_peso_1_5',1869,'none'
'phl_peso_1_5',1870,'none'
'phl_peso_1_5',1871,'none'
'phl_peso_1_5',1872,'none'
'phl_peso_1_5',1873,'none'
'phl_peso_1_5',1874,'none'
'phl_peso_1_5',1875,'none'
'phl_peso_1_5',1876,'none'
'phl_peso_1_5',1877,'none'
'phl_peso_1_5',1878,'none'
'phl_peso_1_5',1879,'none'
'phl_peso_1_5',1880,'none'
'phl_peso_1_5',1881,'none'
'phl_peso_1_5',1882,'none'
'phl_peso_1_5',1883,'none'
'phl_peso_1_5',1884,'none'
'phl_peso_1_5',1885,'none'
'phl_peso_2_1',1861,'none'
'phl_peso_2_1',1862,'none'
'phl_peso_2_1',1863,'none'
'phl_peso_2_1',1864,'none'
'phl_peso_2_1',1865,'none'
'phl_peso_2_1',1866,'none'
'phl_peso_2_1',1867,'none'
'phl_peso_2_1',1868,'none'
'phl_peso_2_1',1869,'none'
'phl_peso_2_1',1870,'none'
'phl_peso_2_1',1871,'none'
'phl_peso_2_1',1872,'none'
'phl_peso_2_1',1873,'none'
'phl_peso_2_1',1874,'none'
'phl_peso_2_1',1875,'none'
'phl_peso_2_1',1876,'none'
'phl_peso_2_1',1877,'none'
'phl_peso_2_1',1878,'none'
'phl_peso_2_1',1879,'none'
'phl_peso_2_1',1880,'none'
'phl_peso_2_1',1881,'none'
'phl_peso_2_1',1882,'none'
'phl_peso_2_1',1883,'none'
'phl_peso_2_1',1884,'none'
'phl_peso_2_1',1885,'none'
'phl_peso_4_1',1861,'none'
'phl_peso_4_1',1862,'none'
'phl_peso_4_1',1863,'none'
'phl_peso_4_1',1864,'none'
'phl_peso_4_1',1865,'none'
'phl_peso_4_1',1866,'none'
'phl_peso_4_1',1867,'none'
'phl_peso_4_1',1868,'none'
'phl_peso_4_1',1869,'none'
'phl_peso_4_1',1870,'none'
'phl_peso_4_1',1871,'none'
'phl_peso_4_1',1872,'none'
'phl_peso_4_1',1873,'none'
'phl_peso_4_1',1874,'none'
'phl_peso_4_1',1875,'none'
'phl_peso_4_1',1876,'none'
'phl_peso_4_1',1877,'none'
'phl_peso_4_1',1878,'none'
'phl_peso_4_1',1879,'none'
'phl_peso_4_1',1880,'none'
'phl_peso_4_1',1881,'none'
'phl_peso_4_1',1882,'none'
'phl_peso_4_1',1883,'none'
'phl_peso_4_1',1884,'none'
'phl_peso_4_1',1885,'none'
'phl_peso_fractional_1_2_1',1961,'none'
'pol_zloty_10_1',1932,'none'
'pol_zloty_10_1',1933,'none'
'pol_zloty_10_1',1934,'none'
'pol_zloty_10_1',1935,'none'
'pol_zloty_10_1',1936,'none'
'pol_zloty_10_1',1937,'none'
'pol_zloty_10_1',1938,'none'
'pol_zloty_10_1',1939,'none'
'pol_zloty_10_2',1925,'none'
'pol_zloty_1_1',1924,'none'
'pol_zloty_1_1',1925,'none'
'pol_zloty_20_1',1925,'none'
'pol_zloty_2_1',1924,'none'
'pol_zloty_2_1',1925,'none'
'pol_zloty_2_2',1932,'none'
'pol_zloty_2_2',1933,'none'
'pol_zloty_2_2',1934,'none'
'pol_zloty_2_2',1935,'none'
'pol_zloty_2_2',1936,'none'
'pol_zloty_2_2',1937,'none'
'pol_zloty_2_2',1938,'none'
'pol_zloty_2_2',1939,'none'
'pol_zloty_5_1',1924,'none'
'pol_zloty_5_1',1925,'none'
'pol_zloty_5_2',1928,'none'
'pol_zloty_5_2',1929,'none'
'pol_zloty_5_2',1930,'none'
'pol_zloty_5_2',1931,'none'
'pol_zloty_5_2',1932,'none'
'pol_zloty_5_3',1932,'none'
'pol_zloty_5_3',1933,'none'
'pol_zloty_5_3',1934,'none'
'pol_zloty_5_3',1935,'none'
'pol_zloty_5_3',1936,'none'
'pol_zloty_5_3',1937,'none'
'pol_zloty_5_3',1938,'none'
'pol_zloty_5_3',1939,'none'
'prt_centavo_10_1',1912,'none'
'prt_centavo_10_1',1913,'none'
'prt_centavo_10_1',1914,'none'
'prt_centavo_10_1',1915,'none'
'prt_centavo_10_1',1916,'none'
'prt_centavo_20_1',1912,'none'
'prt_centavo_20_1',1913,'none'
'prt_centavo_20_1',1914,'none'
'prt_centavo_20_1',1915,'none'
'prt_centavo_20_1',1916,'none'
'prt_centavo_50_1',1912,'none'
'prt_centavo_50_1',1913,'none'
'prt_centavo_50_1',1914,'none'
'prt_centavo_50_1',1915,'none'
'prt_centavo_50_1',1916,'none'
'prt_escudo_10_1',1928,'none'
'prt_escudo_10_1',1929,'none'
'prt_escudo_10_1',1930,'none'
'prt_escudo_10_1',1931,'none'
'prt_escudo_10_1',1932,'none'
'prt_escudo_10_1',1933,'none'
'prt_escudo_10_1',1934,'none'
'prt_escudo_10_1',1935,'none'
'prt_escudo_10_1',1936,'none'
'prt_escudo_10_1',1937,'none'
'prt_escudo_10_1',1938,'none'
'prt_escudo_10_1',1939,'none'
'prt_escudo_10_1',1940,'none'
'prt_escudo_10_1',1941,'none'
'prt_escudo_10_1',1942,'none'
'prt_escudo_10_1',1943,'none'
'prt_escudo_10_1',1944,'none'
'prt_escudo_10_1',1945,'none'
'prt_escudo_10_1',1946,'none'
'prt_escudo_10_1',1947,'none'
'prt_escudo_10_1',1948,'none'
'prt_escudo_1_1',1912,'none'
'prt_escudo_1_1',1913,'none'
'prt_escudo_1_1',1914,'none'
'prt_escudo_1_1',1915,'none'
'prt_escudo_1_1',1916,'none'
'prt_escudo_5_1',1932,'none'
'prt_escudo_5_1',1933,'none'
'prt_escudo_5_1',1934,'none'
'prt_escudo_5_1',1935,'none'
'prt_escudo_5_1',1936,'none'
'prt_escudo_5_1',1937,'none'
'prt_escudo_5_1',1938,'none'
'prt_escudo_5_1',1939,'none'
'prt_escudo_5_1',1940,'none'
'prt_escudo_5_1',1941,'none'
'prt_escudo_5_1',1942,'none'
'prt_escudo_5_1',1943,'none'
'prt_escudo_5_1',1944,'none'
'prt_escudo_5_1',1945,'none'
'prt_escudo_5_1',1946,'none'
'prt_escudo_5_1',1947,'none'
'prt_escudo_5_1',1948,'none'
'prt_escudo_5_1',1949,'none'
'prt_escudo_5_1',1950,'none'
'prt_escudo_5_1',1951,'none'
'prt_escudo_5_1',1952,'none'
'prt_escudo_5_1',1953,'none'
'prt_escudo_5_1',1954,'none'
'prt_escudo_5_1',1955,'none'
'prt_escudo_5_1',1956,'none'
'prt_escudo_5_1',1957,'none'
'prt_escudo_5_1',1958,'none'
'prt_escudo_5_1',1959,'none'
'prt_escudo_5_1',1960,'none'
'prt_escudo_fractional_2_1_2_1',1932,'none'
'prt_escudo_fractional_2_1_2_1',1933,'none'
'prt_escudo_fractional_2_1_2_1',1934,'none'
'prt_escudo_fractional_2_1_2_1',1935,'none'
'prt_escudo_fractional_2_1_2_1',1936,'none'
'prt_escudo_fractional_2_1_2_1',1937,'none'
'prt_escudo_fractional_2_1_2_1',1938,'none'
'prt_escudo_fractional_2_1_2_1',1939,'none'
'prt_escudo_fractional_2_1_2_1',1940,'none'
'prt_escudo_fractional_2_1_2_1',1941,'none'
'prt_escudo_fractional_2_1_2_1',1942,'none'
'prt_escudo_fractional_2_1_2_1',1943,'none'
'prt_escudo_fractional_2_1_2_1',1944,'none'
'prt_escudo_fractional_2_1_2_1',1945,'none'
'prt_escudo_fractional_2_1_2_1',1946,'none'
'prt_escudo_fractional_2_1_2_1',1947,'none'
'prt_escudo_fractional_2_1_2_1',1948,'none'
'prt_escudo_fractional_2_1_2_1',1949,'none'
'prt_escudo_fractional_2_1_2_1',1950,'none'
'prt_escudo_fractional_2_1_2_1',1951,'none'
'prt_escudo_fractional_2_1_2_1',1952,'none'
'prt_escudo_fractional_2_1_2_1',1953,'none'
'prt_escudo_fractional_2_1_2_1',1954,'none'
'prt_escudo_fractional_2_1_2_1',1955,'none'
'prt_escudo_fractional_2_1_2_1',1956,'none'
'prt_escudo_fractional_2_1_2_1',1957,'none'
'prt_escudo_fractional_2_1_2_1',1958,'none'
'prt_escudo_fractional_2_1_2_1',1959,'none'
'prt_escudo_fractional_2_1_2_1',1960,'none'
'prt_real_10000_1',1862,'none'
'prt_real_10000_1',1863,'none'
'prt_real_10000_1',1864,'none'
'prt_real_10000_1',1865,'none'
'prt_real_10000_1',1866,'none'
'prt_real_10000_1',1867,'none'
'prt_real_10000_1',1868,'none'
'prt_real_10000_1',1869,'none'
'prt_real_10000_1',1870,'none'
'prt_real_10000_1',1871,'none'
'prt_real_10000_1',1872,'none'
'prt_real_10000_1',1873,'none'
'prt_real_10000_1',1874,'none'
'prt_real_10000_1',1875,'none'
'prt_real_10000_1',1876,'none'
'prt_real_10000_1',1877,'none'
'prt_real_10000_1',1878,'none'
'prt_real_10000_1',1879,'none'
'prt_real_10000_1',1880,'none'
'prt_real_10000_1',1881,'none'
'prt_real_10000_1',1882,'none'
'prt_real_10000_1',1883,'none'
'prt_real_10000_1',1884,'none'
'prt_real_10000_1',1885,'none'
'prt_real_10000_1',1886,'none'
'prt_real_10000_1',1887,'none'
'prt_real_10000_1',1888,'none'
'prt_real_10000_1',1889,'none'
'prt_real_1000_1',1854,'none'
'prt_real_1000_1',1855,'none'
'prt_real_1000_1',1856,'none'
'prt_real_1000_1',1857,'none'
'prt_real_1000_1',1858,'none'
'prt_real_1000_1',1859,'none'
'prt_real_1000_1',1860,'none'
'prt_real_1000_1',1861,'none'
'prt_real_1000_1',1862,'none'
'prt_real_1000_1',1863,'none'
'prt_real_1000_1',1864,'none'
'prt_real_1000_1',1865,'none'
'prt_real_1000_1',1866,'none'
'prt_real_1000_1',1867,'none'
'prt_real_1000_1',1868,'none'
'prt_real_1000_1',1869,'none'
'prt_real_1000_1',1870,'none'
'prt_real_1000_1',1871,'none'
'prt_real_1000_1',1872,'none'
'prt_real_1000_1',1873,'none'
'prt_real_1000_1',1874,'none'
'prt_real_1000_1',1875,'none'
'prt_real_1000_1',1876,'none'
'prt_real_1000_1',1877,'none'
'prt_real_1000_1',1878,'none'
'prt_real_1000_1',1879,'none'
'prt_real_1000_1',1880,'none'
'prt_real_1000_1',1881,'none'
'prt_real_1000_1',1882,'none'
'prt_real_1000_1',1883,'none'
'prt_real_1000_1',1884,'none'
'prt_real_1000_1',1885,'none'
'prt_real_1000_1',1886,'none'
'prt_real_1000_1',1887,'none'
'prt_real_1000_1',1888,'none'
'prt_real_1000_1',1889,'none'
'prt_real_1000_1',1890,'none'
'prt_real_1000_1',1891,'none'
'prt_real_1000_1',1892,'none'
'prt_real_1000_1',1893,'none'
'prt_real_1000_1',1894,'none'
'prt_real_1000_1',1895,'none'
'prt_real_1000_1',1896,'none'
'prt_real_1000_1',1897,'none'
'prt_real_1000_1',1898,'none'
'prt_real_1000_1',1899,'none'
'prt_real_1000_1',1900,'none'
'prt_real_1000_1',1901,'none'
'prt_real_1000_1',1902,'none'
'prt_real_1000_1',1903,'none'
'prt_real_1000_1',1904,'none'
'prt_real_1000_1',1905,'none'
'prt_real_1000_1',1906,'none'
'prt_real_1000_1',1907,'none'
'prt_real_1000_1',1908,'none'
'prt_real_1000_1',1909,'none'
'prt_real_1000_1',1910,'none'
'prt_real_100_1',1854,'none'
'prt_real_100_1',1855,'none'
'prt_real_100_1',1856,'none'
'prt_real_100_1',1857,'none'
'prt_real_100_1',1858,'none'
'prt_real_100_1',1859,'none'
'prt_real_100_1',1860,'none'
'prt_real_100_1',1861,'none'
'prt_real_100_1',1862,'none'
'prt_real_100_1',1863,'none'
'prt_real_100_1',1864,'none'
'prt_real_100_1',1865,'none'
'prt_real_100_1',1866,'none'
'prt_real_100_1',1867,'none'
'prt_real_100_1',1868,'none'
'prt_real_100_1',1869,'none'
'prt_real_100_1',1870,'none'
'prt_real_100_1',1871,'none'
'prt_real_100_1',1872,'none'
'prt_real_100_1',1873,'none'
'prt_real_100_1',1874,'none'
'prt_real_100_1',1875,'none'
'prt_real_100_1',1876,'none'
'prt_real_100_1',1877,'none'
'prt_real_100_1',1878,'none'
'prt_real_100_1',1879,'none'
'prt_real_100_1',1880,'none'
'prt_real_100_1',1881,'none'
'prt_real_100_1',1882,'none'
'prt_real_100_1',1883,'none'
'prt_real_100_1',1884,'none'
'prt_real_100_1',1885,'none'
'prt_real_100_1',1886,'none'
'prt_real_100_1',1887,'none'
'prt_real_100_1',1888,'none'
'prt_real_100_1',1889,'none'
'prt_real_100_1',1890,'none'
'prt_real_100_1',1891,'none'
'prt_real_100_1',1892,'none'
'prt_real_100_1',1893,'none'
'prt_real_100_1',1894,'none'
'prt_real_100_1',1895,'none'
'prt_real_100_1',1896,'none'
'prt_real_100_1',1897,'none'
'prt_real_100_1',1898,'none'
'prt_real_100_1',1899,'none'
'prt_real_100_1',1900,'none'
'prt_real_100_1',1901,'none'
'prt_real_100_1',1902,'none'
'prt_real_100_1',1903,'none'
'prt_real_100_2',1908,'none'
'prt_real_100_2',1909,'none'
'prt_real_2000_1',1862,'none'
'prt_real_2000_1',1863,'none'
'prt_real_2000_1',1864,'none'
'prt_real_2000_1',1865,'none'
'prt_real_2000_1',1866,'none'
'prt_real_2000_1',1867,'none'
'prt_real_2000_1',1868,'none'
'prt_real_2000_1',1869,'none'
'prt_real_2000_1',1870,'none'
'prt_real_2000_1',1871,'none'
'prt_real_2000_1',1872,'none'
'prt_real_2000_1',1873,'none'
'prt_real_2000_1',1874,'none'
'prt_real_2000_1',1875,'none'
'prt_real_2000_1',1876,'none'
'prt_real_2000_1',1877,'none'
'prt_real_2000_1',1878,'none'
'prt_real_2000_1',1879,'none'
'prt_real_2000_1',1880,'none'
'prt_real_2000_1',1881,'none'
'prt_real_2000_1',1882,'none'
'prt_real_2000_1',1883,'none'
'prt_real_2000_1',1884,'none'
'prt_real_2000_1',1885,'none'
'prt_real_2000_1',1886,'none'
'prt_real_2000_1',1887,'none'
'prt_real_2000_1',1888,'none'
'prt_real_2000_1',1889,'none'
'prt_real_200_1',1854,'none'
'prt_real_200_1',1855,'none'
'prt_real_200_1',1856,'none'
'prt_real_200_1',1857,'none'
'prt_real_200_1',1858,'none'
'prt_real_200_1',1859,'none'
'prt_real_200_1',1860,'none'
'prt_real_200_1',1861,'none'
'prt_real_200_1',1862,'none'
'prt_real_200_1',1863,'none'
'prt_real_200_1',1864,'none'
'prt_real_200_1',1865,'none'
'prt_real_200_1',1866,'none'
'prt_real_200_1',1867,'none'
'prt_real_200_1',1868,'none'
'prt_real_200_1',1869,'none'
'prt_real_200_1',1870,'none'
'prt_real_200_1',1871,'none'
'prt_real_200_1',1872,'none'
'prt_real_200_1',1873,'none'
'prt_real_200_1',1874,'none'
'prt_real_200_1',1875,'none'
'prt_real_200_1',1876,'none'
'prt_real_200_1',1877,'none'
'prt_real_200_1',1878,'none'
'prt_real_200_1',1879,'none'
'prt_real_200_1',1880,'none'
'prt_real_200_1',1881,'none'
'prt_real_200_1',1882,'none'
'prt_real_200_1',1883,'none'
'prt_real_200_1',1884,'none'
'prt_real_200_1',1885,'none'
'prt_real_200_1',1886,'none'
'prt_real_200_1',1887,'none'
'prt_real_200_1',1888,'none'
'prt_real_200_1',1889,'none'
'prt_real_200_1',1890,'none'
'prt_real_200_1',1891,'none'
'prt_real_200_1',1892,'none'
'prt_real_200_1',1893,'none'
'prt_real_200_1',1894,'none'
'prt_real_200_1',1895,'none'
'prt_real_200_1',1896,'none'
'prt_real_200_1',1897,'none'
'prt_real_200_1',1898,'none'
'prt_real_200_1',1899,'none'
'prt_real_200_1',1900,'none'
'prt_real_200_1',1901,'none'
'prt_real_200_1',1902,'none'
'prt_real_200_1',1903,'none'
'prt_real_200_2',1908,'none'
'prt_real_200_2',1909,'none'
'prt_real_5000_1',1862,'none'
'prt_real_5000_1',1863,'none'
'prt_real_5000_1',1864,'none'
'prt_real_5000_1',1865,'none'
'prt_real_5000_1',1866,'none'
'prt_real_5000_1',1867,'none'
'prt_real_5000_1',1868,'none'
'prt_real_5000_1',1869,'none'
'prt_real_5000_1',1870,'none'
'prt_real_5000_1',1871,'none'
'prt_real_5000_1',1872,'none'
'prt_real_5000_1',1873,'none'
'prt_real_5000_1',1874,'none'
'prt_real_5000_1',1875,'none'
'prt_real_5000_1',1876,'none'
'prt_real_5000_1',1877,'none'
'prt_real_5000_1',1878,'none'
'prt_real_5000_1',1879,'none'
'prt_real_5000_1',1880,'none'
'prt_real_5000_1',1881,'none'
'prt_real_5000_1',1882,'none'
'prt_real_5000_1',1883,'none'
'prt_real_5000_1',1884,'none'
'prt_real_5000_1',1885,'none'
'prt_real_5000_1',1886,'none'
'prt_real_5000_1',1887,'none'
'prt_real_5000_1',1888,'none'
'prt_real_5000_1',1889,'none'
'prt_real_500_1',1854,'none'
'prt_real_500_1',1855,'none'
'prt_real_500_1',1856,'none'
'prt_real_500_1',1857,'none'
'prt_real_500_1',1858,'none'
'prt_real_500_1',1859,'none'
'prt_real_500_1',1860,'none'
'prt_real_500_1',1861,'none'
'prt_real_500_1',1862,'none'
'prt_real_500_1',1863,'none'
'prt_real_500_1',1864,'none'
'prt_real_500_1',1865,'none'
'prt_real_500_1',1866,'none'
'prt_real_500_1',1867,'none'
'prt_real_500_1',1868,'none'
'prt_real_500_1',1869,'none'
'prt_real_500_1',1870,'none'
'prt_real_500_1',1871,'none'
'prt_real_500_1',1872,'none'
'prt_real_500_1',1873,'none'
'prt_real_500_1',1874,'none'
'prt_real_500_1',1875,'none'
'prt_real_500_1',1876,'none'
'prt_real_500_1',1877,'none'
'prt_real_500_1',1878,'none'
'prt_real_500_1',1879,'none'
'prt_real_500_1',1880,'none'
'prt_real_500_1',1881,'none'
'prt_real_500_1',1882,'none'
'prt_real_500_1',1883,'none'
'prt_real_500_1',1884,'none'
'prt_real_500_1',1885,'none'
'prt_real_500_1',1886,'none'
'prt_real_500_1',1887,'none'
'prt_real_500_1',1888,'none'
'prt_real_500_1',1889,'none'
'prt_real_500_1',1890,'none'
'prt_real_500_1',1891,'none'
'prt_real_500_1',1892,'none'
'prt_real_500_1',1893,'none'
'prt_real_500_1',1894,'none'
'prt_real_500_1',1895,'none'
'prt_real_500_1',1896,'none'
'prt_real_500_1',1897,'none'
'prt_real_500_1',1898,'none'
'prt_real_500_1',1899,'none'
'prt_real_500_1',1900,'none'
'prt_real_500_1',1901,'none'
'prt_real_500_1',1902,'none'
'prt_real_500_1',1903,'none'
'prt_real_500_1',1904,'none'
'prt_real_500_1',1905,'none'
'prt_real_500_1',1906,'none'
'prt_real_500_1',1907,'none'
'prt_real_500_1',1908,'none'
'prt_real_500_1',1909,'none'
'prt_real_500_1',1910,'none'
'prt_real_50_1',1854,'none'
'prt_real_50_1',1855,'none'
'prt_real_50_1',1856,'none'
'prt_real_50_1',1857,'none'
'prt_real_50_1',1858,'none'
'prt_real_50_1',1859,'none'
'prt_real_50_1',1860,'none'
'prt_real_50_1',1861,'none'
'prt_real_50_1',1862,'none'
'prt_real_50_1',1863,'none'
'prt_real_50_1',1864,'none'
'prt_real_50_1',1865,'none'
'prt_real_50_1',1866,'none'
'prt_real_50_1',1867,'none'
'prt_real_50_1',1868,'none'
'prt_real_50_1',1869,'none'
'prt_real_50_1',1870,'none'
'prt_real_50_1',1871,'none'
'prt_real_50_1',1872,'none'
'prt_real_50_1',1873,'none'
'prt_real_50_1',1874,'none'
'prt_real_50_1',1875,'none'
'prt_real_50_1',1876,'none'
'prt_real_50_1',1877,'none'
'prt_real_50_1',1878,'none'
'prt_real_50_1',1879,'none'
'prt_real_50_1',1880,'none'
'prt_real_50_1',1881,'none'
'prt_real_50_1',1882,'none'
'prt_real_50_1',1883,'none'
'prt_real_50_1',1884,'none'
'prt_real_50_1',1885,'none'
'prt_real_50_1',1886,'none'
'prt_real_50_1',1887,'none'
'prt_real_50_1',1888,'none'
'prt_real_50_1',1889,'none'
'prt_real_50_1',1890,'none'
'prt_real_50_1',1891,'none'
'prt_real_50_1',1892,'none'
'prt_real_50_1',1893,'none'
'prt_real_50_1',1894,'none'
'prt_real_50_1',1895,'none'
'prt_real_50_1',1896,'none'
'prt_real_50_1',1897,'none'
'prt_real_50_1',1898,'none'
'prt_real_50_1',1899,'none'
'prt_real_50_1',1900,'none'
'prt_real_50_1',1901,'none'
'prt_real_50_1',1902,'none'
'prt_real_50_1',1903,'none'
'pry_peso_1_1',1889,'none'
'rou_banu_50_1',1870,'none'
'rou_banu_50_1',1871,'none'
'rou_banu_50_1',1872,'none'
'rou_banu_50_1',1873,'none'
'rou_banu_50_1',1874,'none'
'rou_banu_50_1',1875,'none'
'rou_banu_50_1',1876,'none'
'rou_banu_50_1',1877,'none'
'rou_banu_50_1',1878,'none'
'rou_banu_50_1',1879,'none'
'rou_banu_50_1',1880,'none'
'rou_banu_50_1',1881,'none'
'rou_banu_50_1',1882,'none'
'rou_banu_50_1',1883,'none'
'rou_banu_50_1',1884,'none'
'rou_banu_50_1',1885,'none'
'rou_banu_50_1',1886,'none'
'rou_banu_50_1',1887,'none'
'rou_banu_50_1',1888,'none'
'rou_banu_50_1',1889,'none'
'rou_banu_50_1',1890,'none'
'rou_banu_50_1',1891,'none'
'rou_banu_50_1',1892,'none'
'rou_banu_50_1',1893,'none'
'rou_banu_50_1',1894,'none'
'rou_banu_50_1',1895,'none'
'rou_banu_50_1',1896,'none'
'rou_banu_50_1',1897,'none'
'rou_banu_50_1',1898,'none'
'rou_banu_50_1',1899,'none'
'rou_banu_50_1',1900,'none'
'rou_banu_50_1',1901,'none'
'rou_banu_50_1',1902,'none'
'rou_banu_50_1',1903,'none'
'rou_banu_50_1',1904,'none'
'rou_banu_50_1',1905,'none'
'rou_banu_50_1',1906,'none'
'rou_banu_50_1',1907,'none'
'rou_banu_50_1',1908,'none'
'rou_banu_50_1',1909,'none'
'rou_banu_50_1',1910,'none'
'rou_banu_50_1',1911,'none'
'rou_banu_50_1',1912,'none'
'rou_banu_50_1',1913,'none'
'rou_banu_50_1',1914,'none'
'rou_leu_100000_1',1946,'none'
'rou_leu_100_1',1932,'none'
'rou_leu_100_1',1933,'none'
'rou_leu_100_1',1934,'none'
'rou_leu_100_1',1935,'none'
'rou_leu_100_2',1868,'none'
'rou_leu_100_2',1869,'none'
'rou_leu_100_2',1870,'none'
'rou_leu_100_2',1871,'none'
'rou_leu_100_2',1872,'none'
'rou_leu_100_2',1873,'none'
'rou_leu_100_2',1874,'none'
'rou_leu_100_2',1875,'none'
'rou_leu_100_2',1876,'none'
'rou_leu_100_2',1877,'none'
'rou_leu_100_2',1878,'none'
'rou_leu_100_2',1879,'none'
'rou_leu_100_2',1880,'none'
'rou_leu_100_2',1881,'none'
'rou_leu_100_2',1882,'none'
'rou_leu_100_2',1883,'none'
'rou_leu_100_2',1884,'none'
'rou_leu_100_2',1885,'none'
'rou_leu_100_2',1886,'none'
'rou_leu_100_2',1887,'none'
'rou_leu_100_2',1888,'none'
'rou_leu_100_2',1889,'none'
'rou_leu_100_2',1890,'none'
'rou_leu_100_2',1891,'none'
'rou_leu_100_2',1892,'none'
'rou_leu_100_2',1893,'none'
'rou_leu_100_2',1894,'none'
'rou_leu_100_2',1895,'none'
'rou_leu_100_2',1896,'none'
'rou_leu_100_2',1897,'none'
'rou_leu_100_2',1898,'none'
'rou_leu_100_2',1899,'none'
'rou_leu_100_2',1900,'none'
'rou_leu_100_2',1901,'none'
'rou_leu_100_2',1902,'none'
'rou_leu_100_2',1903,'none'
'rou_leu_100_2',1904,'none'
'rou_leu_100_2',1905,'none'
'rou_leu_100_2',1906,'none'
'rou_leu_100_2',1907,'none'
'rou_leu_100_2',1908,'none'
'rou_leu_100_2',1909,'none'
'rou_leu_100_2',1910,'none'
'rou_leu_100_2',1911,'none'
'rou_leu_100_2',1912,'none'
'rou_leu_100_2',1913,'none'
'rou_leu_100_2',1914,'none'
'rou_leu_100_2',1915,'none'
'rou_leu_100_2',1916,'none'
'rou_leu_100_2',1917,'none'
'rou_leu_100_2',1918,'none'
'rou_leu_100_2',1919,'none'
'rou_leu_100_2',1920,'none'
'rou_leu_100_2',1921,'none'
'rou_leu_100_2',1922,'none'
'rou_leu_100_2',1923,'none'
'rou_leu_100_2',1924,'none'
'rou_leu_100_2',1925,'none'
'rou_leu_100_2',1926,'none'
'rou_leu_100_2',1927,'none'
'rou_leu_100_2',1928,'none'
'rou_leu_100_2',1929,'none'
'rou_leu_100_2',1930,'none'
'rou_leu_100_2',1931,'none'
'rou_leu_100_2',1932,'none'
'rou_leu_100_2',1933,'none'
'rou_leu_100_2',1934,'none'
'rou_leu_100_2',1935,'none'
'rou_leu_100_2',1936,'none'
'rou_leu_100_2',1937,'none'
'rou_leu_100_2',1938,'none'
'rou_leu_100_2',1939,'none'
'rou_leu_100_2',1940,'none'
'rou_leu_1_1',1870,'none'
'rou_leu_1_1',1871,'none'
'rou_leu_1_1',1872,'none'
'rou_leu_1_1',1873,'none'
'rou_leu_1_1',1874,'none'
'rou_leu_1_1',1875,'none'
'rou_leu_1_1',1876,'none'
'rou_leu_1_1',1877,'none'
'rou_leu_1_1',1878,'none'
'rou_leu_1_1',1879,'none'
'rou_leu_1_1',1880,'none'
'rou_leu_1_1',1881,'none'
'rou_leu_1_1',1882,'none'
'rou_leu_1_1',1883,'none'
'rou_leu_1_1',1884,'none'
'rou_leu_1_1',1885,'none'
'rou_leu_1_1',1886,'none'
'rou_leu_1_1',1887,'none'
'rou_leu_1_1',1888,'none'
'rou_leu_1_1',1889,'none'
'rou_leu_1_1',1890,'none'
'rou_leu_1_1',1891,'none'
'rou_leu_1_1',1892,'none'
'rou_leu_1_1',1893,'none'
'rou_leu_1_1',1894,'none'
'rou_leu_1_1',1895,'none'
'rou_leu_1_1',1896,'none'
'rou_leu_1_1',1897,'none'
'rou_leu_1_1',1898,'none'
'rou_leu_1_1',1899,'none'
'rou_leu_1_1',1900,'none'
'rou_leu_1_1',1901,'none'
'rou_leu_1_1',1902,'none'
'rou_leu_1_1',1903,'none'
'rou_leu_1_1',1904,'none'
'rou_leu_1_1',1905,'none'
'rou_leu_1_1',1906,'none'
'rou_leu_1_1',1907,'none'
'rou_leu_1_1',1908,'none'
'rou_leu_1_1',1909,'none'
'rou_leu_1_1',1910,'none'
'rou_leu_1_1',1911,'none'
'rou_leu_1_1',1912,'none'
'rou_leu_1_1',1913,'none'
'rou_leu_1_1',1914,'none'
'rou_leu_200_1',1942,'none'
'rou_leu_20_1',1868,'none'
'rou_leu_20_1',1869,'none'
'rou_leu_20_1',1870,'none'
'rou_leu_20_1',1871,'none'
'rou_leu_20_1',1872,'none'
'rou_leu_20_1',1873,'none'
'rou_leu_20_1',1874,'none'
'rou_leu_20_1',1875,'none'
'rou_leu_20_1',1876,'none'
'rou_leu_20_1',1877,'none'
'rou_leu_20_1',1878,'none'
'rou_leu_20_1',1879,'none'
'rou_leu_20_1',1880,'none'
'rou_leu_20_1',1881,'none'
'rou_leu_20_1',1882,'none'
'rou_leu_20_1',1883,'none'
'rou_leu_20_1',1884,'none'
'rou_leu_20_1',1885,'none'
'rou_leu_20_1',1886,'none'
'rou_leu_20_1',1887,'none'
'rou_leu_20_1',1888,'none'
'rou_leu_20_1',1889,'none'
'rou_leu_20_1',1890,'none'
'rou_leu_20_1',1891,'none'
'rou_leu_20_1',1892,'none'
'rou_leu_20_1',1893,'none'
'rou_leu_20_1',1894,'none'
'rou_leu_20_1',1895,'none'
'rou_leu_20_1',1896,'none'
'rou_leu_20_1',1897,'none'
'rou_leu_20_1',1898,'none'
'rou_leu_20_1',1899,'none'
'rou_leu_20_1',1900,'none'
'rou_leu_20_1',1901,'none'
'rou_leu_20_1',1902,'none'
'rou_leu_20_1',1903,'none'
'rou_leu_20_1',1904,'none'
'rou_leu_20_1',1905,'none'
'rou_leu_20_1',1906,'none'
'rou_leu_20_1',1907,'none'
'rou_leu_20_1',1908,'none'
'rou_leu_20_1',1909,'none'
'rou_leu_20_1',1910,'none'
'rou_leu_20_1',1911,'none'
'rou_leu_20_1',1912,'none'
'rou_leu_20_1',1913,'none'
'rou_leu_20_1',1914,'none'
'rou_leu_20_1',1915,'none'
'rou_leu_20_1',1916,'none'
'rou_leu_20_1',1917,'none'
'rou_leu_20_1',1918,'none'
'rou_leu_20_1',1919,'none'
'rou_leu_20_1',1920,'none'
'rou_leu_20_1',1921,'none'
'rou_leu_20_1',1922,'none'
'rou_leu_20_1',1923,'none'
'rou_leu_20_1',1924,'none'
'rou_leu_20_1',1925,'none'
'rou_leu_20_1',1926,'none'
'rou_leu_20_1',1927,'none'
'rou_leu_20_1',1928,'none'
'rou_leu_20_1',1929,'none'
'rou_leu_20_1',1930,'none'
'rou_leu_20_1',1931,'none'
'rou_leu_20_1',1932,'none'
'rou_leu_20_1',1933,'none'
'rou_leu_20_1',1934,'none'
'rou_leu_20_1',1935,'none'
'rou_leu_20_1',1936,'none'
'rou_leu_20_1',1937,'none'
'rou_leu_20_1',1938,'none'
'rou_leu_20_1',1939,'none'
'rou_leu_20_1',1940,'none'
'rou_leu_25000_1',1946,'none'
'rou_leu_250_1',1932,'none'
'rou_leu_250_1',1933,'none'
'rou_leu_250_1',1934,'none'
'rou_leu_250_1',1935,'none'
'rou_leu_250_2',1939,'none'
'rou_leu_250_2',1940,'none'
'rou_leu_250_2',1941,'none'
'rou_leu_25_1',1868,'none'
'rou_leu_25_1',1869,'none'
'rou_leu_25_1',1870,'none'
'rou_leu_25_1',1871,'none'
'rou_leu_25_1',1872,'none'
'rou_leu_25_1',1873,'none'
'rou_leu_25_1',1874,'none'
'rou_leu_25_1',1875,'none'
'rou_leu_25_1',1876,'none'
'rou_leu_25_1',1877,'none'
'rou_leu_25_1',1878,'none'
'rou_leu_25_1',1879,'none'
'rou_leu_25_1',1880,'none'
'rou_leu_25_1',1881,'none'
'rou_leu_25_1',1882,'none'
'rou_leu_25_1',1883,'none'
'rou_leu_25_1',1884,'none'
'rou_leu_25_1',1885,'none'
'rou_leu_25_1',1886,'none'
'rou_leu_25_1',1887,'none'
'rou_leu_25_1',1888,'none'
'rou_leu_25_1',1889,'none'
'rou_leu_25_1',1890,'none'
'rou_leu_25_1',1891,'none'
'rou_leu_25_1',1892,'none'
'rou_leu_25_1',1893,'none'
'rou_leu_25_1',1894,'none'
'rou_leu_25_1',1895,'none'
'rou_leu_25_1',1896,'none'
'rou_leu_25_1',1897,'none'
'rou_leu_25_1',1898,'none'
'rou_leu_25_1',1899,'none'
'rou_leu_25_1',1900,'none'
'rou_leu_25_1',1901,'none'
'rou_leu_25_1',1902,'none'
'rou_leu_25_1',1903,'none'
'rou_leu_25_1',1904,'none'
'rou_leu_25_1',1905,'none'
'rou_leu_25_1',1906,'none'
'rou_leu_25_1',1907,'none'
'rou_leu_25_1',1908,'none'
'rou_leu_25_1',1909,'none'
'rou_leu_25_1',1910,'none'
'rou_leu_25_1',1911,'none'
'rou_leu_25_1',1912,'none'
'rou_leu_25_1',1913,'none'
'rou_leu_25_1',1914,'none'
'rou_leu_25_1',1915,'none'
'rou_leu_25_1',1916,'none'
'rou_leu_25_1',1917,'none'
'rou_leu_25_1',1918,'none'
'rou_leu_25_1',1919,'none'
'rou_leu_25_1',1920,'none'
'rou_leu_25_1',1921,'none'
'rou_leu_25_1',1922,'none'
'rou_leu_25_1',1923,'none'
'rou_leu_25_1',1924,'none'
'rou_leu_25_1',1925,'none'
'rou_leu_25_1',1926,'none'
'rou_leu_25_1',1927,'none'
'rou_leu_25_1',1928,'none'
'rou_leu_25_1',1929,'none'
'rou_leu_25_1',1930,'none'
'rou_leu_25_1',1931,'none'
'rou_leu_25_1',1932,'none'
'rou_leu_25_1',1933,'none'
'rou_leu_25_1',1934,'none'
'rou_leu_25_1',1935,'none'
'rou_leu_25_1',1936,'none'
'rou_leu_25_1',1937,'none'
'rou_leu_25_1',1938,'none'
'rou_leu_25_1',1939,'none'
'rou_leu_25_1',1940,'none'
'rou_leu_2_1',1870,'none'
'rou_leu_2_1',1871,'none'
'rou_leu_2_1',1872,'none'
'rou_leu_2_1',1873,'none'
'rou_leu_2_1',1874,'none'
'rou_leu_2_1',1875,'none'
'rou_leu_2_1',1876,'none'
'rou_leu_2_1',1877,'none'
'rou_leu_2_1',1878,'none'
'rou_leu_2_1',1879,'none'
'rou_leu_2_1',1880,'none'
'rou_leu_2_1',1881,'none'
'rou_leu_2_1',1882,'none'
'rou_leu_2_1',1883,'none'
'rou_leu_2_1',1884,'none'
'rou_leu_2_1',1885,'none'
'rou_leu_2_1',1886,'none'
'rou_leu_2_1',1887,'none'
'rou_leu_2_1',1888,'none'
'rou_leu_2_1',1889,'none'
'rou_leu_2_1',1890,'none'
'rou_leu_2_1',1891,'none'
'rou_leu_2_1',1892,'none'
'rou_leu_2_1',1893,'none'
'rou_leu_2_1',1894,'none'
'rou_leu_2_1',1895,'none'
'rou_leu_2_1',1896,'none'
'rou_leu_2_1',1897,'none'
'rou_leu_2_1',1898,'none'
'rou_leu_2_1',1899,'none'
'rou_leu_2_1',1900,'none'
'rou_leu_2_1',1901,'none'
'rou_leu_2_1',1902,'none'
'rou_leu_2_1',1903,'none'
'rou_leu_2_1',1904,'none'
'rou_leu_2_1',1905,'none'
'rou_leu_2_1',1906,'none'
'rou_leu_2_1',1907,'none'
'rou_leu_2_1',1908,'none'
'rou_leu_2_1',1909,'none'
'rou_leu_2_1',1910,'none'
'rou_leu_2_1',1911,'none'
'rou_leu_2_1',1912,'none'
'rou_leu_2_1',1913,'none'
'rou_leu_2_1',1914,'none'
'rou_leu_500_1',1941,'none'
'rou_leu_50_1',1868,'none'
'rou_leu_50_1',1869,'none'
'rou_leu_50_1',1870,'none'
'rou_leu_50_1',1871,'none'
'rou_leu_50_1',1872,'none'
'rou_leu_50_1',1873,'none'
'rou_leu_50_1',1874,'none'
'rou_leu_50_1',1875,'none'
'rou_leu_50_1',1876,'none'
'rou_leu_50_1',1877,'none'
'rou_leu_50_1',1878,'none'
'rou_leu_50_1',1879,'none'
'rou_leu_50_1',1880,'none'
'rou_leu_50_1',1881,'none'
'rou_leu_50_1',1882,'none'
'rou_leu_50_1',1883,'none'
'rou_leu_50_1',1884,'none'
'rou_leu_50_1',1885,'none'
'rou_leu_50_1',1886,'none'
'rou_leu_50_1',1887,'none'
'rou_leu_50_1',1888,'none'
'rou_leu_50_1',1889,'none'
'rou_leu_50_1',1890,'none'
'rou_leu_50_1',1891,'none'
'rou_leu_50_1',1892,'none'
'rou_leu_50_1',1893,'none'
'rou_leu_50_1',1894,'none'
'rou_leu_50_1',1895,'none'
'rou_leu_50_1',1896,'none'
'rou_leu_50_1',1897,'none'
'rou_leu_50_1',1898,'none'
'rou_leu_50_1',1899,'none'
'rou_leu_50_1',1900,'none'
'rou_leu_50_1',1901,'none'
'rou_leu_50_1',1902,'none'
'rou_leu_50_1',1903,'none'
'rou_leu_50_1',1904,'none'
'rou_leu_50_1',1905,'none'
'rou_leu_50_1',1906,'none'
'rou_leu_50_1',1907,'none'
'rou_leu_50_1',1908,'none'
'rou_leu_50_1',1909,'none'
'rou_leu_50_1',1910,'none'
'rou_leu_50_1',1911,'none'
'rou_leu_50_1',1912,'none'
'rou_leu_50_1',1913,'none'
'rou_leu_50_1',1914,'none'
'rou_leu_50_1',1915,'none'
'rou_leu_50_1',1916,'none'
'rou_leu_50_1',1917,'none'
'rou_leu_50_1',1918,'none'
'rou_leu_50_1',1919,'none'
'rou_leu_50_1',1920,'none'
'rou_leu_50_1',1921,'none'
'rou_leu_50_1',1922,'none'
'rou_leu_50_1',1923,'none'
'rou_leu_50_1',1924,'none'
'rou_leu_50_1',1925,'none'
'rou_leu_50_1',1926,'none'
'rou_leu_50_1',1927,'none'
'rou_leu_50_1',1928,'none'
'rou_leu_50_1',1929,'none'
'rou_leu_50_1',1930,'none'
'rou_leu_50_1',1931,'none'
'rou_leu_50_1',1932,'none'
'rou_leu_50_1',1933,'none'
'rou_leu_50_1',1934,'none'
'rou_leu_50_1',1935,'none'
'rou_leu_50_1',1936,'none'
'rou_leu_50_1',1937,'none'
'rou_leu_50_1',1938,'none'
'rou_leu_50_1',1939,'none'
'rou_leu_50_1',1940,'none'
'rou_leu_5_1',1870,'none'
'rou_leu_5_1',1871,'none'
'rou_leu_5_1',1872,'none'
'rou_leu_5_1',1873,'none'
'rou_leu_5_1',1874,'none'
'rou_leu_5_1',1875,'none'
'rou_leu_5_1',1876,'none'
'rou_leu_5_1',1877,'none'
'rou_leu_5_1',1878,'none'
'rou_leu_5_1',1879,'none'
'rou_leu_5_1',1880,'none'
'rou_leu_5_1',1881,'none'
'rou_leu_5_1',1882,'none'
'rou_leu_5_1',1883,'none'
'rou_leu_5_1',1884,'none'
'rou_leu_5_1',1885,'none'
'rou_leu_5_1',1886,'none'
'rou_leu_5_1',1887,'none'
'rou_leu_5_1',1888,'none'
'rou_leu_5_1',1889,'none'
'rou_leu_5_1',1890,'none'
'rou_leu_5_1',1891,'none'
'rou_leu_5_1',1892,'none'
'rou_leu_5_1',1893,'none'
'rou_leu_5_1',1894,'none'
'rou_leu_5_1',1895,'none'
'rou_leu_5_1',1896,'none'
'rou_leu_5_1',1897,'none'
'rou_leu_5_1',1898,'none'
'rou_leu_5_1',1899,'none'
'rou_leu_5_1',1900,'none'
'rou_leu_5_1',1901,'none'
'rou_leu_5_1',1902,'none'
'rou_leu_5_1',1903,'none'
'rou_leu_5_1',1904,'none'
'rou_leu_5_1',1905,'none'
'rou_leu_5_1',1906,'none'
'rou_leu_5_1',1907,'none'
'rou_leu_5_1',1908,'none'
'rou_leu_5_1',1909,'none'
'rou_leu_5_1',1910,'none'
'rou_leu_5_1',1911,'none'
'rou_leu_5_1',1912,'none'
'rou_leu_5_1',1913,'none'
'rou_leu_5_1',1914,'none'
'rou_leu_fractional_12_1_2_1',1868,'none'
'rou_leu_fractional_12_1_2_1',1869,'none'
'rou_leu_fractional_12_1_2_1',1870,'none'
'rou_leu_fractional_12_1_2_1',1871,'none'
'rou_leu_fractional_12_1_2_1',1872,'none'
'rou_leu_fractional_12_1_2_1',1873,'none'
'rou_leu_fractional_12_1_2_1',1874,'none'
'rou_leu_fractional_12_1_2_1',1875,'none'
'rou_leu_fractional_12_1_2_1',1876,'none'
'rou_leu_fractional_12_1_2_1',1877,'none'
'rou_leu_fractional_12_1_2_1',1878,'none'
'rou_leu_fractional_12_1_2_1',1879,'none'
'rou_leu_fractional_12_1_2_1',1880,'none'
'rou_leu_fractional_12_1_2_1',1881,'none'
'rou_leu_fractional_12_1_2_1',1882,'none'
'rou_leu_fractional_12_1_2_1',1883,'none'
'rou_leu_fractional_12_1_2_1',1884,'none'
'rou_leu_fractional_12_1_2_1',1885,'none'
'rou_leu_fractional_12_1_2_1',1886,'none'
'rou_leu_fractional_12_1_2_1',1887,'none'
'rou_leu_fractional_12_1_2_1',1888,'none'
'rou_leu_fractional_12_1_2_1',1889,'none'
'rou_leu_fractional_12_1_2_1',1890,'none'
'rou_leu_fractional_12_1_2_1',1891,'none'
'rou_leu_fractional_12_1_2_1',1892,'none'
'rou_leu_fractional_12_1_2_1',1893,'none'
'rou_leu_fractional_12_1_2_1',1894,'none'
'rou_leu_fractional_12_1_2_1',1895,'none'
'rou_leu_fractional_12_1_2_1',1896,'none'
'rou_leu_fractional_12_1_2_1',1897,'none'
'rou_leu_fractional_12_1_2_1',1898,'none'
'rou_leu_fractional_12_1_2_1',1899,'none'
'rou_leu_fractional_12_1_2_1',1900,'none'
'rou_leu_fractional_12_1_2_1',1901,'none'
'rou_leu_fractional_12_1_2_1',1902,'none'
'rou_leu_fractional_12_1_2_1',1903,'none'
'rou_leu_fractional_12_1_2_1',1904,'none'
'rou_leu_fractional_12_1_2_1',1905,'none'
'rou_leu_fractional_12_1_2_1',1906,'none'
'rou_leu_fractional_12_1_2_1',1907,'none'
'rou_leu_fractional_12_1_2_1',1908,'none'
'rou_leu_fractional_12_1_2_1',1909,'none'
'rou_leu_fractional_12_1_2_1',1910,'none'
'rou_leu_fractional_12_1_2_1',1911,'none'
'rou_leu_fractional_12_1_2_1',1912,'none'
'rou_leu_fractional_12_1_2_1',1913,'none'
'rou_leu_fractional_12_1_2_1',1914,'none'
'rou_leu_fractional_12_1_2_1',1915,'none'
'rou_leu_fractional_12_1_2_1',1916,'none'
'rou_leu_fractional_12_1_2_1',1917,'none'
'rou_leu_fractional_12_1_2_1',1918,'none'
'rou_leu_fractional_12_1_2_1',1919,'none'
'rou_leu_fractional_12_1_2_1',1920,'none'
'rou_leu_fractional_12_1_2_1',1921,'none'
'rou_leu_fractional_12_1_2_1',1922,'none'
'rou_leu_fractional_12_1_2_1',1923,'none'
'rou_leu_fractional_12_1_2_1',1924,'none'
'rou_leu_fractional_12_1_2_1',1925,'none'
'rou_leu_fractional_12_1_2_1',1926,'none'
'rou_leu_fractional_12_1_2_1',1927,'none'
'rou_leu_fractional_12_1_2_1',1928,'none'
'rou_leu_fractional_12_1_2_1',1929,'none'
'rou_leu_fractional_12_1_2_1',1930,'none'
'rou_leu_fractional_12_1_2_1',1931,'none'
'rou_leu_fractional_12_1_2_1',1932,'none'
'rou_leu_fractional_12_1_2_1',1933,'none'
'rou_leu_fractional_12_1_2_1',1934,'none'
'rou_leu_fractional_12_1_2_1',1935,'none'
'rou_leu_fractional_12_1_2_1',1936,'none'
'rou_leu_fractional_12_1_2_1',1937,'none'
'rou_leu_fractional_12_1_2_1',1938,'none'
'rou_leu_fractional_12_1_2_1',1939,'none'
'rou_leu_fractional_12_1_2_1',1940,'none'
'rus_kopek_10_1',1855,'none'
'rus_kopek_10_1',1856,'none'
'rus_kopek_10_1',1857,'none'
'rus_kopek_10_1',1858,'none'
'rus_kopek_10_2',1859,'none'
'rus_kopek_10_2',1860,'none'
'rus_kopek_10_2',1861,'none'
'rus_kopek_10_2',1862,'none'
'rus_kopek_10_2',1863,'none'
'rus_kopek_10_2',1864,'none'
'rus_kopek_10_2',1865,'none'
'rus_kopek_10_2',1866,'none'
'rus_kopek_10_3',1867,'none'
'rus_kopek_10_3',1868,'none'
'rus_kopek_10_3',1869,'none'
'rus_kopek_10_3',1870,'none'
'rus_kopek_10_3',1871,'none'
'rus_kopek_10_3',1872,'none'
'rus_kopek_10_3',1873,'none'
'rus_kopek_10_3',1874,'none'
'rus_kopek_10_3',1875,'none'
'rus_kopek_10_3',1876,'none'
'rus_kopek_10_3',1877,'none'
'rus_kopek_10_3',1878,'none'
'rus_kopek_10_3',1879,'none'
'rus_kopek_10_3',1880,'none'
'rus_kopek_10_3',1881,'none'
'rus_kopek_10_3',1882,'none'
'rus_kopek_10_3',1883,'none'
'rus_kopek_10_3',1884,'none'
'rus_kopek_10_3',1885,'none'
'rus_kopek_10_3',1886,'none'
'rus_kopek_10_3',1887,'none'
'rus_kopek_10_3',1888,'none'
'rus_kopek_10_3',1889,'none'
'rus_kopek_10_3',1890,'none'
'rus_kopek_10_3',1891,'none'
'rus_kopek_10_3',1892,'none'
'rus_kopek_10_3',1893,'none'
'rus_kopek_10_3',1894,'none'
'rus_kopek_10_3',1895,'none'
'rus_kopek_10_3',1896,'none'
'rus_kopek_10_3',1897,'none'
'rus_kopek_10_3',1898,'none'
'rus_kopek_10_3',1899,'none'
'rus_kopek_10_3',1900,'none'
'rus_kopek_10_3',1901,'none'
'rus_kopek_10_3',1902,'none'
'rus_kopek_10_3',1903,'none'
'rus_kopek_10_3',1904,'none'
'rus_kopek_10_3',1905,'none'
'rus_kopek_10_3',1906,'none'
'rus_kopek_10_3',1907,'none'
'rus_kopek_10_3',1908,'none'
'rus_kopek_10_3',1909,'none'
'rus_kopek_10_3',1910,'none'
'rus_kopek_10_3',1911,'none'
'rus_kopek_10_3',1912,'none'
'rus_kopek_10_3',1913,'none'
'rus_kopek_10_3',1914,'none'
'rus_kopek_10_3',1915,'none'
'rus_kopek_10_3',1916,'none'
'rus_kopek_10_3',1917,'none'
'rus_kopek_10_3',1921,'none'
'rus_kopek_10_3',1922,'none'
'rus_kopek_10_3',1923,'none'
'rus_kopek_10_3',1924,'none'
'rus_kopek_10_3',1925,'none'
'rus_kopek_10_3',1926,'none'
'rus_kopek_10_3',1927,'none'
'rus_kopek_10_3',1928,'none'
'rus_kopek_10_3',1929,'none'
'rus_kopek_10_3',1930,'none'
'rus_kopek_10_3',1931,'none'
'rus_kopek_15_1',1860,'none'
'rus_kopek_15_1',1861,'none'
'rus_kopek_15_1',1862,'none'
'rus_kopek_15_1',1863,'none'
'rus_kopek_15_1',1864,'none'
'rus_kopek_15_1',1865,'none'
'rus_kopek_15_1',1866,'none'
'rus_kopek_15_2',1867,'none'
'rus_kopek_15_2',1868,'none'
'rus_kopek_15_2',1869,'none'
'rus_kopek_15_2',1870,'none'
'rus_kopek_15_2',1871,'none'
'rus_kopek_15_2',1872,'none'
'rus_kopek_15_2',1873,'none'
'rus_kopek_15_2',1874,'none'
'rus_kopek_15_2',1875,'none'
'rus_kopek_15_2',1876,'none'
'rus_kopek_15_2',1877,'none'
'rus_kopek_15_2',1878,'none'
'rus_kopek_15_2',1879,'none'
'rus_kopek_15_2',1880,'none'
'rus_kopek_15_2',1881,'none'
'rus_kopek_15_2',1882,'none'
'rus_kopek_15_2',1883,'none'
'rus_kopek_15_2',1884,'none'
'rus_kopek_15_2',1885,'none'
'rus_kopek_15_2',1886,'none'
'rus_kopek_15_2',1887,'none'
'rus_kopek_15_2',1888,'none'
'rus_kopek_15_2',1889,'none'
'rus_kopek_15_2',1890,'none'
'rus_kopek_15_2',1891,'none'
'rus_kopek_15_2',1892,'none'
'rus_kopek_15_2',1893,'none'
'rus_kopek_15_2',1894,'none'
'rus_kopek_15_2',1895,'none'
'rus_kopek_15_2',1896,'none'
'rus_kopek_15_2',1897,'none'
'rus_kopek_15_2',1898,'none'
'rus_kopek_15_2',1899,'none'
'rus_kopek_15_2',1900,'none'
'rus_kopek_15_2',1901,'none'
'rus_kopek_15_2',1902,'none'
'rus_kopek_15_2',1903,'none'
'rus_kopek_15_2',1904,'none'
'rus_kopek_15_2',1905,'none'
'rus_kopek_15_2',1906,'none'
'rus_kopek_15_2',1907,'none'
'rus_kopek_15_2',1908,'none'
'rus_kopek_15_2',1909,'none'
'rus_kopek_15_2',1910,'none'
'rus_kopek_15_2',1911,'none'
'rus_kopek_15_2',1912,'none'
'rus_kopek_15_2',1913,'none'
'rus_kopek_15_2',1914,'none'
'rus_kopek_15_2',1915,'none'
'rus_kopek_15_2',1916,'none'
'rus_kopek_15_2',1917,'none'
'rus_kopek_15_2',1921,'none'
'rus_kopek_15_2',1922,'none'
'rus_kopek_15_2',1923,'none'
'rus_kopek_15_2',1924,'none'
'rus_kopek_15_2',1925,'none'
'rus_kopek_15_2',1926,'none'
'rus_kopek_15_2',1927,'none'
'rus_kopek_15_2',1928,'none'
'rus_kopek_15_2',1929,'none'
'rus_kopek_15_2',1930,'none'
'rus_kopek_15_2',1931,'none'
'rus_kopek_20_1',1855,'none'
'rus_kopek_20_1',1856,'none'
'rus_kopek_20_1',1857,'none'
'rus_kopek_20_1',1858,'none'
'rus_kopek_20_2',1859,'none'
'rus_kopek_20_2',1860,'none'
'rus_kopek_20_2',1861,'none'
'rus_kopek_20_2',1862,'none'
'rus_kopek_20_2',1863,'none'
'rus_kopek_20_2',1864,'none'
'rus_kopek_20_2',1865,'none'
'rus_kopek_20_2',1866,'none'
'rus_kopek_20_3',1867,'none'
'rus_kopek_20_3',1868,'none'
'rus_kopek_20_3',1869,'none'
'rus_kopek_20_3',1870,'none'
'rus_kopek_20_3',1871,'none'
'rus_kopek_20_3',1872,'none'
'rus_kopek_20_3',1873,'none'
'rus_kopek_20_3',1874,'none'
'rus_kopek_20_3',1875,'none'
'rus_kopek_20_3',1876,'none'
'rus_kopek_20_3',1877,'none'
'rus_kopek_20_3',1878,'none'
'rus_kopek_20_3',1879,'none'
'rus_kopek_20_3',1880,'none'
'rus_kopek_20_3',1881,'none'
'rus_kopek_20_3',1882,'none'
'rus_kopek_20_3',1883,'none'
'rus_kopek_20_3',1884,'none'
'rus_kopek_20_3',1885,'none'
'rus_kopek_20_3',1886,'none'
'rus_kopek_20_3',1887,'none'
'rus_kopek_20_3',1888,'none'
'rus_kopek_20_3',1889,'none'
'rus_kopek_20_3',1890,'none'
'rus_kopek_20_3',1891,'none'
'rus_kopek_20_3',1892,'none'
'rus_kopek_20_3',1893,'none'
'rus_kopek_20_3',1894,'none'
'rus_kopek_20_3',1895,'none'
'rus_kopek_20_3',1896,'none'
'rus_kopek_20_3',1897,'none'
'rus_kopek_20_3',1898,'none'
'rus_kopek_20_3',1899,'none'
'rus_kopek_20_3',1900,'none'
'rus_kopek_20_3',1901,'none'
'rus_kopek_20_3',1902,'none'
'rus_kopek_20_3',1903,'none'
'rus_kopek_20_3',1904,'none'
'rus_kopek_20_3',1905,'none'
'rus_kopek_20_3',1906,'none'
'rus_kopek_20_3',1907,'none'
'rus_kopek_20_3',1908,'none'
'rus_kopek_20_3',1909,'none'
'rus_kopek_20_3',1910,'none'
'rus_kopek_20_3',1911,'none'
'rus_kopek_20_3',1912,'none'
'rus_kopek_20_3',1913,'none'
'rus_kopek_20_3',1914,'none'
'rus_kopek_20_3',1915,'none'
'rus_kopek_20_3',1916,'none'
'rus_kopek_20_3',1917,'none'
'rus_kopek_20_3',1921,'none'
'rus_kopek_20_3',1922,'none'
'rus_kopek_20_3',1923,'none'
'rus_kopek_20_3',1924,'none'
'rus_kopek_20_3',1925,'none'
'rus_kopek_20_3',1926,'none'
'rus_kopek_20_3',1927,'none'
'rus_kopek_20_3',1928,'none'
'rus_kopek_20_3',1929,'none'
'rus_kopek_20_3',1930,'none'
'rus_kopek_20_3',1931,'none'
'rus_kopek_25_1',1855,'none'
'rus_kopek_25_1',1856,'none'
'rus_kopek_25_1',1857,'none'
'rus_kopek_25_1',1858,'none'
'rus_kopek_25_2',1859,'none'
'rus_kopek_25_2',1860,'none'
'rus_kopek_25_2',1861,'none'
'rus_kopek_25_2',1862,'none'
'rus_kopek_25_2',1863,'none'
'rus_kopek_25_2',1864,'none'
'rus_kopek_25_2',1865,'none'
'rus_kopek_25_2',1866,'none'
'rus_kopek_25_2',1867,'none'
'rus_kopek_25_2',1868,'none'
'rus_kopek_25_2',1869,'none'
'rus_kopek_25_2',1870,'none'
'rus_kopek_25_2',1871,'none'
'rus_kopek_25_2',1872,'none'
'rus_kopek_25_2',1873,'none'
'rus_kopek_25_2',1874,'none'
'rus_kopek_25_2',1875,'none'
'rus_kopek_25_2',1876,'none'
'rus_kopek_25_2',1877,'none'
'rus_kopek_25_2',1878,'none'
'rus_kopek_25_2',1879,'none'
'rus_kopek_25_2',1880,'none'
'rus_kopek_25_2',1881,'none'
'rus_kopek_25_2',1882,'none'
'rus_kopek_25_2',1883,'none'
'rus_kopek_25_2',1884,'none'
'rus_kopek_25_2',1885,'none'
'rus_kopek_25_3',1886,'none'
'rus_kopek_25_3',1887,'none'
'rus_kopek_25_3',1888,'none'
'rus_kopek_25_3',1889,'none'
'rus_kopek_25_3',1890,'none'
'rus_kopek_25_3',1891,'none'
'rus_kopek_25_3',1892,'none'
'rus_kopek_25_3',1893,'none'
'rus_kopek_25_3',1894,'none'
'rus_kopek_25_3',1895,'none'
'rus_kopek_25_3',1896,'none'
'rus_kopek_25_3',1897,'none'
'rus_kopek_25_3',1898,'none'
'rus_kopek_25_3',1899,'none'
'rus_kopek_25_3',1900,'none'
'rus_kopek_25_3',1901,'none'
'rus_kopek_50_1',1859,'none'
'rus_kopek_50_1',1860,'none'
'rus_kopek_50_1',1861,'none'
'rus_kopek_50_1',1862,'none'
'rus_kopek_50_1',1863,'none'
'rus_kopek_50_1',1864,'none'
'rus_kopek_50_1',1865,'none'
'rus_kopek_50_1',1866,'none'
'rus_kopek_50_1',1867,'none'
'rus_kopek_50_1',1868,'none'
'rus_kopek_50_1',1869,'none'
'rus_kopek_50_1',1870,'none'
'rus_kopek_50_1',1871,'none'
'rus_kopek_50_1',1872,'none'
'rus_kopek_50_1',1873,'none'
'rus_kopek_50_1',1874,'none'
'rus_kopek_50_1',1875,'none'
'rus_kopek_50_1',1876,'none'
'rus_kopek_50_1',1877,'none'
'rus_kopek_50_1',1878,'none'
'rus_kopek_50_1',1879,'none'
'rus_kopek_50_1',1880,'none'
'rus_kopek_50_1',1881,'none'
'rus_kopek_50_1',1882,'none'
'rus_kopek_50_1',1883,'none'
'rus_kopek_50_1',1884,'none'
'rus_kopek_50_1',1885,'none'
'rus_kopek_50_2',1886,'none'
'rus_kopek_50_2',1887,'none'
'rus_kopek_50_2',1888,'none'
'rus_kopek_50_2',1889,'none'
'rus_kopek_50_2',1890,'none'
'rus_kopek_50_2',1891,'none'
'rus_kopek_50_2',1892,'none'
'rus_kopek_50_2',1893,'none'
'rus_kopek_50_2',1894,'none'
'rus_kopek_50_2',1895,'none'
'rus_kopek_50_2',1896,'none'
'rus_kopek_50_2',1897,'none'
'rus_kopek_50_2',1898,'none'
'rus_kopek_50_2',1899,'none'
'rus_kopek_50_2',1900,'none'
'rus_kopek_50_2',1901,'none'
'rus_kopek_50_2',1902,'none'
'rus_kopek_50_2',1903,'none'
'rus_kopek_50_2',1904,'none'
'rus_kopek_50_2',1905,'none'
'rus_kopek_50_2',1906,'none'
'rus_kopek_50_2',1907,'none'
'rus_kopek_50_2',1908,'none'
'rus_kopek_50_2',1909,'none'
'rus_kopek_50_2',1910,'none'
'rus_kopek_50_2',1911,'none'
'rus_kopek_50_2',1912,'none'
'rus_kopek_50_2',1913,'none'
'rus_kopek_50_2',1914,'none'
'rus_kopek_50_2',1921,'none'
'rus_kopek_50_2',1922,'none'
'rus_kopek_50_2',1924,'none'
'rus_kopek_50_2',1925,'none'
'rus_kopek_50_2',1926,'none'
'rus_kopek_50_2',1927,'none'
'rus_kopek_5_1',1855,'none'
'rus_kopek_5_1',1856,'none'
'rus_kopek_5_1',1857,'none'
'rus_kopek_5_1',1858,'none'
'rus_kopek_5_2',1859,'none'
'rus_kopek_5_2',1860,'none'
'rus_kopek_5_2',1861,'none'
'rus_kopek_5_2',1862,'none'
'rus_kopek_5_2',1863,'none'
'rus_kopek_5_2',1864,'none'
'rus_kopek_5_2',1865,'none'
'rus_kopek_5_2',1866,'none'
'rus_kopek_5_3',1867,'none'
'rus_kopek_5_3',1868,'none'
'rus_kopek_5_3',1869,'none'
'rus_kopek_5_3',1870,'none'
'rus_kopek_5_3',1871,'none'
'rus_kopek_5_3',1872,'none'
'rus_kopek_5_3',1873,'none'
'rus_kopek_5_3',1874,'none'
'rus_kopek_5_3',1875,'none'
'rus_kopek_5_3',1876,'none'
'rus_kopek_5_3',1877,'none'
'rus_kopek_5_3',1878,'none'
'rus_kopek_5_3',1879,'none'
'rus_kopek_5_3',1880,'none'
'rus_kopek_5_3',1881,'none'
'rus_kopek_5_3',1882,'none'
'rus_kopek_5_3',1883,'none'
'rus_kopek_5_3',1884,'none'
'rus_kopek_5_3',1885,'none'
'rus_kopek_5_3',1886,'none'
'rus_kopek_5_3',1887,'none'
'rus_kopek_5_3',1888,'none'
'rus_kopek_5_3',1889,'none'
'rus_kopek_5_3',1890,'none'
'rus_kopek_5_3',1891,'none'
'rus_kopek_5_3',1892,'none'
'rus_kopek_5_3',1893,'none'
'rus_kopek_5_3',1894,'none'
'rus_kopek_5_3',1895,'none'
'rus_kopek_5_3',1896,'none'
'rus_kopek_5_3',1897,'none'
'rus_kopek_5_3',1898,'none'
'rus_kopek_5_3',1899,'none'
'rus_kopek_5_3',1900,'none'
'rus_kopek_5_3',1901,'none'
'rus_kopek_5_3',1902,'none'
'rus_kopek_5_3',1903,'none'
'rus_kopek_5_3',1904,'none'
'rus_kopek_5_3',1905,'none'
'rus_kopek_5_3',1906,'none'
'rus_kopek_5_3',1907,'none'
'rus_kopek_5_3',1908,'none'
'rus_kopek_5_3',1909,'none'
'rus_kopek_5_3',1910,'none'
'rus_kopek_5_3',1911,'none'
'rus_kopek_5_3',1912,'none'
'rus_kopek_5_3',1913,'none'
'rus_kopek_5_3',1914,'none'
'rus_kopek_5_3',1915,'none'
'rus_kopek_5_3',1916,'none'
'rus_ruble_10_1',1886,'none'
'rus_ruble_10_1',1887,'none'
'rus_ruble_10_1',1888,'none'
'rus_ruble_10_1',1889,'none'
'rus_ruble_10_1',1890,'none'
'rus_ruble_10_1',1891,'none'
'rus_ruble_10_1',1892,'none'
'rus_ruble_10_1',1893,'none'
'rus_ruble_10_1',1894,'none'
'rus_ruble_10_1',1895,'none'
'rus_ruble_10_1',1896,'none'
'rus_ruble_10_1',1897,'none'
'rus_ruble_10_2',1897,'none'
'rus_ruble_10_2',1898,'none'
'rus_ruble_10_2',1899,'none'
'rus_ruble_10_2',1900,'none'
'rus_ruble_10_2',1901,'none'
'rus_ruble_10_2',1902,'none'
'rus_ruble_10_2',1903,'none'
'rus_ruble_10_2',1904,'none'
'rus_ruble_10_2',1905,'none'
'rus_ruble_10_2',1906,'none'
'rus_ruble_10_2',1907,'none'
'rus_ruble_10_2',1908,'none'
'rus_ruble_10_2',1909,'none'
'rus_ruble_10_2',1910,'none'
'rus_ruble_10_2',1911,'none'
'rus_ruble_15_1',1897,'none'
'rus_ruble_1_1',1855,'none'
'rus_ruble_1_1',1856,'none'
'rus_ruble_1_1',1857,'none'
'rus_ruble_1_1',1858,'none'
'rus_ruble_1_2',1859,'none'
'rus_ruble_1_2',1860,'none'
'rus_ruble_1_2',1861,'none'
'rus_ruble_1_2',1862,'none'
'rus_ruble_1_2',1863,'none'
'rus_ruble_1_2',1864,'none'
'rus_ruble_1_2',1865,'none'
'rus_ruble_1_2',1866,'none'
'rus_ruble_1_2',1867,'none'
'rus_ruble_1_2',1868,'none'
'rus_ruble_1_2',1869,'none'
'rus_ruble_1_2',1870,'none'
'rus_ruble_1_2',1871,'none'
'rus_ruble_1_2',1872,'none'
'rus_ruble_1_2',1873,'none'
'rus_ruble_1_2',1874,'none'
'rus_ruble_1_2',1875,'none'
'rus_ruble_1_2',1876,'none'
'rus_ruble_1_2',1877,'none'
'rus_ruble_1_2',1878,'none'
'rus_ruble_1_2',1879,'none'
'rus_ruble_1_2',1880,'none'
'rus_ruble_1_2',1881,'none'
'rus_ruble_1_2',1882,'none'
'rus_ruble_1_2',1883,'none'
'rus_ruble_1_2',1884,'none'
'rus_ruble_1_2',1885,'none'
'rus_ruble_1_3',1886,'none'
'rus_ruble_1_3',1887,'none'
'rus_ruble_1_3',1888,'none'
'rus_ruble_1_3',1889,'none'
'rus_ruble_1_3',1890,'none'
'rus_ruble_1_3',1891,'none'
'rus_ruble_1_3',1892,'none'
'rus_ruble_1_3',1893,'none'
'rus_ruble_1_3',1894,'none'
'rus_ruble_1_3',1895,'none'
'rus_ruble_1_3',1896,'none'
'rus_ruble_1_3',1897,'none'
'rus_ruble_1_3',1898,'none'
'rus_ruble_1_3',1899,'none'
'rus_ruble_1_3',1900,'none'
'rus_ruble_1_3',1901,'none'
'rus_ruble_1_3',1902,'none'
'rus_ruble_1_3',1903,'none'
'rus_ruble_1_3',1904,'none'
'rus_ruble_1_3',1905,'none'
'rus_ruble_1_3',1906,'none'
'rus_ruble_1_3',1907,'none'
'rus_ruble_1_3',1908,'none'
'rus_ruble_1_3',1909,'none'
'rus_ruble_1_3',1910,'none'
'rus_ruble_1_3',1911,'none'
'rus_ruble_1_3',1912,'none'
'rus_ruble_1_3',1913,'none'
'rus_ruble_1_3',1914,'none'
'rus_ruble_1_3',1915,'none'
'rus_ruble_1_3',1921,'none'
'rus_ruble_1_3',1922,'none'
'rus_ruble_1_3',1924,'none'
'rus_ruble_25_1',1876,'none'
'rus_ruble_25_2',1896,'none'
'rus_ruble_25_2',1908,'none'
'rus_ruble_3_1',1869,'none'
'rus_ruble_3_1',1870,'none'
'rus_ruble_3_1',1871,'none'
'rus_ruble_3_1',1872,'none'
'rus_ruble_3_1',1873,'none'
'rus_ruble_3_1',1874,'none'
'rus_ruble_3_1',1875,'none'
'rus_ruble_3_1',1876,'none'
'rus_ruble_3_1',1877,'none'
'rus_ruble_3_1',1878,'none'
'rus_ruble_3_1',1879,'none'
'rus_ruble_3_1',1880,'none'
'rus_ruble_3_1',1881,'none'
'rus_ruble_3_1',1882,'none'
'rus_ruble_3_1',1883,'none'
'rus_ruble_3_1',1884,'none'
'rus_ruble_3_1',1885,'none'
'rus_ruble_5_1',1855,'none'
'rus_ruble_5_1',1856,'none'
'rus_ruble_5_1',1857,'none'
'rus_ruble_5_1',1858,'none'
'rus_ruble_5_1',1859,'none'
'rus_ruble_5_1',1860,'none'
'rus_ruble_5_1',1861,'none'
'rus_ruble_5_1',1862,'none'
'rus_ruble_5_1',1863,'none'
'rus_ruble_5_1',1864,'none'
'rus_ruble_5_1',1865,'none'
'rus_ruble_5_1',1866,'none'
'rus_ruble_5_1',1867,'none'
'rus_ruble_5_1',1868,'none'
'rus_ruble_5_1',1869,'none'
'rus_ruble_5_1',1870,'none'
'rus_ruble_5_1',1871,'none'
'rus_ruble_5_1',1872,'none'
'rus_ruble_5_1',1873,'none'
'rus_ruble_5_1',1874,'none'
'rus_ruble_5_1',1875,'none'
'rus_ruble_5_1',1876,'none'
'rus_ruble_5_1',1877,'none'
'rus_ruble_5_1',1878,'none'
'rus_ruble_5_1',1879,'none'
'rus_ruble_5_1',1880,'none'
'rus_ruble_5_1',1881,'none'
'rus_ruble_5_1',1882,'none'
'rus_ruble_5_1',1883,'none'
'rus_ruble_5_1',1884,'none'
'rus_ruble_5_1',1885,'none'
'rus_ruble_5_2',1886,'none'
'rus_ruble_5_2',1887,'none'
'rus_ruble_5_2',1888,'none'
'rus_ruble_5_2',1889,'none'
'rus_ruble_5_2',1890,'none'
'rus_ruble_5_2',1891,'none'
'rus_ruble_5_2',1892,'none'
'rus_ruble_5_2',1893,'none'
'rus_ruble_5_2',1894,'none'
'rus_ruble_5_2',1895,'none'
'rus_ruble_5_2',1896,'none'
'rus_ruble_5_2',1897,'none'
'rus_ruble_5_3',1897,'none'
'rus_ruble_5_3',1898,'none'
'rus_ruble_5_3',1899,'none'
'rus_ruble_5_3',1900,'none'
'rus_ruble_5_3',1901,'none'
'rus_ruble_5_3',1902,'none'
'rus_ruble_5_3',1903,'none'
'rus_ruble_5_3',1904,'none'
'rus_ruble_5_3',1905,'none'
'rus_ruble_5_3',1906,'none'
'rus_ruble_5_3',1907,'none'
'rus_ruble_5_3',1908,'none'
'rus_ruble_5_3',1909,'none'
'rus_ruble_5_3',1910,'none'
'rus_ruble_5_3',1911,'none'
'rus_ruble_fractional_1_2_1',1855,'none'
'rus_ruble_fractional_1_2_1',1856,'none'
'rus_ruble_fractional_1_2_1',1857,'none'
'rus_ruble_fractional_1_2_1',1858,'none'
'rus_ruble_fractional_37_1_2_1',1902,'none'
'rus_ruble_fractional_7_1_2_1',1897,'none'
'sau_guinea_1_1',1951,'none'
'sau_guinea_1_1',1957,'none'
'sau_riyal_1_1',1928,'none'
'sau_riyal_1_1',1929,'none'
'sau_riyal_1_1',1930,'none'
'sau_riyal_1_2',1935,'none'
'sau_riyal_1_2',1936,'none'
'sau_riyal_1_2',1937,'none'
'sau_riyal_1_2',1938,'none'
'sau_riyal_1_2',1939,'none'
'sau_riyal_1_2',1940,'none'
'sau_riyal_1_2',1941,'none'
'sau_riyal_1_2',1942,'none'
'sau_riyal_1_2',1943,'none'
'sau_riyal_1_2',1944,'none'
'sau_riyal_1_2',1945,'none'
'sau_riyal_1_2',1946,'none'
'sau_riyal_1_2',1947,'none'
'sau_riyal_1_2',1948,'none'
'sau_riyal_1_2',1949,'none'
'sau_riyal_1_2',1950,'none'
'sau_riyal_fractional_1_2_1',1928,'none'
'sau_riyal_fractional_1_2_1',1929,'none'
'sau_riyal_fractional_1_2_1',1930,'none'
'sau_riyal_fractional_1_2_2',1935,'none'
'sau_riyal_fractional_1_2_3',1955,'none'
'sau_riyal_fractional_1_4_1',1928,'none'
'sau_riyal_fractional_1_4_1',1929,'none'
'sau_riyal_fractional_1_4_1',1930,'none'
'sau_riyal_fractional_1_4_2',1935,'none'
'sau_riyal_fractional_1_4_3',1955,'none'
'sau_sovereign_1_1',1945,'none'
'sau_sovereign_1_1',1946,'none'
'sau_sovereign_1_1',1947,'none'
'sau_sovereign_4_1',1945,'none'
'sau_sovereign_4_1',1946,'none'
'sau_sovereign_4_1',1947,'none'
'slv_centavo_10_1',1892,'none'
'slv_centavo_10_1',1893,'none'
'slv_centavo_10_1',1894,'none'
'slv_centavo_10_1',1895,'none'
'slv_centavo_10_1',1896,'none'
'slv_centavo_10_1',1897,'none'
'slv_centavo_10_1',1898,'none'
'slv_centavo_10_1',1899,'none'
'slv_centavo_10_1',1900,'none'
'slv_centavo_10_1',1901,'none'
'slv_centavo_10_1',1902,'none'
'slv_centavo_10_1',1903,'none'
'slv_centavo_10_1',1904,'none'
'slv_centavo_10_1',1905,'none'
'slv_centavo_10_1',1906,'none'
'slv_centavo_10_1',1907,'none'
'slv_centavo_10_1',1908,'none'
'slv_centavo_10_1',1909,'none'
'slv_centavo_10_1',1910,'none'
'slv_centavo_10_1',1911,'none'
'slv_centavo_10_1',1912,'none'
'slv_centavo_10_1',1913,'none'
'slv_centavo_10_1',1914,'none'
'slv_centavo_20_1',1892,'none'
'slv_centavo_20_1',1893,'none'
'slv_centavo_20_1',1894,'none'
'slv_centavo_20_1',1895,'none'
'slv_centavo_20_1',1896,'none'
'slv_centavo_20_1',1897,'none'
'slv_centavo_20_1',1898,'none'
'slv_centavo_20_1',1899,'none'
'slv_centavo_20_1',1900,'none'
'slv_centavo_20_1',1901,'none'
'slv_centavo_20_1',1902,'none'
'slv_centavo_20_1',1903,'none'
'slv_centavo_20_1',1904,'none'
'slv_centavo_20_1',1905,'none'
'slv_centavo_20_1',1906,'none'
'slv_centavo_20_1',1907,'none'
'slv_centavo_20_1',1908,'none'
'slv_centavo_20_1',1909,'none'
'slv_centavo_20_1',1910,'none'
'slv_centavo_20_1',1911,'none'
'slv_centavo_20_1',1912,'none'
'slv_centavo_20_1',1913,'none'
'slv_centavo_20_1',1914,'none'
'slv_centavo_25_1',1892,'none'
'slv_centavo_25_1',1893,'none'
'slv_centavo_25_1',1894,'none'
'slv_centavo_25_1',1895,'none'
'slv_centavo_25_1',1896,'none'
'slv_centavo_25_1',1897,'none'
'slv_centavo_25_1',1898,'none'
'slv_centavo_25_1',1899,'none'
'slv_centavo_25_1',1900,'none'
'slv_centavo_25_1',1901,'none'
'slv_centavo_25_1',1902,'none'
'slv_centavo_25_1',1903,'none'
'slv_centavo_25_1',1904,'none'
'slv_centavo_25_1',1905,'none'
'slv_centavo_25_1',1906,'none'
'slv_centavo_25_1',1907,'none'
'slv_centavo_25_1',1908,'none'
'slv_centavo_25_1',1909,'none'
'slv_centavo_25_1',1910,'none'
'slv_centavo_25_1',1911,'none'
'slv_centavo_25_1',1912,'none'
'slv_centavo_25_1',1913,'none'
'slv_centavo_25_1',1914,'none'
'slv_centavo_25_2',1943,'none'
'slv_centavo_25_2',1944,'none'
'slv_centavo_50_1',1892,'none'
'slv_centavo_50_1',1893,'none'
'slv_centavo_50_1',1894,'none'
'slv_centavo_50_1',1895,'none'
'slv_centavo_50_1',1896,'none'
'slv_centavo_50_1',1897,'none'
'slv_centavo_50_1',1898,'none'
'slv_centavo_50_1',1899,'none'
'slv_centavo_50_1',1900,'none'
'slv_centavo_50_1',1901,'none'
'slv_centavo_50_1',1902,'none'
'slv_centavo_50_1',1903,'none'
'slv_centavo_50_1',1904,'none'
'slv_centavo_50_1',1905,'none'
'slv_centavo_50_1',1906,'none'
'slv_centavo_50_1',1907,'none'
'slv_centavo_50_1',1908,'none'
'slv_centavo_50_1',1909,'none'
'slv_centavo_50_1',1910,'none'
'slv_centavo_50_1',1911,'none'
'slv_centavo_50_1',1912,'none'
'slv_centavo_50_1',1913,'none'
'slv_centavo_50_1',1914,'none'
'slv_centavo_5_1',1892,'none'
'slv_centavo_5_1',1893,'none'
'slv_centavo_5_1',1894,'none'
'slv_centavo_5_1',1895,'none'
'slv_centavo_5_1',1896,'none'
'slv_centavo_5_1',1897,'none'
'slv_centavo_5_1',1898,'none'
'slv_centavo_5_1',1899,'none'
'slv_centavo_5_1',1900,'none'
'slv_centavo_5_1',1901,'none'
'slv_centavo_5_1',1902,'none'
'slv_centavo_5_1',1903,'none'
'slv_centavo_5_1',1904,'none'
'slv_centavo_5_1',1905,'none'
'slv_centavo_5_1',1906,'none'
'slv_centavo_5_1',1907,'none'
'slv_centavo_5_1',1908,'none'
'slv_centavo_5_1',1909,'none'
'slv_centavo_5_1',1910,'none'
'slv_centavo_5_1',1911,'none'
'slv_centavo_5_1',1912,'none'
'slv_centavo_5_1',1913,'none'
'slv_centavo_5_1',1914,'none'
'slv_colon_20_1',1925,'none'
'slv_peso_10_1',1892,'none'
'slv_peso_1_1',1892,'none'
'slv_peso_1_1',1893,'none'
'slv_peso_1_1',1894,'none'
'slv_peso_1_1',1895,'none'
'slv_peso_1_1',1896,'none'
'slv_peso_1_1',1897,'none'
'slv_peso_1_1',1898,'none'
'slv_peso_1_1',1899,'none'
'slv_peso_1_1',1900,'none'
'slv_peso_1_1',1901,'none'
'slv_peso_1_1',1902,'none'
'slv_peso_1_1',1903,'none'
'slv_peso_1_1',1904,'none'
'slv_peso_1_1',1905,'none'
'slv_peso_1_1',1906,'none'
'slv_peso_1_1',1907,'none'
'slv_peso_1_1',1908,'none'
'slv_peso_1_1',1909,'none'
'slv_peso_1_1',1910,'none'
'slv_peso_1_1',1911,'none'
'slv_peso_1_1',1912,'none'
'slv_peso_1_1',1913,'none'
'slv_peso_1_1',1914,'none'
'slv_peso_20_1',1892,'none'
'slv_peso_5_1',1892,'none'
'slv_peso_fractional_2_1_2_1',1892,'none'
'srb_dinar_10_1',1882,'none'
'srb_dinar_1_1',1875,'none'
'srb_dinar_1_1',1879,'none'
'srb_dinar_1_1',1897,'none'
'srb_dinar_1_1',1904,'none'
'srb_dinar_1_1',1905,'none'
'srb_dinar_1_1',1906,'none'
'srb_dinar_1_1',1907,'none'
'srb_dinar_1_1',1908,'none'
'srb_dinar_1_1',1909,'none'
'srb_dinar_1_1',1910,'none'
'srb_dinar_1_1',1911,'none'
'srb_dinar_1_1',1912,'none'
'srb_dinar_1_1',1913,'none'
'srb_dinar_1_1',1914,'none'
'srb_dinar_1_1',1915,'none'
'srb_dinar_20_1',1879,'none'
'srb_dinar_20_1',1882,'none'
'srb_dinar_2_1',1875,'none'
'srb_dinar_2_1',1879,'none'
'srb_dinar_2_1',1897,'none'
'srb_dinar_2_1',1904,'none'
'srb_dinar_2_1',1905,'none'
'srb_dinar_2_1',1906,'none'
'srb_dinar_2_1',1907,'none'
'srb_dinar_2_1',1908,'none'
'srb_dinar_2_1',1909,'none'
'srb_dinar_2_1',1910,'none'
'srb_dinar_2_1',1911,'none'
'srb_dinar_2_1',1912,'none'
'srb_dinar_2_1',1913,'none'
'srb_dinar_2_1',1914,'none'
'srb_dinar_2_1',1915,'none'
'srb_dinar_5_1',1879,'none'
'srb_para_50_1',1875,'none'
'srb_para_50_1',1879,'none'
'srb_para_50_1',1904,'none'
'srb_para_50_1',1905,'none'
'srb_para_50_1',1906,'none'
'srb_para_50_1',1907,'none'
'srb_para_50_1',1908,'none'
'srb_para_50_1',1909,'none'
'srb_para_50_1',1910,'none'
'srb_para_50_1',1911,'none'
'srb_para_50_1',1912,'none'
'srb_para_50_1',1913,'none'
'srb_para_50_1',1914,'none'
'srb_para_50_1',1915,'none'
'sur_gulden_1_1',1962,'none'
'sur_gulden_1_1',1966,'none'
'swe_carolin_1_1',1860,'none'
'swe_carolin_1_1',1861,'none'
'swe_carolin_1_1',1862,'none'
'swe_carolin_1_1',1863,'none'
'swe_carolin_1_1',1864,'none'
'swe_carolin_1_1',1865,'none'
'swe_carolin_1_1',1866,'none'
'swe_carolin_1_1',1867,'none'
'swe_carolin_1_1',1868,'none'
'swe_carolin_1_1',1869,'none'
'swe_carolin_1_1',1870,'none'
'swe_carolin_1_1',1871,'none'
'swe_carolin_1_1',1872,'none'
'swe_dukat_1_1',1860,'none'
'swe_dukat_1_1',1861,'none'
'swe_dukat_1_1',1862,'none'
'swe_dukat_1_1',1863,'none'
'swe_dukat_1_1',1864,'none'
'swe_dukat_1_1',1865,'none'
'swe_dukat_1_1',1866,'none'
'swe_dukat_1_1',1867,'none'
'swe_dukat_1_1',1868,'none'
'swe_dukat_1_1',1869,'none'
'swe_dukat_1_1',1870,'none'
'swe_dukat_1_1',1871,'none'
'swe_dukat_1_1',1872,'none'
'swe_krona_10_1',1873,'none'
'swe_krona_10_1',1874,'none'
'swe_krona_10_1',1875,'none'
'swe_krona_10_1',1876,'none'
'swe_krona_10_1',1877,'none'
'swe_krona_10_1',1878,'none'
'swe_krona_10_1',1879,'none'
'swe_krona_10_1',1880,'none'
'swe_krona_10_1',1881,'none'
'swe_krona_10_1',1882,'none'
'swe_krona_10_1',1883,'none'
'swe_krona_10_1',1884,'none'
'swe_krona_10_1',1885,'none'
'swe_krona_10_1',1886,'none'
'swe_krona_10_1',1887,'none'
'swe_krona_10_1',1888,'none'
'swe_krona_10_1',1889,'none'
'swe_krona_10_1',1890,'none'
'swe_krona_10_1',1891,'none'
'swe_krona_10_1',1892,'none'
'swe_krona_10_1',1893,'none'
'swe_krona_10_1',1894,'none'
'swe_krona_10_1',1895,'none'
'swe_krona_10_1',1896,'none'
'swe_krona_10_1',1897,'none'
'swe_krona_10_1',1898,'none'
'swe_krona_10_1',1899,'none'
'swe_krona_10_1',1900,'none'
'swe_krona_10_1',1901,'none'
'swe_krona_10_1',1902,'none'
'swe_krona_10_1',1903,'none'
'swe_krona_10_1',1904,'none'
'swe_krona_10_1',1905,'none'
'swe_krona_10_1',1906,'none'
'swe_krona_10_1',1907,'none'
'swe_krona_10_1',1908,'none'
'swe_krona_10_1',1909,'none'
'swe_krona_10_1',1910,'none'
'swe_krona_10_1',1911,'none'
'swe_krona_10_1',1912,'none'
'swe_krona_10_1',1913,'none'
'swe_krona_10_1',1914,'none'
'swe_krona_10_1',1915,'none'
'swe_krona_10_1',1916,'none'
'swe_krona_10_1',1917,'none'
'swe_krona_10_1',1918,'none'
'swe_krona_10_1',1919,'none'
'swe_krona_10_1',1920,'none'
'swe_krona_10_1',1921,'none'
'swe_krona_10_1',1922,'none'
'swe_krona_10_1',1923,'none'
'swe_krona_10_1',1924,'none'
'swe_krona_10_1',1925,'none'
'swe_krona_1_1',1874,'none'
'swe_krona_1_1',1875,'none'
'swe_krona_1_1',1876,'none'
'swe_krona_1_1',1877,'none'
'swe_krona_1_1',1878,'none'
'swe_krona_1_1',1879,'none'
'swe_krona_1_1',1880,'none'
'swe_krona_1_1',1881,'none'
'swe_krona_1_1',1882,'none'
'swe_krona_1_1',1883,'none'
'swe_krona_1_1',1884,'none'
'swe_krona_1_1',1885,'none'
'swe_krona_1_1',1886,'none'
'swe_krona_1_1',1887,'none'
'swe_krona_1_1',1888,'none'
'swe_krona_1_1',1889,'none'
'swe_krona_1_1',1890,'none'
'swe_krona_1_1',1891,'none'
'swe_krona_1_1',1892,'none'
'swe_krona_1_1',1893,'none'
'swe_krona_1_1',1894,'none'
'swe_krona_1_1',1895,'none'
'swe_krona_1_1',1896,'none'
'swe_krona_1_1',1897,'none'
'swe_krona_1_1',1898,'none'
'swe_krona_1_1',1899,'none'
'swe_krona_1_1',1900,'none'
'swe_krona_1_1',1901,'none'
'swe_krona_1_1',1902,'none'
'swe_krona_1_1',1903,'none'
'swe_krona_1_1',1904,'none'
'swe_krona_1_1',1905,'none'
'swe_krona_1_1',1906,'none'
'swe_krona_1_1',1907,'none'
'swe_krona_1_1',1908,'none'
'swe_krona_1_1',1909,'none'
'swe_krona_1_1',1910,'none'
'swe_krona_1_1',1911,'none'
'swe_krona_1_1',1912,'none'
'swe_krona_1_1',1913,'none'
'swe_krona_1_1',1914,'none'
'swe_krona_1_1',1915,'none'
'swe_krona_1_1',1916,'none'
'swe_krona_1_1',1917,'none'
'swe_krona_1_1',1918,'none'
'swe_krona_1_1',1919,'none'
'swe_krona_1_1',1920,'none'
'swe_krona_1_1',1921,'none'
'swe_krona_1_1',1922,'none'
'swe_krona_1_1',1923,'none'
'swe_krona_1_1',1924,'none'
'swe_krona_1_1',1925,'none'
'swe_krona_1_1',1926,'none'
'swe_krona_1_1',1927,'none'
'swe_krona_1_1',1928,'none'
'swe_krona_1_1',1929,'none'
'swe_krona_1_1',1930,'none'
'swe_krona_1_1',1931,'none'
'swe_krona_1_1',1932,'none'
'swe_krona_1_1',1933,'none'
'swe_krona_1_1',1934,'none'
'swe_krona_1_1',1935,'none'
'swe_krona_1_1',1936,'none'
'swe_krona_1_1',1937,'none'
'swe_krona_1_1',1938,'none'
'swe_krona_1_1',1939,'none'
'swe_krona_1_1',1940,'none'
'swe_krona_1_1',1941,'none'
'swe_krona_1_1',1942,'none'
'swe_krona_1_2',1942,'none'
'swe_krona_1_2',1943,'none'
'swe_krona_1_2',1944,'none'
'swe_krona_1_2',1945,'none'
'swe_krona_1_2',1946,'none'
'swe_krona_1_2',1947,'none'
'swe_krona_1_2',1948,'none'
'swe_krona_1_2',1949,'none'
'swe_krona_1_2',1950,'none'
'swe_krona_1_2',1951,'none'
'swe_krona_1_2',1952,'none'
'swe_krona_1_2',1953,'none'
'swe_krona_1_2',1954,'none'
'swe_krona_1_2',1955,'none'
'swe_krona_1_2',1956,'none'
'swe_krona_1_2',1957,'none'
'swe_krona_1_2',1958,'none'
'swe_krona_1_2',1959,'none'
'swe_krona_1_2',1960,'none'
'swe_krona_1_2',1961,'none'
'swe_krona_1_2',1962,'none'
'swe_krona_1_2',1963,'none'
'swe_krona_1_2',1964,'none'
'swe_krona_1_2',1965,'none'
'swe_krona_1_2',1966,'none'
'swe_krona_1_2',1967,'none'
'swe_krona_1_2',1968,'none'
'swe_krona_20_1',1873,'none'
'swe_krona_20_1',1874,'none'
'swe_krona_20_1',1875,'none'
'swe_krona_20_1',1876,'none'
'swe_krona_20_1',1877,'none'
'swe_krona_20_1',1878,'none'
'swe_krona_20_1',1879,'none'
'swe_krona_20_1',1880,'none'
'swe_krona_20_1',1881,'none'
'swe_krona_20_1',1882,'none'
'swe_krona_20_1',1883,'none'
'swe_krona_20_1',1884,'none'
'swe_krona_20_1',1885,'none'
'swe_krona_20_1',1886,'none'
'swe_krona_20_1',1887,'none'
'swe_krona_20_1',1888,'none'
'swe_krona_20_1',1889,'none'
'swe_krona_20_1',1890,'none'
'swe_krona_20_1',1891,'none'
'swe_krona_20_1',1892,'none'
'swe_krona_20_1',1893,'none'
'swe_krona_20_1',1894,'none'
'swe_krona_20_1',1895,'none'
'swe_krona_20_1',1896,'none'
'swe_krona_20_1',1897,'none'
'swe_krona_20_1',1898,'none'
'swe_krona_20_1',1899,'none'
'swe_krona_20_1',1900,'none'
'swe_krona_20_1',1901,'none'
'swe_krona_20_1',1902,'none'
'swe_krona_20_1',1903,'none'
'swe_krona_20_1',1904,'none'
'swe_krona_20_1',1905,'none'
'swe_krona_20_1',1906,'none'
'swe_krona_20_1',1907,'none'
'swe_krona_20_1',1908,'none'
'swe_krona_20_1',1909,'none'
'swe_krona_20_1',1910,'none'
'swe_krona_20_1',1911,'none'
'swe_krona_20_1',1912,'none'
'swe_krona_20_1',1913,'none'
'swe_krona_20_1',1914,'none'
'swe_krona_20_1',1915,'none'
'swe_krona_20_1',1916,'none'
'swe_krona_20_1',1917,'none'
'swe_krona_20_1',1918,'none'
'swe_krona_20_1',1919,'none'
'swe_krona_20_1',1920,'none'
'swe_krona_20_1',1921,'none'
'swe_krona_20_1',1922,'none'
'swe_krona_20_1',1923,'none'
'swe_krona_20_1',1924,'none'
'swe_krona_20_1',1925,'none'
'swe_krona_2_1',1874,'none'
'swe_krona_2_1',1875,'none'
'swe_krona_2_1',1876,'none'
'swe_krona_2_1',1877,'none'
'swe_krona_2_1',1878,'none'
'swe_krona_2_1',1879,'none'
'swe_krona_2_1',1880,'none'
'swe_krona_2_1',1881,'none'
'swe_krona_2_1',1882,'none'
'swe_krona_2_1',1883,'none'
'swe_krona_2_1',1884,'none'
'swe_krona_2_1',1885,'none'
'swe_krona_2_1',1886,'none'
'swe_krona_2_1',1887,'none'
'swe_krona_2_1',1888,'none'
'swe_krona_2_1',1889,'none'
'swe_krona_2_1',1890,'none'
'swe_krona_2_1',1891,'none'
'swe_krona_2_1',1892,'none'
'swe_krona_2_1',1893,'none'
'swe_krona_2_1',1894,'none'
'swe_krona_2_1',1895,'none'
'swe_krona_2_1',1896,'none'
'swe_krona_2_1',1897,'none'
'swe_krona_2_1',1898,'none'
'swe_krona_2_1',1899,'none'
'swe_krona_2_1',1900,'none'
'swe_krona_2_1',1901,'none'
'swe_krona_2_1',1902,'none'
'swe_krona_2_1',1903,'none'
'swe_krona_2_1',1904,'none'
'swe_krona_2_1',1905,'none'
'swe_krona_2_1',1906,'none'
'swe_krona_2_1',1907,'none'
'swe_krona_2_1',1908,'none'
'swe_krona_2_1',1909,'none'
'swe_krona_2_1',1910,'none'
'swe_krona_2_1',1911,'none'
'swe_krona_2_1',1912,'none'
'swe_krona_2_1',1913,'none'
'swe_krona_2_1',1914,'none'
'swe_krona_2_1',1915,'none'
'swe_krona_2_1',1916,'none'
'swe_krona_2_1',1917,'none'
'swe_krona_2_1',1918,'none'
'swe_krona_2_1',1919,'none'
'swe_krona_2_1',1920,'none'
'swe_krona_2_1',1921,'none'
'swe_krona_2_1',1922,'none'
'swe_krona_2_1',1923,'none'
'swe_krona_2_1',1924,'none'
'swe_krona_2_1',1925,'none'
'swe_krona_2_1',1926,'none'
'swe_krona_2_1',1927,'none'
'swe_krona_2_1',1928,'none'
'swe_krona_2_1',1929,'none'
'swe_krona_2_1',1930,'none'
'swe_krona_2_1',1931,'none'
'swe_krona_2_1',1932,'none'
'swe_krona_2_1',1933,'none'
'swe_krona_2_1',1934,'none'
'swe_krona_2_1',1935,'none'
'swe_krona_2_1',1936,'none'
'swe_krona_2_1',1937,'none'
'swe_krona_2_1',1938,'none'
'swe_krona_2_1',1939,'none'
'swe_krona_2_1',1940,'none'
'swe_krona_2_1',1941,'none'
'swe_krona_2_1',1942,'none'
'swe_krona_2_2',1942,'none'
'swe_krona_2_2',1943,'none'
'swe_krona_2_2',1944,'none'
'swe_krona_2_2',1945,'none'
'swe_krona_2_2',1946,'none'
'swe_krona_2_2',1947,'none'
'swe_krona_2_2',1948,'none'
'swe_krona_2_2',1949,'none'
'swe_krona_2_2',1950,'none'
'swe_krona_2_2',1951,'none'
'swe_krona_2_2',1952,'none'
'swe_krona_2_2',1953,'none'
'swe_krona_2_2',1954,'none'
'swe_krona_2_2',1955,'none'
'swe_krona_2_2',1956,'none'
'swe_krona_2_2',1957,'none'
'swe_krona_2_2',1958,'none'
'swe_krona_2_2',1959,'none'
'swe_krona_2_2',1960,'none'
'swe_krona_2_2',1961,'none'
'swe_krona_2_2',1962,'none'
'swe_krona_2_2',1963,'none'
'swe_krona_2_2',1964,'none'
'swe_krona_2_2',1965,'none'
'swe_krona_2_2',1966,'none'
'swe_krona_2_2',1967,'none'
'swe_krona_2_2',1968,'none'
'swe_krona_5_1',1935,'none'
'swe_krona_5_2',1952,'none'
'swe_krona_5_3',1954,'none'
'swe_krona_5_3',1955,'none'
'swe_krona_5_3',1956,'none'
'swe_krona_5_3',1957,'none'
'swe_krona_5_3',1958,'none'
'swe_krona_5_3',1959,'none'
'swe_krona_5_3',1960,'none'
'swe_krona_5_3',1961,'none'
'swe_krona_5_3',1962,'none'
'swe_krona_5_3',1963,'none'
'swe_krona_5_3',1964,'none'
'swe_krona_5_3',1965,'none'
'swe_krona_5_3',1966,'none'
'swe_krona_5_3',1967,'none'
'swe_krona_5_3',1968,'none'
'swe_krona_5_3',1969,'none'
'swe_krona_5_3',1970,'none'
'swe_krona_5_3',1971,'none'
'swe_krona_5_4',1873,'none'
'swe_krona_5_4',1874,'none'
'swe_krona_5_4',1875,'none'
'swe_krona_5_4',1876,'none'
'swe_krona_5_4',1877,'none'
'swe_krona_5_4',1878,'none'
'swe_krona_5_4',1879,'none'
'swe_krona_5_4',1880,'none'
'swe_krona_5_4',1881,'none'
'swe_krona_5_4',1882,'none'
'swe_krona_5_4',1883,'none'
'swe_krona_5_4',1884,'none'
'swe_krona_5_4',1885,'none'
'swe_krona_5_4',1886,'none'
'swe_krona_5_4',1887,'none'
'swe_krona_5_4',1888,'none'
'swe_krona_5_4',1889,'none'
'swe_krona_5_4',1890,'none'
'swe_krona_5_4',1891,'none'
'swe_krona_5_4',1892,'none'
'swe_krona_5_4',1893,'none'
'swe_krona_5_4',1894,'none'
'swe_krona_5_4',1895,'none'
'swe_krona_5_4',1896,'none'
'swe_krona_5_4',1897,'none'
'swe_krona_5_4',1898,'none'
'swe_krona_5_4',1899,'none'
'swe_krona_5_4',1900,'none'
'swe_krona_5_4',1901,'none'
'swe_krona_5_4',1902,'none'
'swe_krona_5_4',1903,'none'
'swe_krona_5_4',1904,'none'
'swe_krona_5_4',1905,'none'
'swe_krona_5_4',1906,'none'
'swe_krona_5_4',1907,'none'
'swe_krona_5_4',1908,'none'
'swe_krona_5_4',1909,'none'
'swe_krona_5_4',1910,'none'
'swe_krona_5_4',1911,'none'
'swe_krona_5_4',1912,'none'
'swe_krona_5_4',1913,'none'
'swe_krona_5_4',1914,'none'
'swe_krona_5_4',1915,'none'
'swe_krona_5_4',1916,'none'
'swe_krona_5_4',1917,'none'
'swe_krona_5_4',1918,'none'
'swe_krona_5_4',1919,'none'
'swe_krona_5_4',1920,'none'
'swe_krona_5_4',1921,'none'
'swe_krona_5_4',1922,'none'
'swe_krona_5_4',1923,'none'
'swe_krona_5_4',1924,'none'
'swe_krona_5_4',1925,'none'
'swe_ore_10_1',1860,'none'
'swe_ore_10_1',1861,'none'
'swe_ore_10_1',1862,'none'
'swe_ore_10_1',1863,'none'
'swe_ore_10_1',1864,'none'
'swe_ore_10_1',1865,'none'
'swe_ore_10_1',1866,'none'
'swe_ore_10_1',1867,'none'
'swe_ore_10_1',1868,'none'
'swe_ore_10_1',1869,'none'
'swe_ore_10_1',1870,'none'
'swe_ore_10_1',1871,'none'
'swe_ore_10_1',1872,'none'
'swe_ore_10_2',1874,'none'
'swe_ore_10_2',1875,'none'
'swe_ore_10_2',1876,'none'
'swe_ore_10_2',1877,'none'
'swe_ore_10_2',1878,'none'
'swe_ore_10_2',1879,'none'
'swe_ore_10_2',1880,'none'
'swe_ore_10_2',1881,'none'
'swe_ore_10_2',1882,'none'
'swe_ore_10_2',1883,'none'
'swe_ore_10_2',1884,'none'
'swe_ore_10_2',1885,'none'
'swe_ore_10_2',1886,'none'
'swe_ore_10_2',1887,'none'
'swe_ore_10_2',1888,'none'
'swe_ore_10_2',1889,'none'
'swe_ore_10_2',1890,'none'
'swe_ore_10_2',1891,'none'
'swe_ore_10_2',1892,'none'
'swe_ore_10_2',1893,'none'
'swe_ore_10_2',1894,'none'
'swe_ore_10_2',1895,'none'
'swe_ore_10_2',1896,'none'
'swe_ore_10_2',1897,'none'
'swe_ore_10_2',1898,'none'
'swe_ore_10_2',1899,'none'
'swe_ore_10_2',1900,'none'
'swe_ore_10_2',1901,'none'
'swe_ore_10_2',1902,'none'
'swe_ore_10_2',1903,'none'
'swe_ore_10_2',1904,'none'
'swe_ore_10_2',1905,'none'
'swe_ore_10_2',1906,'none'
'swe_ore_10_2',1907,'none'
'swe_ore_10_2',1908,'none'
'swe_ore_10_2',1909,'none'
'swe_ore_10_2',1910,'none'
'swe_ore_10_2',1911,'none'
'swe_ore_10_2',1912,'none'
'swe_ore_10_2',1913,'none'
'swe_ore_10_2',1914,'none'
'swe_ore_10_2',1915,'none'
'swe_ore_10_2',1916,'none'
'swe_ore_10_2',1917,'none'
'swe_ore_10_2',1918,'none'
'swe_ore_10_2',1919,'none'
'swe_ore_10_2',1920,'none'
'swe_ore_10_2',1921,'none'
'swe_ore_10_2',1922,'none'
'swe_ore_10_2',1923,'none'
'swe_ore_10_2',1924,'none'
'swe_ore_10_2',1925,'none'
'swe_ore_10_2',1926,'none'
'swe_ore_10_2',1927,'none'
'swe_ore_10_2',1928,'none'
'swe_ore_10_2',1929,'none'
'swe_ore_10_2',1930,'none'
'swe_ore_10_2',1931,'none'
'swe_ore_10_2',1932,'none'
'swe_ore_10_2',1933,'none'
'swe_ore_10_2',1934,'none'
'swe_ore_10_2',1935,'none'
'swe_ore_10_2',1936,'none'
'swe_ore_10_2',1937,'none'
'swe_ore_10_2',1938,'none'
'swe_ore_10_2',1939,'none'
'swe_ore_10_2',1940,'none'
'swe_ore_10_2',1941,'none'
'swe_ore_10_2',1942,'none'
'swe_ore_10_3',1942,'none'
'swe_ore_10_3',1943,'none'
'swe_ore_10_3',1944,'none'
'swe_ore_10_3',1945,'none'
'swe_ore_10_3',1946,'none'
'swe_ore_10_3',1947,'none'
'swe_ore_10_3',1948,'none'
'swe_ore_10_3',1949,'none'
'swe_ore_10_3',1950,'none'
'swe_ore_10_3',1951,'none'
'swe_ore_10_3',1952,'none'
'swe_ore_10_3',1953,'none'
'swe_ore_10_3',1954,'none'
'swe_ore_10_3',1955,'none'
'swe_ore_10_3',1956,'none'
'swe_ore_10_3',1957,'none'
'swe_ore_10_3',1958,'none'
'swe_ore_10_3',1959,'none'
'swe_ore_10_3',1960,'none'
'swe_ore_10_3',1961,'none'
'swe_ore_10_3',1962,'none'
'swe_ore_10_3',1963,'none'
'swe_ore_10_3',1964,'none'
'swe_ore_10_3',1965,'none'
'swe_ore_10_3',1966,'none'
'swe_ore_10_3',1967,'none'
'swe_ore_10_3',1968,'none'
'swe_ore_25_1',1860,'none'
'swe_ore_25_1',1861,'none'
'swe_ore_25_1',1862,'none'
'swe_ore_25_1',1863,'none'
'swe_ore_25_1',1864,'none'
'swe_ore_25_1',1865,'none'
'swe_ore_25_1',1866,'none'
'swe_ore_25_1',1867,'none'
'swe_ore_25_1',1868,'none'
'swe_ore_25_1',1869,'none'
'swe_ore_25_1',1870,'none'
'swe_ore_25_1',1871,'none'
'swe_ore_25_1',1872,'none'
'swe_ore_25_2',1874,'none'
'swe_ore_25_2',1875,'none'
'swe_ore_25_2',1876,'none'
'swe_ore_25_2',1877,'none'
'swe_ore_25_2',1878,'none'
'swe_ore_25_2',1879,'none'
'swe_ore_25_2',1880,'none'
'swe_ore_25_2',1881,'none'
'swe_ore_25_2',1882,'none'
'swe_ore_25_2',1883,'none'
'swe_ore_25_2',1884,'none'
'swe_ore_25_2',1885,'none'
'swe_ore_25_2',1886,'none'
'swe_ore_25_2',1887,'none'
'swe_ore_25_2',1888,'none'
'swe_ore_25_2',1889,'none'
'swe_ore_25_2',1890,'none'
'swe_ore_25_2',1891,'none'
'swe_ore_25_2',1892,'none'
'swe_ore_25_2',1893,'none'
'swe_ore_25_2',1894,'none'
'swe_ore_25_2',1895,'none'
'swe_ore_25_2',1896,'none'
'swe_ore_25_2',1897,'none'
'swe_ore_25_2',1898,'none'
'swe_ore_25_2',1899,'none'
'swe_ore_25_2',1900,'none'
'swe_ore_25_2',1901,'none'
'swe_ore_25_2',1902,'none'
'swe_ore_25_2',1903,'none'
'swe_ore_25_2',1904,'none'
'swe_ore_25_2',1905,'none'
'swe_ore_25_2',1906,'none'
'swe_ore_25_2',1907,'none'
'swe_ore_25_2',1908,'none'
'swe_ore_25_2',1909,'none'
'swe_ore_25_2',1910,'none'
'swe_ore_25_2',1911,'none'
'swe_ore_25_2',1912,'none'
'swe_ore_25_2',1913,'none'
'swe_ore_25_2',1914,'none'
'swe_ore_25_2',1915,'none'
'swe_ore_25_2',1916,'none'
'swe_ore_25_2',1917,'none'
'swe_ore_25_2',1918,'none'
'swe_ore_25_2',1919,'none'
'swe_ore_25_2',1920,'none'
'swe_ore_25_2',1921,'none'
'swe_ore_25_2',1922,'none'
'swe_ore_25_2',1923,'none'
'swe_ore_25_2',1924,'none'
'swe_ore_25_2',1925,'none'
'swe_ore_25_2',1926,'none'
'swe_ore_25_2',1927,'none'
'swe_ore_25_2',1928,'none'
'swe_ore_25_2',1929,'none'
'swe_ore_25_2',1930,'none'
'swe_ore_25_2',1931,'none'
'swe_ore_25_2',1932,'none'
'swe_ore_25_2',1933,'none'
'swe_ore_25_2',1934,'none'
'swe_ore_25_2',1935,'none'
'swe_ore_25_2',1936,'none'
'swe_ore_25_2',1937,'none'
'swe_ore_25_2',1938,'none'
'swe_ore_25_2',1939,'none'
'swe_ore_25_2',1940,'none'
'swe_ore_25_2',1941,'none'
'swe_ore_25_2',1942,'none'
'swe_ore_25_3',1942,'none'
'swe_ore_25_3',1943,'none'
'swe_ore_25_3',1944,'none'
'swe_ore_25_3',1945,'none'
'swe_ore_25_3',1946,'none'
'swe_ore_25_3',1947,'none'
'swe_ore_25_3',1948,'none'
'swe_ore_25_3',1949,'none'
'swe_ore_25_3',1950,'none'
'swe_ore_25_3',1951,'none'
'swe_ore_25_3',1952,'none'
'swe_ore_25_3',1953,'none'
'swe_ore_25_3',1954,'none'
'swe_ore_25_3',1955,'none'
'swe_ore_25_3',1956,'none'
'swe_ore_25_3',1957,'none'
'swe_ore_25_3',1958,'none'
'swe_ore_25_3',1959,'none'
'swe_ore_25_3',1960,'none'
'swe_ore_25_3',1961,'none'
'swe_ore_25_3',1962,'none'
'swe_ore_25_3',1963,'none'
'swe_ore_25_3',1964,'none'
'swe_ore_25_3',1965,'none'
'swe_ore_25_3',1966,'none'
'swe_ore_25_3',1967,'none'
'swe_ore_25_3',1968,'none'
'swe_ore_50_1',1860,'none'
'swe_ore_50_1',1861,'none'
'swe_ore_50_1',1862,'none'
'swe_ore_50_1',1863,'none'
'swe_ore_50_1',1864,'none'
'swe_ore_50_1',1865,'none'
'swe_ore_50_1',1866,'none'
'swe_ore_50_1',1867,'none'
'swe_ore_50_1',1868,'none'
'swe_ore_50_1',1869,'none'
'swe_ore_50_1',1870,'none'
'swe_ore_50_1',1871,'none'
'swe_ore_50_1',1872,'none'
'swe_ore_50_2',1874,'none'
'swe_ore_50_2',1875,'none'
'swe_ore_50_2',1876,'none'
'swe_ore_50_2',1877,'none'
'swe_ore_50_2',1878,'none'
'swe_ore_50_2',1879,'none'
'swe_ore_50_2',1880,'none'
'swe_ore_50_2',1881,'none'
'swe_ore_50_2',1882,'none'
'swe_ore_50_2',1883,'none'
'swe_ore_50_2',1884,'none'
'swe_ore_50_2',1885,'none'
'swe_ore_50_2',1886,'none'
'swe_ore_50_2',1887,'none'
'swe_ore_50_2',1888,'none'
'swe_ore_50_2',1889,'none'
'swe_ore_50_2',1890,'none'
'swe_ore_50_2',1891,'none'
'swe_ore_50_2',1892,'none'
'swe_ore_50_2',1893,'none'
'swe_ore_50_2',1894,'none'
'swe_ore_50_2',1895,'none'
'swe_ore_50_2',1896,'none'
'swe_ore_50_2',1897,'none'
'swe_ore_50_2',1898,'none'
'swe_ore_50_2',1899,'none'
'swe_ore_50_2',1900,'none'
'swe_ore_50_2',1901,'none'
'swe_ore_50_2',1902,'none'
'swe_ore_50_2',1903,'none'
'swe_ore_50_2',1904,'none'
'swe_ore_50_2',1905,'none'
'swe_ore_50_2',1906,'none'
'swe_ore_50_2',1907,'none'
'swe_ore_50_2',1908,'none'
'swe_ore_50_2',1909,'none'
'swe_ore_50_2',1910,'none'
'swe_ore_50_2',1911,'none'
'swe_ore_50_2',1912,'none'
'swe_ore_50_2',1913,'none'
'swe_ore_50_2',1914,'none'
'swe_ore_50_2',1915,'none'
'swe_ore_50_2',1916,'none'
'swe_ore_50_2',1917,'none'
'swe_ore_50_2',1918,'none'
'swe_ore_50_2',1919,'none'
'swe_ore_50_2',1920,'none'
'swe_ore_50_2',1921,'none'
'swe_ore_50_2',1922,'none'
'swe_ore_50_2',1923,'none'
'swe_ore_50_2',1924,'none'
'swe_ore_50_2',1925,'none'
'swe_ore_50_2',1926,'none'
'swe_ore_50_2',1927,'none'
'swe_ore_50_2',1928,'none'
'swe_ore_50_2',1929,'none'
'swe_ore_50_2',1930,'none'
'swe_ore_50_2',1931,'none'
'swe_ore_50_2',1932,'none'
'swe_ore_50_2',1933,'none'
'swe_ore_50_2',1934,'none'
'swe_ore_50_2',1935,'none'
'swe_ore_50_2',1936,'none'
'swe_ore_50_2',1937,'none'
'swe_ore_50_2',1938,'none'
'swe_ore_50_2',1939,'none'
'swe_ore_50_2',1940,'none'
'swe_ore_50_2',1941,'none'
'swe_ore_50_2',1942,'none'
'swe_ore_50_3',1942,'none'
'swe_ore_50_3',1943,'none'
'swe_ore_50_3',1944,'none'
'swe_ore_50_3',1945,'none'
'swe_ore_50_3',1946,'none'
'swe_ore_50_3',1947,'none'
'swe_ore_50_3',1948,'none'
'swe_ore_50_3',1949,'none'
'swe_ore_50_3',1950,'none'
'swe_ore_50_3',1951,'none'
'swe_ore_50_3',1952,'none'
'swe_ore_50_3',1953,'none'
'swe_ore_50_3',1954,'none'
'swe_ore_50_3',1955,'none'
'swe_ore_50_3',1956,'none'
'swe_ore_50_3',1957,'none'
'swe_ore_50_3',1958,'none'
'swe_ore_50_3',1959,'none'
'swe_ore_50_3',1960,'none'
'swe_ore_50_3',1961,'none'
'swe_ore_50_3',1962,'none'
'swe_ore_50_3',1963,'none'
'swe_ore_50_3',1964,'none'
'swe_ore_50_3',1965,'none'
'swe_ore_50_3',1966,'none'
'swe_ore_50_3',1967,'none'
'swe_ore_50_3',1968,'none'
'swe_riksdaler riksmynt_1_1',1860,'none'
'swe_riksdaler riksmynt_1_1',1861,'none'
'swe_riksdaler riksmynt_1_1',1862,'none'
'swe_riksdaler riksmynt_1_1',1863,'none'
'swe_riksdaler riksmynt_1_1',1864,'none'
'swe_riksdaler riksmynt_1_1',1865,'none'
'swe_riksdaler riksmynt_1_1',1866,'none'
'swe_riksdaler riksmynt_1_1',1867,'none'
'swe_riksdaler riksmynt_1_1',1868,'none'
'swe_riksdaler riksmynt_1_1',1869,'none'
'swe_riksdaler riksmynt_1_1',1870,'none'
'swe_riksdaler riksmynt_1_1',1871,'none'
'swe_riksdaler riksmynt_1_1',1872,'none'
'swe_riksdaler riksmynt_2_1',1860,'none'
'swe_riksdaler riksmynt_2_1',1861,'none'
'swe_riksdaler riksmynt_2_1',1862,'none'
'swe_riksdaler riksmynt_2_1',1863,'none'
'swe_riksdaler riksmynt_2_1',1864,'none'
'swe_riksdaler riksmynt_2_1',1865,'none'
'swe_riksdaler riksmynt_2_1',1866,'none'
'swe_riksdaler riksmynt_2_1',1867,'none'
'swe_riksdaler riksmynt_2_1',1868,'none'
'swe_riksdaler riksmynt_2_1',1869,'none'
'swe_riksdaler riksmynt_2_1',1870,'none'
'swe_riksdaler riksmynt_2_1',1871,'none'
'swe_riksdaler riksmynt_2_1',1872,'none'
'swe_riksdaler riksmynt_4_1',1860,'none'
'swe_riksdaler riksmynt_4_1',1861,'none'
'swe_riksdaler riksmynt_4_1',1862,'none'
'swe_riksdaler riksmynt_4_1',1863,'none'
'swe_riksdaler riksmynt_4_1',1864,'none'
'swe_riksdaler riksmynt_4_1',1865,'none'
'swe_riksdaler riksmynt_4_1',1866,'none'
'swe_riksdaler riksmynt_4_1',1867,'none'
'swe_riksdaler riksmynt_4_1',1868,'none'
'swe_riksdaler riksmynt_4_1',1869,'none'
'swe_riksdaler riksmynt_4_1',1870,'none'
'swe_riksdaler riksmynt_4_1',1871,'none'
'swe_riksdaler riksmynt_4_1',1872,'none'
'syr_lira_1_1',1947,'none'
'syr_lira_1_1',1948,'none'
'syr_lira_1_1',1949,'none'
'syr_lira_1_1',1950,'none'
'syr_piastre_10_1',1929,'none'
'syr_piastre_10_1',1930,'none'
'syr_piastre_10_1',1931,'none'
'syr_piastre_10_1',1932,'none'
'syr_piastre_10_1',1933,'none'
'syr_piastre_10_1',1934,'none'
'syr_piastre_10_1',1935,'none'
'syr_piastre_10_1',1936,'none'
'syr_piastre_10_1',1937,'none'
'syr_piastre_25_1',1929,'none'
'syr_piastre_25_1',1930,'none'
'syr_piastre_25_1',1931,'none'
'syr_piastre_25_1',1932,'none'
'syr_piastre_25_1',1933,'none'
'syr_piastre_25_1',1934,'none'
'syr_piastre_25_1',1935,'none'
'syr_piastre_25_1',1936,'none'
'syr_piastre_25_1',1937,'none'
'syr_piastre_25_2',1947,'none'
'syr_piastre_25_2',1948,'none'
'syr_piastre_25_2',1949,'none'
'syr_piastre_25_2',1950,'none'
'syr_piastre_50_1',1929,'none'
'syr_piastre_50_1',1930,'none'
'syr_piastre_50_1',1931,'none'
'syr_piastre_50_1',1932,'none'
'syr_piastre_50_1',1933,'none'
'syr_piastre_50_1',1934,'none'
'syr_piastre_50_1',1935,'none'
'syr_piastre_50_1',1936,'none'
'syr_piastre_50_1',1937,'none'
'syr_piastre_50_2',1947,'none'
'syr_piastre_50_2',1948,'none'
'syr_piastre_50_2',1949,'none'
'syr_piastre_50_2',1950,'none'
'syr_pound_1_1',1950,'none'
'syr_pound_fractional_1_2_1',1950,'none'
'tha_baht_1_1',1908,'none'
'tha_baht_1_1',1909,'none'
'tha_baht_1_1',1910,'none'
'tha_baht_1_1',1911,'none'
'tha_baht_1_1',1912,'none'
'tha_baht_1_1',1913,'none'
'tha_baht_1_1',1914,'none'
'tha_baht_1_1',1915,'none'
'tha_baht_1_1',1916,'none'
'tha_baht_1_1',1917,'none'
'tha_baht_1_1',1918,'none'
'tha_baht_1_1',1919,'none'
'tha_baht_1_1',1920,'none'
'tha_baht_1_1',1921,'none'
'tha_baht_1_1',1922,'none'
'tha_baht_1_1',1923,'none'
'tha_baht_1_1',1924,'none'
'tha_baht_1_1',1925,'none'
'tha_baht_20_1',1963,'none'
'tha_salung_1_1',1908,'none'
'tha_salung_1_1',1909,'none'
'tha_salung_1_1',1910,'none'
'tha_salung_1_1',1911,'none'
'tha_salung_1_1',1912,'none'
'tha_salung_1_1',1913,'none'
'tha_salung_1_1',1914,'none'
'tha_salung_1_1',1915,'none'
'tha_salung_1_1',1916,'none'
'tha_salung_1_1',1917,'none'
'tha_salung_1_1',1918,'none'
'tha_salung_1_1',1919,'none'
'tha_salung_1_1',1920,'none'
'tha_salung_1_1',1921,'none'
'tha_salung_1_1',1922,'none'
'tha_salung_1_1',1923,'none'
'tha_salung_1_1',1924,'none'
'tha_salung_1_1',1925,'none'
'tha_salung_2_1',1908,'none'
'tha_salung_2_1',1909,'none'
'tha_salung_2_1',1910,'none'
'tha_salung_2_1',1911,'none'
'tha_salung_2_1',1912,'none'
'tha_salung_2_1',1913,'none'
'tha_salung_2_1',1914,'none'
'tha_salung_2_1',1915,'none'
'tha_salung_2_1',1916,'none'
'tha_salung_2_1',1917,'none'
'tha_salung_2_1',1918,'none'
'tha_salung_2_1',1919,'none'
'tha_salung_2_1',1920,'none'
'tha_salung_2_1',1921,'none'
'tha_salung_2_1',1922,'none'
'tha_salung_2_1',1923,'none'
'tha_salung_2_1',1924,'none'
'tha_salung_2_1',1925,'none'
'tha_satang_10_1',1941,'none'
'tha_satang_20_1',1941,'none'
'tha_satang_25_1',1929,'none'
'tha_satang_50_1',1929,'none'
'tha_satang_5_1',1941,'none'
'tur_kurusmdl_100_1',1876,'none'
'tur_kurusmdl_100_1',1877,'none'
'tur_kurusmdl_100_1',1878,'none'
'tur_kurusmdl_100_1',1879,'none'
'tur_kurusmdl_100_1',1880,'none'
'tur_kurusmdl_100_1',1881,'none'
'tur_kurusmdl_100_1',1882,'none'
'tur_kurusmdl_100_1',1883,'none'
'tur_kurusmdl_100_1',1884,'none'
'tur_kurusmdl_100_1',1885,'none'
'tur_kurusmdl_100_1',1886,'none'
'tur_kurusmdl_100_1',1887,'none'
'tur_kurusmdl_100_1',1888,'none'
'tur_kurusmdl_100_1',1889,'none'
'tur_kurusmdl_100_1',1890,'none'
'tur_kurusmdl_100_1',1891,'none'
'tur_kurusmdl_100_1',1892,'none'
'tur_kurusmdl_100_1',1893,'none'
'tur_kurusmdl_100_1',1894,'none'
'tur_kurusmdl_100_1',1895,'none'
'tur_kurusmdl_100_1',1896,'none'
'tur_kurusmdl_100_1',1897,'none'
'tur_kurusmdl_100_1',1898,'none'
'tur_kurusmdl_100_1',1899,'none'
'tur_kurusmdl_100_1',1900,'none'
'tur_kurusmdl_100_1',1901,'none'
'tur_kurusmdl_100_1',1902,'none'
'tur_kurusmdl_100_1',1903,'none'
'tur_kurusmdl_100_1',1904,'none'
'tur_kurusmdl_100_1',1905,'none'
'tur_kurusmdl_100_1',1906,'none'
'tur_kurusmdl_100_1',1907,'none'
'tur_kurusmdl_100_1',1908,'none'
'tur_kurusmdl_100_1',1909,'none'
'tur_kurusmdl_100_1',1910,'none'
'tur_kurusmdl_100_1',1911,'none'
'tur_kurusmdl_100_1',1912,'none'
'tur_kurusmdl_100_1',1913,'none'
'tur_kurusmdl_100_1',1914,'none'
'tur_kurusmdl_100_1',1915,'none'
'tur_kurusmdl_100_1',1916,'none'
'tur_kurusmdl_100_1',1917,'none'
'tur_kurusmdl_100_1',1918,'none'
'tur_kurusmdl_100_1',1919,'none'
'tur_kurusmdl_100_1',1920,'none'
'tur_kurusmdl_100_1',1921,'none'
'tur_kurusmdl_100_1',1922,'none'
'tur_kurusmdl_100_1',1923,'none'
'tur_kurusmdl_100_1',1924,'none'
'tur_kurusmdl_100_1',1925,'none'
'tur_kurusmdl_100_1',1926,'none'
'tur_kurusmdl_100_1',1927,'none'
'tur_kurusmdl_100_1',1928,'none'
'tur_kurusmdl_100_1',1929,'none'
'tur_kurusmdl_100_1',1930,'none'
'tur_kurusmdl_100_1',1931,'none'
'tur_kurusmdl_100_1',1932,'none'
'tur_kurusmdl_100_1',1933,'none'
'tur_kurusmdl_100_1',1934,'none'
'tur_kurusmdl_100_1',1935,'none'
'tur_kurusmdl_100_1',1936,'none'
'tur_kurusmdl_100_1',1937,'none'
'tur_kurusmdl_100_1',1938,'none'
'tur_kurusmdl_100_1',1939,'none'
'tur_kurusmdl_100_1',1940,'none'
'tur_kurusmdl_100_1',1941,'none'
'tur_kurusmdl_100_1',1942,'none'
'tur_kurusmdl_100_1',1943,'none'
'tur_kurusmdl_100_1',1944,'none'
'tur_kurusmdl_100_1',1945,'none'
'tur_kurusmdl_100_1',1946,'none'
'tur_kurusmdl_100_1',1947,'none'
'tur_kurusmdl_100_1',1948,'none'
'tur_kurusmdl_100_1',1949,'none'
'tur_kurusmdl_100_1',1950,'none'
'tur_kurusmdl_100_1',1951,'none'
'tur_kurusmdl_100_1',1952,'none'
'tur_kurusmdl_100_1',1953,'none'
'tur_kurusmdl_100_1',1954,'none'
'tur_kurusmdl_100_1',1955,'none'
'tur_kurusmdl_100_1',1956,'none'
'tur_kurusmdl_100_1',1957,'none'
'tur_kurusmdl_100_1',1958,'none'
'tur_kurusmdl_100_1',1959,'none'
'tur_kurusmdl_100_1',1960,'none'
'tur_kurusmdl_100_1',1961,'none'
'tur_kurusmdl_100_1',1962,'none'
'tur_kurusmdl_100_1',1963,'none'
'tur_kurusmdl_100_1',1964,'none'
'tur_kurusmdl_100_1',1965,'none'
'tur_kurusmdl_100_1',1966,'none'
'tur_kurusmdl_100_1',1967,'none'
'tur_kurusmdl_100_1',1968,'none'
'tur_kurusmdl_100_1',1969,'none'
'tur_kurusmdl_100_1',1970,'none'
'tur_kurusmdl_100_1',1971,'none'
'tur_kurusmdl_100_1',1972,'none'
'tur_kurusmdl_100_1',1973,'none'
'tur_kurusmdl_100_1',1974,'none'
'tur_kurusmdl_100_1',1975,'none'
'tur_kurusmdl_100_1',1976,'none'
'tur_kurusmdl_100_1',1977,'none'
'tur_kurusmdl_100_1',1978,'none'
'tur_kurusmdl_100_1',1979,'none'
'tur_kurusmdl_100_1',1980,'none'
'tur_kurusmdl_250_1',1876,'none'
'tur_kurusmdl_250_1',1877,'none'
'tur_kurusmdl_250_1',1878,'none'
'tur_kurusmdl_250_1',1879,'none'
'tur_kurusmdl_250_1',1880,'none'
'tur_kurusmdl_250_1',1881,'none'
'tur_kurusmdl_250_1',1882,'none'
'tur_kurusmdl_250_1',1883,'none'
'tur_kurusmdl_250_1',1884,'none'
'tur_kurusmdl_250_1',1885,'none'
'tur_kurusmdl_250_1',1886,'none'
'tur_kurusmdl_250_1',1887,'none'
'tur_kurusmdl_250_1',1888,'none'
'tur_kurusmdl_250_1',1889,'none'
'tur_kurusmdl_250_1',1890,'none'
'tur_kurusmdl_250_1',1891,'none'
'tur_kurusmdl_250_1',1892,'none'
'tur_kurusmdl_250_1',1893,'none'
'tur_kurusmdl_250_1',1894,'none'
'tur_kurusmdl_250_1',1895,'none'
'tur_kurusmdl_250_1',1896,'none'
'tur_kurusmdl_250_1',1897,'none'
'tur_kurusmdl_250_1',1898,'none'
'tur_kurusmdl_250_1',1899,'none'
'tur_kurusmdl_250_1',1900,'none'
'tur_kurusmdl_250_1',1901,'none'
'tur_kurusmdl_250_1',1902,'none'
'tur_kurusmdl_250_1',1903,'none'
'tur_kurusmdl_250_1',1904,'none'
'tur_kurusmdl_250_1',1905,'none'
'tur_kurusmdl_250_1',1906,'none'
'tur_kurusmdl_250_1',1907,'none'
'tur_kurusmdl_250_1',1908,'none'
'tur_kurusmdl_250_1',1909,'none'
'tur_kurusmdl_250_1',1910,'none'
'tur_kurusmdl_250_1',1911,'none'
'tur_kurusmdl_250_1',1912,'none'
'tur_kurusmdl_250_1',1913,'none'
'tur_kurusmdl_250_1',1914,'none'
'tur_kurusmdl_250_1',1915,'none'
'tur_kurusmdl_250_1',1916,'none'
'tur_kurusmdl_250_1',1917,'none'
'tur_kurusmdl_250_1',1918,'none'
'tur_kurusmdl_250_1',1919,'none'
'tur_kurusmdl_250_1',1920,'none'
'tur_kurusmdl_250_1',1921,'none'
'tur_kurusmdl_250_1',1922,'none'
'tur_kurusmdl_250_1',1923,'none'
'tur_kurusmdl_250_1',1924,'none'
'tur_kurusmdl_250_1',1925,'none'
'tur_kurusmdl_250_1',1926,'none'
'tur_kurusmdl_250_1',1927,'none'
'tur_kurusmdl_250_1',1928,'none'
'tur_kurusmdl_250_1',1929,'none'
'tur_kurusmdl_250_1',1930,'none'
'tur_kurusmdl_250_1',1931,'none'
'tur_kurusmdl_250_1',1932,'none'
'tur_kurusmdl_250_1',1933,'none'
'tur_kurusmdl_250_1',1934,'none'
'tur_kurusmdl_250_1',1935,'none'
'tur_kurusmdl_250_1',1936,'none'
'tur_kurusmdl_250_1',1937,'none'
'tur_kurusmdl_250_1',1938,'none'
'tur_kurusmdl_250_1',1939,'none'
'tur_kurusmdl_250_1',1940,'none'
'tur_kurusmdl_250_1',1941,'none'
'tur_kurusmdl_250_1',1942,'none'
'tur_kurusmdl_250_1',1943,'none'
'tur_kurusmdl_250_1',1944,'none'
'tur_kurusmdl_250_1',1945,'none'
'tur_kurusmdl_250_1',1946,'none'
'tur_kurusmdl_250_1',1947,'none'
'tur_kurusmdl_250_1',1948,'none'
'tur_kurusmdl_250_1',1949,'none'
'tur_kurusmdl_250_1',1950,'none'
'tur_kurusmdl_250_1',1951,'none'
'tur_kurusmdl_250_1',1952,'none'
'tur_kurusmdl_250_1',1953,'none'
'tur_kurusmdl_250_1',1954,'none'
'tur_kurusmdl_250_1',1955,'none'
'tur_kurusmdl_250_1',1956,'none'
'tur_kurusmdl_250_1',1957,'none'
'tur_kurusmdl_250_1',1958,'none'
'tur_kurusmdl_250_1',1959,'none'
'tur_kurusmdl_250_1',1960,'none'
'tur_kurusmdl_250_1',1961,'none'
'tur_kurusmdl_250_1',1962,'none'
'tur_kurusmdl_250_1',1963,'none'
'tur_kurusmdl_250_1',1964,'none'
'tur_kurusmdl_250_1',1965,'none'
'tur_kurusmdl_250_1',1966,'none'
'tur_kurusmdl_250_1',1967,'none'
'tur_kurusmdl_250_1',1968,'none'
'tur_kurusmdl_250_1',1969,'none'
'tur_kurusmdl_250_1',1970,'none'
'tur_kurusmdl_250_1',1971,'none'
'tur_kurusmdl_250_1',1972,'none'
'tur_kurusmdl_250_1',1973,'none'
'tur_kurusmdl_250_1',1974,'none'
'tur_kurusmdl_250_1',1975,'none'
'tur_kurusmdl_250_1',1976,'none'
'tur_kurusmdl_250_1',1977,'none'
'tur_kurusmdl_250_1',1978,'none'
'tur_kurusmdl_250_1',1979,'none'
'tur_kurusmdl_250_1',1980,'none'
'tur_kurusmdl_25_1',1876,'none'
'tur_kurusmdl_25_1',1877,'none'
'tur_kurusmdl_25_1',1878,'none'
'tur_kurusmdl_25_1',1879,'none'
'tur_kurusmdl_25_1',1880,'none'
'tur_kurusmdl_25_1',1881,'none'
'tur_kurusmdl_25_1',1882,'none'
'tur_kurusmdl_25_1',1883,'none'
'tur_kurusmdl_25_1',1884,'none'
'tur_kurusmdl_25_1',1885,'none'
'tur_kurusmdl_25_1',1886,'none'
'tur_kurusmdl_25_1',1887,'none'
'tur_kurusmdl_25_1',1888,'none'
'tur_kurusmdl_25_1',1889,'none'
'tur_kurusmdl_25_1',1890,'none'
'tur_kurusmdl_25_1',1891,'none'
'tur_kurusmdl_25_1',1892,'none'
'tur_kurusmdl_25_1',1893,'none'
'tur_kurusmdl_25_1',1894,'none'
'tur_kurusmdl_25_1',1895,'none'
'tur_kurusmdl_25_1',1896,'none'
'tur_kurusmdl_25_1',1897,'none'
'tur_kurusmdl_25_1',1898,'none'
'tur_kurusmdl_25_1',1899,'none'
'tur_kurusmdl_25_1',1900,'none'
'tur_kurusmdl_25_1',1901,'none'
'tur_kurusmdl_25_1',1902,'none'
'tur_kurusmdl_25_1',1903,'none'
'tur_kurusmdl_25_1',1904,'none'
'tur_kurusmdl_25_1',1905,'none'
'tur_kurusmdl_25_1',1906,'none'
'tur_kurusmdl_25_1',1907,'none'
'tur_kurusmdl_25_1',1908,'none'
'tur_kurusmdl_25_1',1909,'none'
'tur_kurusmdl_25_1',1910,'none'
'tur_kurusmdl_25_1',1911,'none'
'tur_kurusmdl_25_1',1912,'none'
'tur_kurusmdl_25_1',1913,'none'
'tur_kurusmdl_25_1',1914,'none'
'tur_kurusmdl_25_1',1915,'none'
'tur_kurusmdl_25_1',1916,'none'
'tur_kurusmdl_25_1',1917,'none'
'tur_kurusmdl_25_1',1918,'none'
'tur_kurusmdl_25_1',1919,'none'
'tur_kurusmdl_25_1',1920,'none'
'tur_kurusmdl_25_1',1921,'none'
'tur_kurusmdl_25_1',1922,'none'
'tur_kurusmdl_25_1',1923,'none'
'tur_kurusmdl_25_1',1924,'none'
'tur_kurusmdl_25_1',1925,'none'
'tur_kurusmdl_25_1',1926,'none'
'tur_kurusmdl_25_1',1927,'none'
'tur_kurusmdl_25_1',1928,'none'
'tur_kurusmdl_25_1',1929,'none'
'tur_kurusmdl_25_1',1930,'none'
'tur_kurusmdl_25_1',1931,'none'
'tur_kurusmdl_25_1',1932,'none'
'tur_kurusmdl_25_1',1933,'none'
'tur_kurusmdl_25_1',1934,'none'
'tur_kurusmdl_25_1',1935,'none'
'tur_kurusmdl_25_1',1936,'none'
'tur_kurusmdl_25_1',1937,'none'
'tur_kurusmdl_25_1',1938,'none'
'tur_kurusmdl_25_1',1939,'none'
'tur_kurusmdl_25_1',1940,'none'
'tur_kurusmdl_25_1',1941,'none'
'tur_kurusmdl_25_1',1942,'none'
'tur_kurusmdl_25_1',1943,'none'
'tur_kurusmdl_25_1',1944,'none'
'tur_kurusmdl_25_1',1945,'none'
'tur_kurusmdl_25_1',1946,'none'
'tur_kurusmdl_25_1',1947,'none'
'tur_kurusmdl_25_1',1948,'none'
'tur_kurusmdl_25_1',1949,'none'
'tur_kurusmdl_25_1',1950,'none'
'tur_kurusmdl_25_1',1951,'none'
'tur_kurusmdl_25_1',1952,'none'
'tur_kurusmdl_25_1',1953,'none'
'tur_kurusmdl_25_1',1954,'none'
'tur_kurusmdl_25_1',1955,'none'
'tur_kurusmdl_25_1',1956,'none'
'tur_kurusmdl_25_1',1957,'none'
'tur_kurusmdl_25_1',1958,'none'
'tur_kurusmdl_25_1',1959,'none'
'tur_kurusmdl_25_1',1960,'none'
'tur_kurusmdl_25_1',1961,'none'
'tur_kurusmdl_25_1',1962,'none'
'tur_kurusmdl_25_1',1963,'none'
'tur_kurusmdl_25_1',1964,'none'
'tur_kurusmdl_25_1',1965,'none'
'tur_kurusmdl_25_1',1966,'none'
'tur_kurusmdl_25_1',1967,'none'
'tur_kurusmdl_25_1',1968,'none'
'tur_kurusmdl_25_1',1969,'none'
'tur_kurusmdl_25_1',1970,'none'
'tur_kurusmdl_25_1',1971,'none'
'tur_kurusmdl_25_1',1972,'none'
'tur_kurusmdl_25_1',1973,'none'
'tur_kurusmdl_25_1',1974,'none'
'tur_kurusmdl_25_1',1975,'none'
'tur_kurusmdl_25_1',1976,'none'
'tur_kurusmdl_25_1',1977,'none'
'tur_kurusmdl_25_1',1978,'none'
'tur_kurusmdl_25_1',1979,'none'
'tur_kurusmdl_25_1',1980,'none'
'tur_kurusmdl_500_1',1876,'none'
'tur_kurusmdl_500_1',1877,'none'
'tur_kurusmdl_500_1',1878,'none'
'tur_kurusmdl_500_1',1879,'none'
'tur_kurusmdl_500_1',1880,'none'
'tur_kurusmdl_500_1',1881,'none'
'tur_kurusmdl_500_1',1882,'none'
'tur_kurusmdl_500_1',1883,'none'
'tur_kurusmdl_500_1',1884,'none'
'tur_kurusmdl_500_1',1885,'none'
'tur_kurusmdl_500_1',1886,'none'
'tur_kurusmdl_500_1',1887,'none'
'tur_kurusmdl_500_1',1888,'none'
'tur_kurusmdl_500_1',1889,'none'
'tur_kurusmdl_500_1',1890,'none'
'tur_kurusmdl_500_1',1891,'none'
'tur_kurusmdl_500_1',1892,'none'
'tur_kurusmdl_500_1',1893,'none'
'tur_kurusmdl_500_1',1894,'none'
'tur_kurusmdl_500_1',1895,'none'
'tur_kurusmdl_500_1',1896,'none'
'tur_kurusmdl_500_1',1897,'none'
'tur_kurusmdl_500_1',1898,'none'
'tur_kurusmdl_500_1',1899,'none'
'tur_kurusmdl_500_1',1900,'none'
'tur_kurusmdl_500_1',1901,'none'
'tur_kurusmdl_500_1',1902,'none'
'tur_kurusmdl_500_1',1903,'none'
'tur_kurusmdl_500_1',1904,'none'
'tur_kurusmdl_500_1',1905,'none'
'tur_kurusmdl_500_1',1906,'none'
'tur_kurusmdl_500_1',1907,'none'
'tur_kurusmdl_500_1',1908,'none'
'tur_kurusmdl_500_1',1909,'none'
'tur_kurusmdl_500_1',1910,'none'
'tur_kurusmdl_500_1',1911,'none'
'tur_kurusmdl_500_1',1912,'none'
'tur_kurusmdl_500_1',1913,'none'
'tur_kurusmdl_500_1',1914,'none'
'tur_kurusmdl_500_1',1915,'none'
'tur_kurusmdl_500_1',1916,'none'
'tur_kurusmdl_500_1',1917,'none'
'tur_kurusmdl_500_1',1918,'none'
'tur_kurusmdl_500_1',1919,'none'
'tur_kurusmdl_500_1',1920,'none'
'tur_kurusmdl_500_1',1921,'none'
'tur_kurusmdl_500_1',1922,'none'
'tur_kurusmdl_500_1',1923,'none'
'tur_kurusmdl_500_1',1924,'none'
'tur_kurusmdl_500_1',1925,'none'
'tur_kurusmdl_500_1',1926,'none'
'tur_kurusmdl_500_1',1927,'none'
'tur_kurusmdl_500_1',1928,'none'
'tur_kurusmdl_500_1',1929,'none'
'tur_kurusmdl_500_1',1930,'none'
'tur_kurusmdl_500_1',1931,'none'
'tur_kurusmdl_500_1',1932,'none'
'tur_kurusmdl_500_1',1933,'none'
'tur_kurusmdl_500_1',1934,'none'
'tur_kurusmdl_500_1',1935,'none'
'tur_kurusmdl_500_1',1936,'none'
'tur_kurusmdl_500_1',1937,'none'
'tur_kurusmdl_500_1',1938,'none'
'tur_kurusmdl_500_1',1939,'none'
'tur_kurusmdl_500_1',1940,'none'
'tur_kurusmdl_500_1',1941,'none'
'tur_kurusmdl_500_1',1942,'none'
'tur_kurusmdl_500_1',1943,'none'
'tur_kurusmdl_500_1',1944,'none'
'tur_kurusmdl_500_1',1945,'none'
'tur_kurusmdl_500_1',1946,'none'
'tur_kurusmdl_500_1',1947,'none'
'tur_kurusmdl_500_1',1948,'none'
'tur_kurusmdl_500_1',1949,'none'
'tur_kurusmdl_500_1',1950,'none'
'tur_kurusmdl_500_1',1951,'none'
'tur_kurusmdl_500_1',1952,'none'
'tur_kurusmdl_500_1',1953,'none'
'tur_kurusmdl_500_1',1954,'none'
'tur_kurusmdl_500_1',1955,'none'
'tur_kurusmdl_500_1',1956,'none'
'tur_kurusmdl_500_1',1957,'none'
'tur_kurusmdl_500_1',1958,'none'
'tur_kurusmdl_500_1',1959,'none'
'tur_kurusmdl_500_1',1960,'none'
'tur_kurusmdl_500_1',1961,'none'
'tur_kurusmdl_500_1',1962,'none'
'tur_kurusmdl_500_1',1963,'none'
'tur_kurusmdl_500_1',1964,'none'
'tur_kurusmdl_500_1',1965,'none'
'tur_kurusmdl_500_1',1966,'none'
'tur_kurusmdl_500_1',1967,'none'
'tur_kurusmdl_500_1',1968,'none'
'tur_kurusmdl_500_1',1969,'none'
'tur_kurusmdl_500_1',1970,'none'
'tur_kurusmdl_500_1',1971,'none'
'tur_kurusmdl_500_1',1972,'none'
'tur_kurusmdl_500_1',1973,'none'
'tur_kurusmdl_500_1',1974,'none'
'tur_kurusmdl_500_1',1975,'none'
'tur_kurusmdl_500_1',1976,'none'
'tur_kurusmdl_500_1',1977,'none'
'tur_kurusmdl_500_1',1978,'none'
'tur_kurusmdl_500_1',1979,'none'
'tur_kurusmdl_500_1',1980,'none'
'tur_kurusmdl_50_1',1876,'none'
'tur_kurusmdl_50_1',1877,'none'
'tur_kurusmdl_50_1',1878,'none'
'tur_kurusmdl_50_1',1879,'none'
'tur_kurusmdl_50_1',1880,'none'
'tur_kurusmdl_50_1',1881,'none'
'tur_kurusmdl_50_1',1882,'none'
'tur_kurusmdl_50_1',1883,'none'
'tur_kurusmdl_50_1',1884,'none'
'tur_kurusmdl_50_1',1885,'none'
'tur_kurusmdl_50_1',1886,'none'
'tur_kurusmdl_50_1',1887,'none'
'tur_kurusmdl_50_1',1888,'none'
'tur_kurusmdl_50_1',1889,'none'
'tur_kurusmdl_50_1',1890,'none'
'tur_kurusmdl_50_1',1891,'none'
'tur_kurusmdl_50_1',1892,'none'
'tur_kurusmdl_50_1',1893,'none'
'tur_kurusmdl_50_1',1894,'none'
'tur_kurusmdl_50_1',1895,'none'
'tur_kurusmdl_50_1',1896,'none'
'tur_kurusmdl_50_1',1897,'none'
'tur_kurusmdl_50_1',1898,'none'
'tur_kurusmdl_50_1',1899,'none'
'tur_kurusmdl_50_1',1900,'none'
'tur_kurusmdl_50_1',1901,'none'
'tur_kurusmdl_50_1',1902,'none'
'tur_kurusmdl_50_1',1903,'none'
'tur_kurusmdl_50_1',1904,'none'
'tur_kurusmdl_50_1',1905,'none'
'tur_kurusmdl_50_1',1906,'none'
'tur_kurusmdl_50_1',1907,'none'
'tur_kurusmdl_50_1',1908,'none'
'tur_kurusmdl_50_1',1909,'none'
'tur_kurusmdl_50_1',1910,'none'
'tur_kurusmdl_50_1',1911,'none'
'tur_kurusmdl_50_1',1912,'none'
'tur_kurusmdl_50_1',1913,'none'
'tur_kurusmdl_50_1',1914,'none'
'tur_kurusmdl_50_1',1915,'none'
'tur_kurusmdl_50_1',1916,'none'
'tur_kurusmdl_50_1',1917,'none'
'tur_kurusmdl_50_1',1918,'none'
'tur_kurusmdl_50_1',1919,'none'
'tur_kurusmdl_50_1',1920,'none'
'tur_kurusmdl_50_1',1921,'none'
'tur_kurusmdl_50_1',1922,'none'
'tur_kurusmdl_50_1',1923,'none'
'tur_kurusmdl_50_1',1924,'none'
'tur_kurusmdl_50_1',1925,'none'
'tur_kurusmdl_50_1',1926,'none'
'tur_kurusmdl_50_1',1927,'none'
'tur_kurusmdl_50_1',1928,'none'
'tur_kurusmdl_50_1',1929,'none'
'tur_kurusmdl_50_1',1930,'none'
'tur_kurusmdl_50_1',1931,'none'
'tur_kurusmdl_50_1',1932,'none'
'tur_kurusmdl_50_1',1933,'none'
'tur_kurusmdl_50_1',1934,'none'
'tur_kurusmdl_50_1',1935,'none'
'tur_kurusmdl_50_1',1936,'none'
'tur_kurusmdl_50_1',1937,'none'
'tur_kurusmdl_50_1',1938,'none'
'tur_kurusmdl_50_1',1939,'none'
'tur_kurusmdl_50_1',1940,'none'
'tur_kurusmdl_50_1',1941,'none'
'tur_kurusmdl_50_1',1942,'none'
'tur_kurusmdl_50_1',1943,'none'
'tur_kurusmdl_50_1',1944,'none'
'tur_kurusmdl_50_1',1945,'none'
'tur_kurusmdl_50_1',1946,'none'
'tur_kurusmdl_50_1',1947,'none'
'tur_kurusmdl_50_1',1948,'none'
'tur_kurusmdl_50_1',1949,'none'
'tur_kurusmdl_50_1',1950,'none'
'tur_kurusmdl_50_1',1951,'none'
'tur_kurusmdl_50_1',1952,'none'
'tur_kurusmdl_50_1',1953,'none'
'tur_kurusmdl_50_1',1954,'none'
'tur_kurusmdl_50_1',1955,'none'
'tur_kurusmdl_50_1',1956,'none'
'tur_kurusmdl_50_1',1957,'none'
'tur_kurusmdl_50_1',1958,'none'
'tur_kurusmdl_50_1',1959,'none'
'tur_kurusmdl_50_1',1960,'none'
'tur_kurusmdl_50_1',1961,'none'
'tur_kurusmdl_50_1',1962,'none'
'tur_kurusmdl_50_1',1963,'none'
'tur_kurusmdl_50_1',1964,'none'
'tur_kurusmdl_50_1',1965,'none'
'tur_kurusmdl_50_1',1966,'none'
'tur_kurusmdl_50_1',1967,'none'
'tur_kurusmdl_50_1',1968,'none'
'tur_kurusmdl_50_1',1969,'none'
'tur_kurusmdl_50_1',1970,'none'
'tur_kurusmdl_50_1',1971,'none'
'tur_kurusmdl_50_1',1972,'none'
'tur_kurusmdl_50_1',1973,'none'
'tur_kurusmdl_50_1',1974,'none'
'tur_kurusmdl_50_1',1975,'none'
'tur_kurusmdl_50_1',1976,'none'
'tur_kurusmdl_50_1',1977,'none'
'tur_kurusmdl_50_1',1978,'none'
'tur_kurusmdl_50_1',1979,'none'
'tur_kurusmdl_50_1',1980,'none'
'tur_kurusmdl_fractional_12_1_2_1',1876,'none'
'tur_kurusmdl_fractional_12_1_2_1',1877,'none'
'tur_kurusmdl_fractional_12_1_2_1',1878,'none'
'tur_kurusmdl_fractional_12_1_2_1',1879,'none'
'tur_kurusmdl_fractional_12_1_2_1',1880,'none'
'tur_kurusmdl_fractional_12_1_2_1',1881,'none'
'tur_kurusmdl_fractional_12_1_2_1',1882,'none'
'tur_kurusmdl_fractional_12_1_2_1',1883,'none'
'tur_kurusmdl_fractional_12_1_2_1',1884,'none'
'tur_kurusmdl_fractional_12_1_2_1',1885,'none'
'tur_kurusmdl_fractional_12_1_2_1',1886,'none'
'tur_kurusmdl_fractional_12_1_2_1',1887,'none'
'tur_kurusmdl_fractional_12_1_2_1',1888,'none'
'tur_kurusmdl_fractional_12_1_2_1',1889,'none'
'tur_kurusmdl_fractional_12_1_2_1',1890,'none'
'tur_kurusmdl_fractional_12_1_2_1',1891,'none'
'tur_kurusmdl_fractional_12_1_2_1',1892,'none'
'tur_kurusmdl_fractional_12_1_2_1',1893,'none'
'tur_kurusmdl_fractional_12_1_2_1',1894,'none'
'tur_kurusmdl_fractional_12_1_2_1',1895,'none'
'tur_kurusmdl_fractional_12_1_2_1',1896,'none'
'tur_kurusmdl_fractional_12_1_2_1',1897,'none'
'tur_kurusmdl_fractional_12_1_2_1',1898,'none'
'tur_kurusmdl_fractional_12_1_2_1',1899,'none'
'tur_kurusmdl_fractional_12_1_2_1',1900,'none'
'tur_kurusmdl_fractional_12_1_2_1',1901,'none'
'tur_kurusmdl_fractional_12_1_2_1',1902,'none'
'tur_kurusmdl_fractional_12_1_2_1',1903,'none'
'tur_kurusmdl_fractional_12_1_2_1',1904,'none'
'tur_kurusmdl_fractional_12_1_2_1',1905,'none'
'tur_kurusmdl_fractional_12_1_2_1',1906,'none'
'tur_kurusmdl_fractional_12_1_2_1',1907,'none'
'tur_kurusmdl_fractional_12_1_2_1',1908,'none'
'tur_kurusmdl_fractional_12_1_2_1',1909,'none'
'tur_kurusmdl_fractional_12_1_2_2',1909,'none'
'tur_kurusmdl_fractional_12_1_2_2',1910,'none'
'tur_kurusmdl_fractional_12_1_2_2',1911,'none'
'tur_kurusmdl_fractional_12_1_2_2',1912,'none'
'tur_kurusmdl_fractional_12_1_2_2',1913,'none'
'tur_kurusmdl_fractional_12_1_2_2',1914,'none'
'tur_kurusmdl_fractional_12_1_2_2',1915,'none'
'tur_kurusmdl_fractional_12_1_2_2',1916,'none'
'tur_kurusmdl_fractional_12_1_2_2',1917,'none'
'tur_kurusmdl_fractional_12_1_2_2',1918,'none'
'tur_kurus_100_1',1934,'none'
'tur_kurus_100_1',1935,'none'
'tur_kurus_100_1',1936,'none'
'tur_kurus_100_1',1937,'none'
'tur_kurus_100_1',1938,'none'
'tur_kurus_100_1',1939,'none'
'tur_kurus_100_1',1940,'none'
'tur_kurus_100_1',1941,'none'
'tur_kurus_100_2',1861,'none'
'tur_kurus_100_2',1862,'none'
'tur_kurus_100_2',1863,'none'
'tur_kurus_100_2',1864,'none'
'tur_kurus_100_2',1865,'none'
'tur_kurus_100_2',1866,'none'
'tur_kurus_100_2',1867,'none'
'tur_kurus_100_2',1868,'none'
'tur_kurus_100_2',1869,'none'
'tur_kurus_100_2',1870,'none'
'tur_kurus_100_2',1871,'none'
'tur_kurus_100_2',1872,'none'
'tur_kurus_100_2',1873,'none'
'tur_kurus_100_2',1874,'none'
'tur_kurus_100_2',1875,'none'
'tur_kurus_100_2',1876,'none'
'tur_kurus_100_2',1877,'none'
'tur_kurus_100_2',1878,'none'
'tur_kurus_100_2',1879,'none'
'tur_kurus_100_2',1880,'none'
'tur_kurus_100_2',1881,'none'
'tur_kurus_100_2',1882,'none'
'tur_kurus_100_2',1883,'none'
'tur_kurus_100_2',1884,'none'
'tur_kurus_100_2',1885,'none'
'tur_kurus_100_2',1886,'none'
'tur_kurus_100_2',1887,'none'
'tur_kurus_100_2',1888,'none'
'tur_kurus_100_2',1889,'none'
'tur_kurus_100_2',1890,'none'
'tur_kurus_100_2',1891,'none'
'tur_kurus_100_2',1892,'none'
'tur_kurus_100_2',1893,'none'
'tur_kurus_100_2',1894,'none'
'tur_kurus_100_2',1895,'none'
'tur_kurus_100_2',1896,'none'
'tur_kurus_100_2',1897,'none'
'tur_kurus_100_2',1898,'none'
'tur_kurus_100_2',1899,'none'
'tur_kurus_100_2',1900,'none'
'tur_kurus_100_2',1901,'none'
'tur_kurus_100_2',1902,'none'
'tur_kurus_100_2',1903,'none'
'tur_kurus_100_2',1904,'none'
'tur_kurus_100_2',1905,'none'
'tur_kurus_100_2',1906,'none'
'tur_kurus_100_2',1907,'none'
'tur_kurus_100_2',1908,'none'
'tur_kurus_100_2',1909,'none'
'tur_kurus_100_2',1910,'none'
'tur_kurus_100_2',1911,'none'
'tur_kurus_100_2',1912,'none'
'tur_kurus_100_2',1913,'none'
'tur_kurus_100_2',1914,'none'
'tur_kurus_100_2',1915,'none'
'tur_kurus_100_2',1916,'none'
'tur_kurus_100_2',1917,'none'
'tur_kurus_100_2',1918,'none'
'tur_kurus_100_2',1919,'none'
'tur_kurus_100_2',1920,'none'
'tur_kurus_100_2',1921,'none'
'tur_kurus_100_2',1922,'none'
'tur_kurus_100_2',1923,'none'
'tur_kurus_100_2',1924,'none'
'tur_kurus_100_2',1925,'none'
'tur_kurus_100_2',1926,'none'
'tur_kurus_100_2',1927,'none'
'tur_kurus_100_2',1928,'none'
'tur_kurus_100_2',1929,'none'
'tur_kurus_100_2',1930,'none'
'tur_kurus_100_2',1931,'none'
'tur_kurus_100_2',1932,'none'
'tur_kurus_100_2',1933,'none'
'tur_kurus_100_2',1934,'none'
'tur_kurus_100_2',1935,'none'
'tur_kurus_100_2',1936,'none'
'tur_kurus_100_2',1937,'none'
'tur_kurus_100_2',1938,'none'
'tur_kurus_100_2',1939,'none'
'tur_kurus_100_2',1940,'none'
'tur_kurus_100_2',1941,'none'
'tur_kurus_100_2',1942,'none'
'tur_kurus_100_2',1943,'none'
'tur_kurus_100_2',1944,'none'
'tur_kurus_100_2',1945,'none'
'tur_kurus_100_2',1946,'none'
'tur_kurus_100_2',1947,'none'
'tur_kurus_100_2',1948,'none'
'tur_kurus_100_2',1949,'none'
'tur_kurus_100_2',1950,'none'
'tur_kurus_100_2',1951,'none'
'tur_kurus_100_2',1952,'none'
'tur_kurus_100_2',1953,'none'
'tur_kurus_100_2',1954,'none'
'tur_kurus_100_2',1955,'none'
'tur_kurus_100_2',1956,'none'
'tur_kurus_100_2',1957,'none'
'tur_kurus_100_2',1958,'none'
'tur_kurus_100_2',1959,'none'
'tur_kurus_100_2',1960,'none'
'tur_kurus_100_2',1961,'none'
'tur_kurus_100_2',1962,'none'
'tur_kurus_100_2',1963,'none'
'tur_kurus_100_2',1964,'none'
'tur_kurus_100_2',1965,'none'
'tur_kurus_100_2',1966,'none'
'tur_kurus_100_2',1967,'none'
'tur_kurus_100_2',1968,'none'
'tur_kurus_100_2',1969,'none'
'tur_kurus_100_2',1970,'none'
'tur_kurus_100_2',1971,'none'
'tur_kurus_100_2',1972,'none'
'tur_kurus_100_2',1973,'none'
'tur_kurus_100_2',1974,'none'
'tur_kurus_100_2',1975,'none'
'tur_kurus_100_2',1976,'none'
'tur_kurus_100_2',1977,'none'
'tur_kurus_100_2',1978,'none'
'tur_kurus_100_2',1979,'none'
'tur_kurus_100_2',1980,'none'
'tur_kurus_100_2',1981,'none'
'tur_kurus_100_2',1982,'none'
'tur_kurus_100_2',1983,'none'
'tur_kurus_100_2',1984,'none'
'tur_kurus_100_2',1985,'none'
'tur_kurus_100_2',1986,'none'
'tur_kurus_100_2',1987,'none'
'tur_kurus_100_2',1988,'none'
'tur_kurus_100_2',1989,'none'
'tur_kurus_100_2',1990,'none'
'tur_kurus_100_2',1991,'none'
'tur_kurus_100_2',1992,'none'
'tur_kurus_100_2',1993,'none'
'tur_kurus_10_1',1844,'none'
'tur_kurus_10_1',1845,'none'
'tur_kurus_10_1',1846,'none'
'tur_kurus_10_1',1847,'none'
'tur_kurus_10_1',1848,'none'
'tur_kurus_10_1',1849,'none'
'tur_kurus_10_1',1850,'none'
'tur_kurus_10_1',1851,'none'
'tur_kurus_10_1',1852,'none'
'tur_kurus_10_1',1853,'none'
'tur_kurus_10_1',1854,'none'
'tur_kurus_10_1',1855,'none'
'tur_kurus_10_1',1856,'none'
'tur_kurus_10_1',1857,'none'
'tur_kurus_10_1',1858,'none'
'tur_kurus_10_1',1859,'none'
'tur_kurus_10_1',1860,'none'
'tur_kurus_10_1',1861,'none'
'tur_kurus_10_1',1862,'none'
'tur_kurus_10_1',1863,'none'
'tur_kurus_10_1',1864,'none'
'tur_kurus_10_1',1865,'none'
'tur_kurus_10_1',1866,'none'
'tur_kurus_10_1',1867,'none'
'tur_kurus_10_1',1868,'none'
'tur_kurus_10_1',1869,'none'
'tur_kurus_10_1',1870,'none'
'tur_kurus_10_1',1871,'none'
'tur_kurus_10_1',1872,'none'
'tur_kurus_10_1',1873,'none'
'tur_kurus_10_1',1874,'none'
'tur_kurus_10_1',1875,'none'
'tur_kurus_10_1',1876,'none'
'tur_kurus_10_1',1877,'none'
'tur_kurus_10_1',1878,'none'
'tur_kurus_10_1',1879,'none'
'tur_kurus_10_1',1880,'none'
'tur_kurus_10_1',1881,'none'
'tur_kurus_10_1',1882,'none'
'tur_kurus_10_1',1883,'none'
'tur_kurus_10_1',1884,'none'
'tur_kurus_10_1',1885,'none'
'tur_kurus_10_1',1886,'none'
'tur_kurus_10_1',1887,'none'
'tur_kurus_10_1',1888,'none'
'tur_kurus_10_1',1889,'none'
'tur_kurus_10_1',1890,'none'
'tur_kurus_10_1',1891,'none'
'tur_kurus_10_1',1892,'none'
'tur_kurus_10_1',1893,'none'
'tur_kurus_10_1',1894,'none'
'tur_kurus_10_1',1895,'none'
'tur_kurus_10_1',1896,'none'
'tur_kurus_10_1',1897,'none'
'tur_kurus_10_1',1898,'none'
'tur_kurus_10_1',1899,'none'
'tur_kurus_10_1',1900,'none'
'tur_kurus_10_1',1901,'none'
'tur_kurus_10_1',1902,'none'
'tur_kurus_10_1',1903,'none'
'tur_kurus_10_1',1904,'none'
'tur_kurus_10_1',1905,'none'
'tur_kurus_10_1',1906,'none'
'tur_kurus_10_1',1907,'none'
'tur_kurus_10_1',1908,'none'
'tur_kurus_10_1',1909,'none'
'tur_kurus_10_1',1910,'none'
'tur_kurus_10_1',1911,'none'
'tur_kurus_10_1',1912,'none'
'tur_kurus_10_1',1913,'none'
'tur_kurus_10_1',1914,'none'
'tur_kurus_10_1',1915,'none'
'tur_kurus_10_1',1916,'none'
'tur_kurus_10_1',1917,'none'
'tur_kurus_10_1',1918,'none'
'tur_kurus_10_1',1919,'none'
'tur_kurus_1_1',1844,'none'
'tur_kurus_1_1',1845,'none'
'tur_kurus_1_1',1846,'none'
'tur_kurus_1_1',1847,'none'
'tur_kurus_1_1',1848,'none'
'tur_kurus_1_1',1849,'none'
'tur_kurus_1_1',1850,'none'
'tur_kurus_1_1',1851,'none'
'tur_kurus_1_1',1852,'none'
'tur_kurus_1_1',1853,'none'
'tur_kurus_1_1',1854,'none'
'tur_kurus_1_1',1855,'none'
'tur_kurus_1_1',1856,'none'
'tur_kurus_1_1',1857,'none'
'tur_kurus_1_1',1858,'none'
'tur_kurus_1_1',1859,'none'
'tur_kurus_1_1',1860,'none'
'tur_kurus_1_1',1861,'none'
'tur_kurus_1_1',1862,'none'
'tur_kurus_1_1',1863,'none'
'tur_kurus_1_1',1864,'none'
'tur_kurus_1_1',1865,'none'
'tur_kurus_1_1',1866,'none'
'tur_kurus_1_1',1867,'none'
'tur_kurus_1_1',1868,'none'
'tur_kurus_1_1',1869,'none'
'tur_kurus_1_1',1870,'none'
'tur_kurus_1_1',1871,'none'
'tur_kurus_1_1',1872,'none'
'tur_kurus_1_1',1873,'none'
'tur_kurus_1_1',1874,'none'
'tur_kurus_1_1',1875,'none'
'tur_kurus_1_1',1876,'none'
'tur_kurus_1_1',1877,'none'
'tur_kurus_1_1',1878,'none'
'tur_kurus_1_1',1879,'none'
'tur_kurus_1_1',1880,'none'
'tur_kurus_1_1',1881,'none'
'tur_kurus_1_1',1882,'none'
'tur_kurus_1_1',1883,'none'
'tur_kurus_1_1',1884,'none'
'tur_kurus_1_1',1885,'none'
'tur_kurus_1_1',1886,'none'
'tur_kurus_1_1',1887,'none'
'tur_kurus_1_1',1888,'none'
'tur_kurus_1_1',1889,'none'
'tur_kurus_1_1',1890,'none'
'tur_kurus_1_1',1891,'none'
'tur_kurus_1_1',1892,'none'
'tur_kurus_1_1',1893,'none'
'tur_kurus_1_1',1894,'none'
'tur_kurus_1_1',1895,'none'
'tur_kurus_1_1',1896,'none'
'tur_kurus_1_1',1897,'none'
'tur_kurus_1_1',1898,'none'
'tur_kurus_1_1',1899,'none'
'tur_kurus_1_1',1900,'none'
'tur_kurus_1_1',1901,'none'
'tur_kurus_1_1',1902,'none'
'tur_kurus_1_1',1903,'none'
'tur_kurus_1_1',1904,'none'
'tur_kurus_1_1',1905,'none'
'tur_kurus_1_1',1906,'none'
'tur_kurus_1_1',1907,'none'
'tur_kurus_1_1',1908,'none'
'tur_kurus_1_1',1909,'none'
'tur_kurus_1_1',1910,'none'
'tur_kurus_1_1',1911,'none'
'tur_kurus_1_1',1912,'none'
'tur_kurus_1_1',1913,'none'
'tur_kurus_1_1',1914,'none'
'tur_kurus_1_1',1915,'none'
'tur_kurus_1_1',1916,'none'
'tur_kurus_1_1',1917,'none'
'tur_kurus_1_1',1918,'none'
'tur_kurus_1_1',1919,'none'
'tur_kurus_20_1',1844,'none'
'tur_kurus_20_1',1845,'none'
'tur_kurus_20_1',1846,'none'
'tur_kurus_20_1',1847,'none'
'tur_kurus_20_1',1848,'none'
'tur_kurus_20_1',1849,'none'
'tur_kurus_20_1',1850,'none'
'tur_kurus_20_1',1851,'none'
'tur_kurus_20_1',1852,'none'
'tur_kurus_20_1',1853,'none'
'tur_kurus_20_1',1854,'none'
'tur_kurus_20_1',1855,'none'
'tur_kurus_20_1',1856,'none'
'tur_kurus_20_1',1857,'none'
'tur_kurus_20_1',1858,'none'
'tur_kurus_20_1',1859,'none'
'tur_kurus_20_1',1860,'none'
'tur_kurus_20_1',1861,'none'
'tur_kurus_20_1',1862,'none'
'tur_kurus_20_1',1863,'none'
'tur_kurus_20_1',1864,'none'
'tur_kurus_20_1',1865,'none'
'tur_kurus_20_1',1866,'none'
'tur_kurus_20_1',1867,'none'
'tur_kurus_20_1',1868,'none'
'tur_kurus_20_1',1869,'none'
'tur_kurus_20_1',1870,'none'
'tur_kurus_20_1',1871,'none'
'tur_kurus_20_1',1872,'none'
'tur_kurus_20_1',1873,'none'
'tur_kurus_20_1',1874,'none'
'tur_kurus_20_1',1875,'none'
'tur_kurus_20_1',1876,'none'
'tur_kurus_20_1',1877,'none'
'tur_kurus_20_1',1878,'none'
'tur_kurus_20_1',1879,'none'
'tur_kurus_20_1',1880,'none'
'tur_kurus_20_1',1881,'none'
'tur_kurus_20_1',1882,'none'
'tur_kurus_20_1',1883,'none'
'tur_kurus_20_1',1884,'none'
'tur_kurus_20_1',1885,'none'
'tur_kurus_20_1',1886,'none'
'tur_kurus_20_1',1887,'none'
'tur_kurus_20_1',1888,'none'
'tur_kurus_20_1',1889,'none'
'tur_kurus_20_1',1890,'none'
'tur_kurus_20_1',1891,'none'
'tur_kurus_20_1',1892,'none'
'tur_kurus_20_1',1893,'none'
'tur_kurus_20_1',1894,'none'
'tur_kurus_20_1',1895,'none'
'tur_kurus_20_1',1896,'none'
'tur_kurus_20_1',1897,'none'
'tur_kurus_20_1',1898,'none'
'tur_kurus_20_1',1899,'none'
'tur_kurus_20_1',1900,'none'
'tur_kurus_20_1',1901,'none'
'tur_kurus_20_1',1902,'none'
'tur_kurus_20_1',1903,'none'
'tur_kurus_20_1',1904,'none'
'tur_kurus_20_1',1905,'none'
'tur_kurus_20_1',1906,'none'
'tur_kurus_20_1',1907,'none'
'tur_kurus_20_1',1908,'none'
'tur_kurus_20_1',1909,'none'
'tur_kurus_20_1',1910,'none'
'tur_kurus_20_1',1911,'none'
'tur_kurus_20_1',1912,'none'
'tur_kurus_20_1',1913,'none'
'tur_kurus_20_1',1914,'none'
'tur_kurus_20_1',1915,'none'
'tur_kurus_20_1',1916,'none'
'tur_kurus_20_1',1917,'none'
'tur_kurus_20_1',1918,'none'
'tur_kurus_20_1',1919,'none'
'tur_kurus_250_1',1861,'none'
'tur_kurus_250_1',1862,'none'
'tur_kurus_250_1',1863,'none'
'tur_kurus_250_1',1864,'none'
'tur_kurus_250_1',1865,'none'
'tur_kurus_250_1',1866,'none'
'tur_kurus_250_1',1867,'none'
'tur_kurus_250_1',1868,'none'
'tur_kurus_250_1',1869,'none'
'tur_kurus_250_1',1870,'none'
'tur_kurus_250_1',1871,'none'
'tur_kurus_250_1',1872,'none'
'tur_kurus_250_1',1873,'none'
'tur_kurus_250_1',1874,'none'
'tur_kurus_250_1',1875,'none'
'tur_kurus_250_1',1876,'none'
'tur_kurus_250_1',1877,'none'
'tur_kurus_250_1',1878,'none'
'tur_kurus_250_1',1879,'none'
'tur_kurus_250_1',1880,'none'
'tur_kurus_250_1',1881,'none'
'tur_kurus_250_1',1882,'none'
'tur_kurus_250_1',1883,'none'
'tur_kurus_250_1',1884,'none'
'tur_kurus_250_1',1885,'none'
'tur_kurus_250_1',1886,'none'
'tur_kurus_250_1',1887,'none'
'tur_kurus_250_1',1888,'none'
'tur_kurus_250_1',1889,'none'
'tur_kurus_250_1',1890,'none'
'tur_kurus_250_1',1891,'none'
'tur_kurus_250_1',1892,'none'
'tur_kurus_250_1',1893,'none'
'tur_kurus_250_1',1894,'none'
'tur_kurus_250_1',1895,'none'
'tur_kurus_250_1',1896,'none'
'tur_kurus_250_1',1897,'none'
'tur_kurus_250_1',1898,'none'
'tur_kurus_250_1',1899,'none'
'tur_kurus_250_1',1900,'none'
'tur_kurus_250_1',1901,'none'
'tur_kurus_250_1',1902,'none'
'tur_kurus_250_1',1903,'none'
'tur_kurus_250_1',1904,'none'
'tur_kurus_250_1',1905,'none'
'tur_kurus_250_1',1906,'none'
'tur_kurus_250_1',1907,'none'
'tur_kurus_250_1',1908,'none'
'tur_kurus_250_1',1909,'none'
'tur_kurus_250_1',1910,'none'
'tur_kurus_250_1',1911,'none'
'tur_kurus_250_1',1912,'none'
'tur_kurus_250_1',1913,'none'
'tur_kurus_250_1',1914,'none'
'tur_kurus_250_1',1915,'none'
'tur_kurus_250_1',1916,'none'
'tur_kurus_250_1',1917,'none'
'tur_kurus_250_1',1918,'none'
'tur_kurus_250_1',1919,'none'
'tur_kurus_250_1',1920,'none'
'tur_kurus_250_1',1921,'none'
'tur_kurus_250_1',1922,'none'
'tur_kurus_250_1',1923,'none'
'tur_kurus_250_1',1924,'none'
'tur_kurus_250_1',1925,'none'
'tur_kurus_250_1',1926,'none'
'tur_kurus_250_1',1927,'none'
'tur_kurus_250_1',1928,'none'
'tur_kurus_250_1',1929,'none'
'tur_kurus_250_1',1930,'none'
'tur_kurus_250_1',1931,'none'
'tur_kurus_250_1',1932,'none'
'tur_kurus_250_1',1933,'none'
'tur_kurus_250_1',1934,'none'
'tur_kurus_250_1',1935,'none'
'tur_kurus_250_1',1936,'none'
'tur_kurus_250_1',1937,'none'
'tur_kurus_250_1',1938,'none'
'tur_kurus_250_1',1939,'none'
'tur_kurus_250_1',1940,'none'
'tur_kurus_250_1',1941,'none'
'tur_kurus_250_1',1942,'none'
'tur_kurus_250_1',1943,'none'
'tur_kurus_250_1',1944,'none'
'tur_kurus_250_1',1945,'none'
'tur_kurus_250_1',1946,'none'
'tur_kurus_250_1',1947,'none'
'tur_kurus_250_1',1948,'none'
'tur_kurus_250_1',1949,'none'
'tur_kurus_250_1',1950,'none'
'tur_kurus_250_1',1951,'none'
'tur_kurus_250_1',1952,'none'
'tur_kurus_250_1',1953,'none'
'tur_kurus_250_1',1954,'none'
'tur_kurus_250_1',1955,'none'
'tur_kurus_250_1',1956,'none'
'tur_kurus_250_1',1957,'none'
'tur_kurus_250_1',1958,'none'
'tur_kurus_250_1',1959,'none'
'tur_kurus_250_1',1960,'none'
'tur_kurus_250_1',1961,'none'
'tur_kurus_250_1',1962,'none'
'tur_kurus_250_1',1963,'none'
'tur_kurus_250_1',1964,'none'
'tur_kurus_250_1',1965,'none'
'tur_kurus_250_1',1966,'none'
'tur_kurus_250_1',1967,'none'
'tur_kurus_250_1',1968,'none'
'tur_kurus_250_1',1969,'none'
'tur_kurus_250_1',1970,'none'
'tur_kurus_250_1',1971,'none'
'tur_kurus_250_1',1972,'none'
'tur_kurus_250_1',1973,'none'
'tur_kurus_250_1',1974,'none'
'tur_kurus_250_1',1975,'none'
'tur_kurus_250_1',1976,'none'
'tur_kurus_250_1',1977,'none'
'tur_kurus_250_1',1978,'none'
'tur_kurus_250_1',1979,'none'
'tur_kurus_250_1',1980,'none'
'tur_kurus_250_1',1981,'none'
'tur_kurus_250_1',1982,'none'
'tur_kurus_250_1',1983,'none'
'tur_kurus_250_1',1984,'none'
'tur_kurus_250_1',1985,'none'
'tur_kurus_250_1',1986,'none'
'tur_kurus_250_1',1987,'none'
'tur_kurus_250_1',1988,'none'
'tur_kurus_250_1',1989,'none'
'tur_kurus_250_1',1990,'none'
'tur_kurus_250_1',1991,'none'
'tur_kurus_250_1',1992,'none'
'tur_kurus_250_1',1993,'none'
'tur_kurus_25_1',1934,'none'
'tur_kurus_25_1',1935,'none'
'tur_kurus_25_1',1936,'none'
'tur_kurus_25_1',1937,'none'
'tur_kurus_25_1',1938,'none'
'tur_kurus_25_1',1939,'none'
'tur_kurus_25_1',1940,'none'
'tur_kurus_25_1',1941,'none'
'tur_kurus_25_2',1861,'none'
'tur_kurus_25_2',1862,'none'
'tur_kurus_25_2',1863,'none'
'tur_kurus_25_2',1864,'none'
'tur_kurus_25_2',1865,'none'
'tur_kurus_25_2',1866,'none'
'tur_kurus_25_2',1867,'none'
'tur_kurus_25_2',1868,'none'
'tur_kurus_25_2',1869,'none'
'tur_kurus_25_2',1870,'none'
'tur_kurus_25_2',1871,'none'
'tur_kurus_25_2',1872,'none'
'tur_kurus_25_2',1873,'none'
'tur_kurus_25_2',1874,'none'
'tur_kurus_25_2',1875,'none'
'tur_kurus_25_2',1876,'none'
'tur_kurus_25_2',1877,'none'
'tur_kurus_25_2',1878,'none'
'tur_kurus_25_2',1879,'none'
'tur_kurus_25_2',1880,'none'
'tur_kurus_25_2',1881,'none'
'tur_kurus_25_2',1882,'none'
'tur_kurus_25_2',1883,'none'
'tur_kurus_25_2',1884,'none'
'tur_kurus_25_2',1885,'none'
'tur_kurus_25_2',1886,'none'
'tur_kurus_25_2',1887,'none'
'tur_kurus_25_2',1888,'none'
'tur_kurus_25_2',1889,'none'
'tur_kurus_25_2',1890,'none'
'tur_kurus_25_2',1891,'none'
'tur_kurus_25_2',1892,'none'
'tur_kurus_25_2',1893,'none'
'tur_kurus_25_2',1894,'none'
'tur_kurus_25_2',1895,'none'
'tur_kurus_25_2',1896,'none'
'tur_kurus_25_2',1897,'none'
'tur_kurus_25_2',1898,'none'
'tur_kurus_25_2',1899,'none'
'tur_kurus_25_2',1900,'none'
'tur_kurus_25_2',1901,'none'
'tur_kurus_25_2',1902,'none'
'tur_kurus_25_2',1903,'none'
'tur_kurus_25_2',1904,'none'
'tur_kurus_25_2',1905,'none'
'tur_kurus_25_2',1906,'none'
'tur_kurus_25_2',1907,'none'
'tur_kurus_25_2',1908,'none'
'tur_kurus_25_2',1909,'none'
'tur_kurus_25_2',1910,'none'
'tur_kurus_25_2',1911,'none'
'tur_kurus_25_2',1912,'none'
'tur_kurus_25_2',1913,'none'
'tur_kurus_25_2',1914,'none'
'tur_kurus_25_2',1915,'none'
'tur_kurus_25_2',1916,'none'
'tur_kurus_25_2',1917,'none'
'tur_kurus_25_2',1918,'none'
'tur_kurus_25_2',1919,'none'
'tur_kurus_25_2',1920,'none'
'tur_kurus_25_2',1921,'none'
'tur_kurus_25_2',1922,'none'
'tur_kurus_25_2',1923,'none'
'tur_kurus_25_2',1924,'none'
'tur_kurus_25_2',1925,'none'
'tur_kurus_25_2',1926,'none'
'tur_kurus_25_2',1927,'none'
'tur_kurus_25_2',1928,'none'
'tur_kurus_25_2',1929,'none'
'tur_kurus_25_2',1930,'none'
'tur_kurus_25_2',1931,'none'
'tur_kurus_25_2',1932,'none'
'tur_kurus_25_2',1933,'none'
'tur_kurus_25_2',1934,'none'
'tur_kurus_25_2',1935,'none'
'tur_kurus_25_2',1936,'none'
'tur_kurus_25_2',1937,'none'
'tur_kurus_25_2',1938,'none'
'tur_kurus_25_2',1939,'none'
'tur_kurus_25_2',1940,'none'
'tur_kurus_25_2',1941,'none'
'tur_kurus_25_2',1942,'none'
'tur_kurus_25_2',1943,'none'
'tur_kurus_25_2',1944,'none'
'tur_kurus_25_2',1945,'none'
'tur_kurus_25_2',1946,'none'
'tur_kurus_25_2',1947,'none'
'tur_kurus_25_2',1948,'none'
'tur_kurus_25_2',1949,'none'
'tur_kurus_25_2',1950,'none'
'tur_kurus_25_2',1951,'none'
'tur_kurus_25_2',1952,'none'
'tur_kurus_25_2',1953,'none'
'tur_kurus_25_2',1954,'none'
'tur_kurus_25_2',1955,'none'
'tur_kurus_25_2',1956,'none'
'tur_kurus_25_2',1957,'none'
'tur_kurus_25_2',1958,'none'
'tur_kurus_25_2',1959,'none'
'tur_kurus_25_2',1960,'none'
'tur_kurus_25_2',1961,'none'
'tur_kurus_25_2',1962,'none'
'tur_kurus_25_2',1963,'none'
'tur_kurus_25_2',1964,'none'
'tur_kurus_25_2',1965,'none'
'tur_kurus_25_2',1966,'none'
'tur_kurus_25_2',1967,'none'
'tur_kurus_25_2',1968,'none'
'tur_kurus_25_2',1969,'none'
'tur_kurus_25_2',1970,'none'
'tur_kurus_25_2',1971,'none'
'tur_kurus_25_2',1972,'none'
'tur_kurus_25_2',1973,'none'
'tur_kurus_25_2',1974,'none'
'tur_kurus_25_2',1975,'none'
'tur_kurus_25_2',1976,'none'
'tur_kurus_25_2',1977,'none'
'tur_kurus_25_2',1978,'none'
'tur_kurus_25_2',1979,'none'
'tur_kurus_25_2',1980,'none'
'tur_kurus_25_2',1981,'none'
'tur_kurus_25_2',1982,'none'
'tur_kurus_25_2',1983,'none'
'tur_kurus_25_2',1984,'none'
'tur_kurus_25_2',1985,'none'
'tur_kurus_25_2',1986,'none'
'tur_kurus_25_2',1987,'none'
'tur_kurus_25_2',1988,'none'
'tur_kurus_25_2',1989,'none'
'tur_kurus_25_2',1990,'none'
'tur_kurus_25_2',1991,'none'
'tur_kurus_25_2',1992,'none'
'tur_kurus_25_2',1993,'none'
'tur_kurus_2_1',1844,'none'
'tur_kurus_2_1',1845,'none'
'tur_kurus_2_1',1846,'none'
'tur_kurus_2_1',1847,'none'
'tur_kurus_2_1',1848,'none'
'tur_kurus_2_1',1849,'none'
'tur_kurus_2_1',1850,'none'
'tur_kurus_2_1',1851,'none'
'tur_kurus_2_1',1852,'none'
'tur_kurus_2_1',1853,'none'
'tur_kurus_2_1',1854,'none'
'tur_kurus_2_1',1855,'none'
'tur_kurus_2_1',1856,'none'
'tur_kurus_2_1',1857,'none'
'tur_kurus_2_1',1858,'none'
'tur_kurus_2_1',1859,'none'
'tur_kurus_2_1',1860,'none'
'tur_kurus_2_1',1861,'none'
'tur_kurus_2_1',1862,'none'
'tur_kurus_2_1',1863,'none'
'tur_kurus_2_1',1864,'none'
'tur_kurus_2_1',1865,'none'
'tur_kurus_2_1',1866,'none'
'tur_kurus_2_1',1867,'none'
'tur_kurus_2_1',1868,'none'
'tur_kurus_2_1',1869,'none'
'tur_kurus_2_1',1870,'none'
'tur_kurus_2_1',1871,'none'
'tur_kurus_2_1',1872,'none'
'tur_kurus_2_1',1873,'none'
'tur_kurus_2_1',1874,'none'
'tur_kurus_2_1',1875,'none'
'tur_kurus_2_1',1876,'none'
'tur_kurus_2_1',1877,'none'
'tur_kurus_2_1',1878,'none'
'tur_kurus_2_1',1879,'none'
'tur_kurus_2_1',1880,'none'
'tur_kurus_2_1',1881,'none'
'tur_kurus_2_1',1882,'none'
'tur_kurus_2_1',1883,'none'
'tur_kurus_2_1',1884,'none'
'tur_kurus_2_1',1885,'none'
'tur_kurus_2_1',1886,'none'
'tur_kurus_2_1',1887,'none'
'tur_kurus_2_1',1888,'none'
'tur_kurus_2_1',1889,'none'
'tur_kurus_2_1',1890,'none'
'tur_kurus_2_1',1891,'none'
'tur_kurus_2_1',1892,'none'
'tur_kurus_2_1',1893,'none'
'tur_kurus_2_1',1894,'none'
'tur_kurus_2_1',1895,'none'
'tur_kurus_2_1',1896,'none'
'tur_kurus_2_1',1897,'none'
'tur_kurus_2_1',1898,'none'
'tur_kurus_2_1',1899,'none'
'tur_kurus_2_1',1900,'none'
'tur_kurus_2_1',1901,'none'
'tur_kurus_2_1',1902,'none'
'tur_kurus_2_1',1903,'none'
'tur_kurus_2_1',1904,'none'
'tur_kurus_2_1',1905,'none'
'tur_kurus_2_1',1906,'none'
'tur_kurus_2_1',1907,'none'
'tur_kurus_2_1',1908,'none'
'tur_kurus_2_1',1909,'none'
'tur_kurus_2_1',1910,'none'
'tur_kurus_2_1',1911,'none'
'tur_kurus_2_1',1912,'none'
'tur_kurus_2_1',1913,'none'
'tur_kurus_2_1',1914,'none'
'tur_kurus_2_1',1915,'none'
'tur_kurus_2_1',1916,'none'
'tur_kurus_2_1',1917,'none'
'tur_kurus_2_1',1918,'none'
'tur_kurus_2_1',1919,'none'
'tur_kurus_500_1',1861,'none'
'tur_kurus_500_1',1862,'none'
'tur_kurus_500_1',1863,'none'
'tur_kurus_500_1',1864,'none'
'tur_kurus_500_1',1865,'none'
'tur_kurus_500_1',1866,'none'
'tur_kurus_500_1',1867,'none'
'tur_kurus_500_1',1868,'none'
'tur_kurus_500_1',1869,'none'
'tur_kurus_500_1',1870,'none'
'tur_kurus_500_1',1871,'none'
'tur_kurus_500_1',1872,'none'
'tur_kurus_500_1',1873,'none'
'tur_kurus_500_1',1874,'none'
'tur_kurus_500_1',1875,'none'
'tur_kurus_500_1',1876,'none'
'tur_kurus_500_1',1877,'none'
'tur_kurus_500_1',1878,'none'
'tur_kurus_500_1',1879,'none'
'tur_kurus_500_1',1880,'none'
'tur_kurus_500_1',1881,'none'
'tur_kurus_500_1',1882,'none'
'tur_kurus_500_1',1883,'none'
'tur_kurus_500_1',1884,'none'
'tur_kurus_500_1',1885,'none'
'tur_kurus_500_1',1886,'none'
'tur_kurus_500_1',1887,'none'
'tur_kurus_500_1',1888,'none'
'tur_kurus_500_1',1889,'none'
'tur_kurus_500_1',1890,'none'
'tur_kurus_500_1',1891,'none'
'tur_kurus_500_1',1892,'none'
'tur_kurus_500_1',1893,'none'
'tur_kurus_500_1',1894,'none'
'tur_kurus_500_1',1895,'none'
'tur_kurus_500_1',1896,'none'
'tur_kurus_500_1',1897,'none'
'tur_kurus_500_1',1898,'none'
'tur_kurus_500_1',1899,'none'
'tur_kurus_500_1',1900,'none'
'tur_kurus_500_1',1901,'none'
'tur_kurus_500_1',1902,'none'
'tur_kurus_500_1',1903,'none'
'tur_kurus_500_1',1904,'none'
'tur_kurus_500_1',1905,'none'
'tur_kurus_500_1',1906,'none'
'tur_kurus_500_1',1907,'none'
'tur_kurus_500_1',1908,'none'
'tur_kurus_500_1',1909,'none'
'tur_kurus_500_1',1910,'none'
'tur_kurus_500_1',1911,'none'
'tur_kurus_500_1',1912,'none'
'tur_kurus_500_1',1913,'none'
'tur_kurus_500_1',1914,'none'
'tur_kurus_500_1',1915,'none'
'tur_kurus_500_1',1916,'none'
'tur_kurus_500_1',1917,'none'
'tur_kurus_500_1',1918,'none'
'tur_kurus_500_1',1919,'none'
'tur_kurus_500_1',1920,'none'
'tur_kurus_500_1',1921,'none'
'tur_kurus_500_1',1922,'none'
'tur_kurus_500_1',1923,'none'
'tur_kurus_500_1',1924,'none'
'tur_kurus_500_1',1925,'none'
'tur_kurus_500_1',1926,'none'
'tur_kurus_500_1',1927,'none'
'tur_kurus_500_1',1928,'none'
'tur_kurus_500_1',1929,'none'
'tur_kurus_500_1',1930,'none'
'tur_kurus_500_1',1931,'none'
'tur_kurus_500_1',1932,'none'
'tur_kurus_500_1',1933,'none'
'tur_kurus_500_1',1934,'none'
'tur_kurus_500_1',1935,'none'
'tur_kurus_500_1',1936,'none'
'tur_kurus_500_1',1937,'none'
'tur_kurus_500_1',1938,'none'
'tur_kurus_500_1',1939,'none'
'tur_kurus_500_1',1940,'none'
'tur_kurus_500_1',1941,'none'
'tur_kurus_500_1',1942,'none'
'tur_kurus_500_1',1943,'none'
'tur_kurus_500_1',1944,'none'
'tur_kurus_500_1',1945,'none'
'tur_kurus_500_1',1946,'none'
'tur_kurus_500_1',1947,'none'
'tur_kurus_500_1',1948,'none'
'tur_kurus_500_1',1949,'none'
'tur_kurus_500_1',1950,'none'
'tur_kurus_500_1',1951,'none'
'tur_kurus_500_1',1952,'none'
'tur_kurus_500_1',1953,'none'
'tur_kurus_500_1',1954,'none'
'tur_kurus_500_1',1955,'none'
'tur_kurus_500_1',1956,'none'
'tur_kurus_500_1',1957,'none'
'tur_kurus_500_1',1958,'none'
'tur_kurus_500_1',1959,'none'
'tur_kurus_500_1',1960,'none'
'tur_kurus_500_1',1961,'none'
'tur_kurus_500_1',1962,'none'
'tur_kurus_500_1',1963,'none'
'tur_kurus_500_1',1964,'none'
'tur_kurus_500_1',1965,'none'
'tur_kurus_500_1',1966,'none'
'tur_kurus_500_1',1967,'none'
'tur_kurus_500_1',1968,'none'
'tur_kurus_500_1',1969,'none'
'tur_kurus_500_1',1970,'none'
'tur_kurus_500_1',1971,'none'
'tur_kurus_500_1',1972,'none'
'tur_kurus_500_1',1973,'none'
'tur_kurus_500_1',1974,'none'
'tur_kurus_500_1',1975,'none'
'tur_kurus_500_1',1976,'none'
'tur_kurus_500_1',1977,'none'
'tur_kurus_500_1',1978,'none'
'tur_kurus_500_1',1979,'none'
'tur_kurus_500_1',1980,'none'
'tur_kurus_500_1',1981,'none'
'tur_kurus_500_1',1982,'none'
'tur_kurus_500_1',1983,'none'
'tur_kurus_500_1',1984,'none'
'tur_kurus_500_1',1985,'none'
'tur_kurus_500_1',1986,'none'
'tur_kurus_500_1',1987,'none'
'tur_kurus_500_1',1988,'none'
'tur_kurus_500_1',1989,'none'
'tur_kurus_500_1',1990,'none'
'tur_kurus_500_1',1991,'none'
'tur_kurus_500_1',1992,'none'
'tur_kurus_500_1',1993,'none'
'tur_kurus_50_1',1934,'none'
'tur_kurus_50_1',1935,'none'
'tur_kurus_50_1',1936,'none'
'tur_kurus_50_1',1937,'none'
'tur_kurus_50_1',1938,'none'
'tur_kurus_50_1',1939,'none'
'tur_kurus_50_1',1940,'none'
'tur_kurus_50_1',1941,'none'
'tur_kurus_50_2',1947,'none'
'tur_kurus_50_2',1948,'none'
'tur_kurus_50_3',1861,'none'
'tur_kurus_50_3',1862,'none'
'tur_kurus_50_3',1863,'none'
'tur_kurus_50_3',1864,'none'
'tur_kurus_50_3',1865,'none'
'tur_kurus_50_3',1866,'none'
'tur_kurus_50_3',1867,'none'
'tur_kurus_50_3',1868,'none'
'tur_kurus_50_3',1869,'none'
'tur_kurus_50_3',1870,'none'
'tur_kurus_50_3',1871,'none'
'tur_kurus_50_3',1872,'none'
'tur_kurus_50_3',1873,'none'
'tur_kurus_50_3',1874,'none'
'tur_kurus_50_3',1875,'none'
'tur_kurus_50_3',1876,'none'
'tur_kurus_50_3',1877,'none'
'tur_kurus_50_3',1878,'none'
'tur_kurus_50_3',1879,'none'
'tur_kurus_50_3',1880,'none'
'tur_kurus_50_3',1881,'none'
'tur_kurus_50_3',1882,'none'
'tur_kurus_50_3',1883,'none'
'tur_kurus_50_3',1884,'none'
'tur_kurus_50_3',1885,'none'
'tur_kurus_50_3',1886,'none'
'tur_kurus_50_3',1887,'none'
'tur_kurus_50_3',1888,'none'
'tur_kurus_50_3',1889,'none'
'tur_kurus_50_3',1890,'none'
'tur_kurus_50_3',1891,'none'
'tur_kurus_50_3',1892,'none'
'tur_kurus_50_3',1893,'none'
'tur_kurus_50_3',1894,'none'
'tur_kurus_50_3',1895,'none'
'tur_kurus_50_3',1896,'none'
'tur_kurus_50_3',1897,'none'
'tur_kurus_50_3',1898,'none'
'tur_kurus_50_3',1899,'none'
'tur_kurus_50_3',1900,'none'
'tur_kurus_50_3',1901,'none'
'tur_kurus_50_3',1902,'none'
'tur_kurus_50_3',1903,'none'
'tur_kurus_50_3',1904,'none'
'tur_kurus_50_3',1905,'none'
'tur_kurus_50_3',1906,'none'
'tur_kurus_50_3',1907,'none'
'tur_kurus_50_3',1908,'none'
'tur_kurus_50_3',1909,'none'
'tur_kurus_50_3',1910,'none'
'tur_kurus_50_3',1911,'none'
'tur_kurus_50_3',1912,'none'
'tur_kurus_50_3',1913,'none'
'tur_kurus_50_3',1914,'none'
'tur_kurus_50_3',1915,'none'
'tur_kurus_50_3',1916,'none'
'tur_kurus_50_3',1917,'none'
'tur_kurus_50_3',1918,'none'
'tur_kurus_50_3',1919,'none'
'tur_kurus_50_3',1920,'none'
'tur_kurus_50_3',1921,'none'
'tur_kurus_50_3',1922,'none'
'tur_kurus_50_3',1923,'none'
'tur_kurus_50_3',1924,'none'
'tur_kurus_50_3',1925,'none'
'tur_kurus_50_3',1926,'none'
'tur_kurus_50_3',1927,'none'
'tur_kurus_50_3',1928,'none'
'tur_kurus_50_3',1929,'none'
'tur_kurus_50_3',1930,'none'
'tur_kurus_50_3',1931,'none'
'tur_kurus_50_3',1932,'none'
'tur_kurus_50_3',1933,'none'
'tur_kurus_50_3',1934,'none'
'tur_kurus_50_3',1935,'none'
'tur_kurus_50_3',1936,'none'
'tur_kurus_50_3',1937,'none'
'tur_kurus_50_3',1938,'none'
'tur_kurus_50_3',1939,'none'
'tur_kurus_50_3',1940,'none'
'tur_kurus_50_3',1941,'none'
'tur_kurus_50_3',1942,'none'
'tur_kurus_50_3',1943,'none'
'tur_kurus_50_3',1944,'none'
'tur_kurus_50_3',1945,'none'
'tur_kurus_50_3',1946,'none'
'tur_kurus_50_3',1947,'none'
'tur_kurus_50_3',1948,'none'
'tur_kurus_50_3',1949,'none'
'tur_kurus_50_3',1950,'none'
'tur_kurus_50_3',1951,'none'
'tur_kurus_50_3',1952,'none'
'tur_kurus_50_3',1953,'none'
'tur_kurus_50_3',1954,'none'
'tur_kurus_50_3',1955,'none'
'tur_kurus_50_3',1956,'none'
'tur_kurus_50_3',1957,'none'
'tur_kurus_50_3',1958,'none'
'tur_kurus_50_3',1959,'none'
'tur_kurus_50_3',1960,'none'
'tur_kurus_50_3',1961,'none'
'tur_kurus_50_3',1962,'none'
'tur_kurus_50_3',1963,'none'
'tur_kurus_50_3',1964,'none'
'tur_kurus_50_3',1965,'none'
'tur_kurus_50_3',1966,'none'
'tur_kurus_50_3',1967,'none'
'tur_kurus_50_3',1968,'none'
'tur_kurus_50_3',1969,'none'
'tur_kurus_50_3',1970,'none'
'tur_kurus_50_3',1971,'none'
'tur_kurus_50_3',1972,'none'
'tur_kurus_50_3',1973,'none'
'tur_kurus_50_3',1974,'none'
'tur_kurus_50_3',1975,'none'
'tur_kurus_50_3',1976,'none'
'tur_kurus_50_3',1977,'none'
'tur_kurus_50_3',1978,'none'
'tur_kurus_50_3',1979,'none'
'tur_kurus_50_3',1980,'none'
'tur_kurus_50_3',1981,'none'
'tur_kurus_50_3',1982,'none'
'tur_kurus_50_3',1983,'none'
'tur_kurus_50_3',1984,'none'
'tur_kurus_50_3',1985,'none'
'tur_kurus_50_3',1986,'none'
'tur_kurus_50_3',1987,'none'
'tur_kurus_50_3',1988,'none'
'tur_kurus_50_3',1989,'none'
'tur_kurus_50_3',1990,'none'
'tur_kurus_50_3',1991,'none'
'tur_kurus_50_3',1992,'none'
'tur_kurus_50_3',1993,'none'
'tur_kurus_5_1',1844,'none'
'tur_kurus_5_1',1845,'none'
'tur_kurus_5_1',1846,'none'
'tur_kurus_5_1',1847,'none'
'tur_kurus_5_1',1848,'none'
'tur_kurus_5_1',1849,'none'
'tur_kurus_5_1',1850,'none'
'tur_kurus_5_1',1851,'none'
'tur_kurus_5_1',1852,'none'
'tur_kurus_5_1',1853,'none'
'tur_kurus_5_1',1854,'none'
'tur_kurus_5_1',1855,'none'
'tur_kurus_5_1',1856,'none'
'tur_kurus_5_1',1857,'none'
'tur_kurus_5_1',1858,'none'
'tur_kurus_5_1',1859,'none'
'tur_kurus_5_1',1860,'none'
'tur_kurus_5_1',1861,'none'
'tur_kurus_5_1',1862,'none'
'tur_kurus_5_1',1863,'none'
'tur_kurus_5_1',1864,'none'
'tur_kurus_5_1',1865,'none'
'tur_kurus_5_1',1866,'none'
'tur_kurus_5_1',1867,'none'
'tur_kurus_5_1',1868,'none'
'tur_kurus_5_1',1869,'none'
'tur_kurus_5_1',1870,'none'
'tur_kurus_5_1',1871,'none'
'tur_kurus_5_1',1872,'none'
'tur_kurus_5_1',1873,'none'
'tur_kurus_5_1',1874,'none'
'tur_kurus_5_1',1875,'none'
'tur_kurus_5_1',1876,'none'
'tur_kurus_5_1',1877,'none'
'tur_kurus_5_1',1878,'none'
'tur_kurus_5_1',1879,'none'
'tur_kurus_5_1',1880,'none'
'tur_kurus_5_1',1881,'none'
'tur_kurus_5_1',1882,'none'
'tur_kurus_5_1',1883,'none'
'tur_kurus_5_1',1884,'none'
'tur_kurus_5_1',1885,'none'
'tur_kurus_5_1',1886,'none'
'tur_kurus_5_1',1887,'none'
'tur_kurus_5_1',1888,'none'
'tur_kurus_5_1',1889,'none'
'tur_kurus_5_1',1890,'none'
'tur_kurus_5_1',1891,'none'
'tur_kurus_5_1',1892,'none'
'tur_kurus_5_1',1893,'none'
'tur_kurus_5_1',1894,'none'
'tur_kurus_5_1',1895,'none'
'tur_kurus_5_1',1896,'none'
'tur_kurus_5_1',1897,'none'
'tur_kurus_5_1',1898,'none'
'tur_kurus_5_1',1899,'none'
'tur_kurus_5_1',1900,'none'
'tur_kurus_5_1',1901,'none'
'tur_kurus_5_1',1902,'none'
'tur_kurus_5_1',1903,'none'
'tur_kurus_5_1',1904,'none'
'tur_kurus_5_1',1905,'none'
'tur_kurus_5_1',1906,'none'
'tur_kurus_5_1',1907,'none'
'tur_kurus_5_1',1908,'none'
'tur_kurus_5_1',1909,'none'
'tur_kurus_5_1',1910,'none'
'tur_kurus_5_1',1911,'none'
'tur_kurus_5_1',1912,'none'
'tur_kurus_5_1',1913,'none'
'tur_kurus_5_1',1914,'none'
'tur_kurus_5_1',1915,'none'
'tur_kurus_5_1',1916,'none'
'tur_kurus_5_1',1917,'none'
'tur_kurus_5_1',1918,'none'
'tur_kurus_5_1',1919,'none'
'tur_lira_1_1',1947,'none'
'tur_lira_1_1',1948,'none'
'tur_para_10_1',1899,'none'
'tur_para_10_1',1900,'none'
'tur_para_10_1',1901,'none'
'tur_para_10_1',1902,'none'
'tur_para_10_1',1903,'none'
'tur_para_10_1',1904,'none'
'tur_para_20_1',1844,'none'
'tur_para_20_1',1845,'none'
'tur_para_20_1',1846,'none'
'tur_para_20_1',1847,'none'
'tur_para_20_1',1848,'none'
'tur_para_20_1',1849,'none'
'tur_para_20_1',1850,'none'
'tur_para_20_1',1851,'none'
'tur_para_20_1',1852,'none'
'tur_para_20_1',1853,'none'
'tur_para_20_1',1854,'none'
'tur_para_20_1',1855,'none'
'tur_para_20_1',1856,'none'
'tur_para_20_1',1857,'none'
'tur_para_20_1',1858,'none'
'tur_para_20_1',1859,'none'
'tur_para_20_1',1860,'none'
'tur_para_20_1',1861,'none'
'tur_para_20_1',1862,'none'
'tur_para_20_1',1863,'none'
'tur_para_20_1',1864,'none'
'tur_para_20_1',1865,'none'
'tur_para_20_1',1866,'none'
'tur_para_20_1',1867,'none'
'tur_para_20_1',1868,'none'
'tur_para_20_1',1869,'none'
'tur_para_20_1',1870,'none'
'tur_para_20_1',1871,'none'
'tur_para_20_1',1872,'none'
'tur_para_20_1',1873,'none'
'tur_para_20_1',1874,'none'
'tur_para_20_1',1875,'none'
'tur_para_20_1',1876,'none'
'tur_para_20_1',1877,'none'
'tur_para_20_1',1878,'none'
'tur_para_20_1',1879,'none'
'tur_para_20_1',1880,'none'
'tur_para_20_1',1881,'none'
'tur_para_20_1',1882,'none'
'tur_para_20_1',1883,'none'
'tur_para_20_1',1884,'none'
'tur_para_20_1',1885,'none'
'tur_para_20_1',1886,'none'
'tur_para_20_1',1887,'none'
'tur_para_20_1',1888,'none'
'tur_para_20_1',1889,'none'
'tur_para_20_1',1890,'none'
'tur_para_20_1',1891,'none'
'tur_para_20_1',1892,'none'
'tur_para_20_1',1893,'none'
'tur_para_20_1',1894,'none'
'tur_para_20_1',1895,'none'
'tur_para_20_1',1896,'none'
'tur_para_20_1',1897,'none'
'tur_para_20_1',1898,'none'
'tur_para_20_1',1899,'none'
'tur_para_20_1',1900,'none'
'tur_para_20_1',1901,'none'
'tur_para_20_1',1902,'none'
'tur_para_20_1',1903,'none'
'tur_para_20_1',1904,'none'
'tur_para_20_1',1905,'none'
'tur_para_20_1',1906,'none'
'tur_para_20_1',1907,'none'
'tur_para_20_1',1908,'none'
'tur_para_20_1',1909,'none'
'tur_para_20_1',1910,'none'
'tur_para_20_1',1911,'none'
'tur_para_20_1',1912,'none'
'tur_para_20_1',1913,'none'
'tur_para_20_1',1914,'none'
'tur_para_20_1',1915,'none'
'tur_para_20_1',1916,'none'
'tur_para_20_1',1917,'none'
'tur_para_20_1',1918,'none'
'tur_para_20_1',1919,'none'
'tur_para_5_1',1899,'none'
'tur_para_5_1',1900,'none'
'tur_para_5_1',1901,'none'
'tur_para_5_1',1902,'none'
'tur_para_5_1',1903,'none'
'tur_para_5_1',1904,'none'
'uar_ghirsh_10_1',1959,'none'
'uar_ghirsh_10_1',1960,'none'
'uar_ghirsh_10_2',1964,'none'
'uar_ghirsh_25_1',1959,'none'
'uar_ghirsh_25_1',1960,'none'
'uar_ghirsh_25_2',1964,'none'
'uar_ghirsh_25_3',1958,'none'
'uar_ghirsh_25_3',1959,'none'
'uar_ghirsh_50_1',1964,'none'
'uar_ghirsh_50_2',1958,'none'
'uar_ghirsh_50_2',1959,'none'
'uar_ghirsh_5_1',1959,'none'
'uar_ghirsh_5_1',1960,'none'
'uar_ghirsh_5_2',1964,'none'
'uar_pound_10_1',1964,'none'
'uar_pound_1_1',1958,'none'
'uar_pound_1_1',1959,'none'
'uar_pound_1_1',1960,'none'
'uar_pound_5_1',1958,'none'
'uar_pound_5_1',1959,'none'
'uar_pound_5_1',1960,'none'
'uar_pound_5_2',1964,'none'
'uar_pound_fractional_1_2_1',1958,'none'
'uar_pound_fractional_1_2_1',1959,'none'
'uar_pound_fractional_1_2_1',1960,'none'
'ury_centesimo_10_1',1877,'none'
'ury_centesimo_10_1',1878,'none'
'ury_centesimo_10_1',1879,'none'
'ury_centesimo_10_1',1880,'none'
'ury_centesimo_10_1',1881,'none'
'ury_centesimo_10_1',1882,'none'
'ury_centesimo_10_1',1883,'none'
'ury_centesimo_10_1',1884,'none'
'ury_centesimo_10_1',1885,'none'
'ury_centesimo_10_1',1886,'none'
'ury_centesimo_10_1',1887,'none'
'ury_centesimo_10_1',1888,'none'
'ury_centesimo_10_1',1889,'none'
'ury_centesimo_10_1',1890,'none'
'ury_centesimo_10_1',1891,'none'
'ury_centesimo_10_1',1892,'none'
'ury_centesimo_10_1',1893,'none'
'ury_centesimo_10_1',1894,'none'
'ury_centesimo_10_1',1895,'none'
'ury_centesimo_10_1',1896,'none'
'ury_centesimo_10_1',1897,'none'
'ury_centesimo_10_1',1898,'none'
'ury_centesimo_10_1',1899,'none'
'ury_centesimo_10_1',1900,'none'
'ury_centesimo_10_1',1901,'none'
'ury_centesimo_10_1',1902,'none'
'ury_centesimo_10_1',1903,'none'
'ury_centesimo_10_1',1904,'none'
'ury_centesimo_10_1',1905,'none'
'ury_centesimo_10_1',1906,'none'
'ury_centesimo_10_1',1907,'none'
'ury_centesimo_10_1',1908,'none'
'ury_centesimo_10_1',1909,'none'
'ury_centesimo_10_1',1910,'none'
'ury_centesimo_10_1',1911,'none'
'ury_centesimo_10_1',1912,'none'
'ury_centesimo_10_1',1913,'none'
'ury_centesimo_10_1',1914,'none'
'ury_centesimo_10_1',1915,'none'
'ury_centesimo_10_1',1916,'none'
'ury_centesimo_10_1',1917,'none'
'ury_centesimo_20_1',1877,'none'
'ury_centesimo_20_1',1878,'none'
'ury_centesimo_20_1',1879,'none'
'ury_centesimo_20_1',1880,'none'
'ury_centesimo_20_1',1881,'none'
'ury_centesimo_20_1',1882,'none'
'ury_centesimo_20_1',1883,'none'
'ury_centesimo_20_1',1884,'none'
'ury_centesimo_20_1',1885,'none'
'ury_centesimo_20_1',1886,'none'
'ury_centesimo_20_1',1887,'none'
'ury_centesimo_20_1',1888,'none'
'ury_centesimo_20_1',1889,'none'
'ury_centesimo_20_1',1890,'none'
'ury_centesimo_20_1',1891,'none'
'ury_centesimo_20_1',1892,'none'
'ury_centesimo_20_1',1893,'none'
'ury_centesimo_20_1',1894,'none'
'ury_centesimo_20_1',1895,'none'
'ury_centesimo_20_1',1896,'none'
'ury_centesimo_20_1',1897,'none'
'ury_centesimo_20_1',1898,'none'
'ury_centesimo_20_1',1899,'none'
'ury_centesimo_20_1',1900,'none'
'ury_centesimo_20_1',1901,'none'
'ury_centesimo_20_1',1902,'none'
'ury_centesimo_20_1',1903,'none'
'ury_centesimo_20_1',1904,'none'
'ury_centesimo_20_1',1905,'none'
'ury_centesimo_20_1',1906,'none'
'ury_centesimo_20_1',1907,'none'
'ury_centesimo_20_1',1908,'none'
'ury_centesimo_20_1',1909,'none'
'ury_centesimo_20_1',1910,'none'
'ury_centesimo_20_1',1911,'none'
'ury_centesimo_20_1',1912,'none'
'ury_centesimo_20_1',1913,'none'
'ury_centesimo_20_1',1914,'none'
'ury_centesimo_20_1',1915,'none'
'ury_centesimo_20_1',1916,'none'
'ury_centesimo_20_1',1917,'none'
'ury_centesimo_20_2',1920,'none'
'ury_centesimo_20_2',1921,'none'
'ury_centesimo_20_2',1922,'none'
'ury_centesimo_20_2',1923,'none'
'ury_centesimo_20_2',1924,'none'
'ury_centesimo_20_2',1925,'none'
'ury_centesimo_20_2',1926,'none'
'ury_centesimo_20_2',1927,'none'
'ury_centesimo_20_2',1928,'none'
'ury_centesimo_20_2',1929,'none'
'ury_centesimo_20_2',1930,'none'
'ury_centesimo_20_3',1942,'none'
'ury_centesimo_20_3',1943,'none'
'ury_centesimo_20_3',1944,'none'
'ury_centesimo_20_3',1945,'none'
'ury_centesimo_20_3',1946,'none'
'ury_centesimo_20_3',1947,'none'
'ury_centesimo_20_3',1948,'none'
'ury_centesimo_20_3',1949,'none'
'ury_centesimo_20_3',1950,'none'
'ury_centesimo_20_3',1951,'none'
'ury_centesimo_20_3',1952,'none'
'ury_centesimo_20_3',1953,'none'
'ury_centesimo_20_3',1954,'none'
'ury_centesimo_50_1',1877,'none'
'ury_centesimo_50_1',1878,'none'
'ury_centesimo_50_1',1879,'none'
'ury_centesimo_50_1',1880,'none'
'ury_centesimo_50_1',1881,'none'
'ury_centesimo_50_1',1882,'none'
'ury_centesimo_50_1',1883,'none'
'ury_centesimo_50_1',1884,'none'
'ury_centesimo_50_1',1885,'none'
'ury_centesimo_50_1',1886,'none'
'ury_centesimo_50_1',1887,'none'
'ury_centesimo_50_1',1888,'none'
'ury_centesimo_50_1',1889,'none'
'ury_centesimo_50_1',1890,'none'
'ury_centesimo_50_1',1891,'none'
'ury_centesimo_50_1',1892,'none'
'ury_centesimo_50_1',1893,'none'
'ury_centesimo_50_1',1894,'none'
'ury_centesimo_50_1',1895,'none'
'ury_centesimo_50_1',1896,'none'
'ury_centesimo_50_1',1897,'none'
'ury_centesimo_50_1',1898,'none'
'ury_centesimo_50_1',1899,'none'
'ury_centesimo_50_1',1900,'none'
'ury_centesimo_50_1',1901,'none'
'ury_centesimo_50_1',1902,'none'
'ury_centesimo_50_1',1903,'none'
'ury_centesimo_50_1',1904,'none'
'ury_centesimo_50_1',1905,'none'
'ury_centesimo_50_1',1906,'none'
'ury_centesimo_50_1',1907,'none'
'ury_centesimo_50_1',1908,'none'
'ury_centesimo_50_1',1909,'none'
'ury_centesimo_50_1',1910,'none'
'ury_centesimo_50_1',1911,'none'
'ury_centesimo_50_1',1912,'none'
'ury_centesimo_50_1',1913,'none'
'ury_centesimo_50_1',1914,'none'
'ury_centesimo_50_1',1915,'none'
'ury_centesimo_50_1',1916,'none'
'ury_centesimo_50_1',1917,'none'
'ury_centesimo_50_2',1942,'none'
'ury_centesimo_50_2',1943,'none'
'ury_centesimo_50_2',1944,'none'
'ury_centesimo_50_2',1945,'none'
'ury_centesimo_50_2',1946,'none'
'ury_centesimo_50_2',1947,'none'
'ury_centesimo_50_2',1948,'none'
'ury_centesimo_50_2',1949,'none'
'ury_centesimo_50_2',1950,'none'
'ury_centesimo_50_2',1951,'none'
'ury_centesimo_50_2',1952,'none'
'ury_centesimo_50_2',1953,'none'
'ury_centesimo_50_2',1954,'none'
'ury_peso_10_1',1961,'none'
'ury_peso_1_1',1877,'none'
'ury_peso_1_1',1878,'none'
'ury_peso_1_1',1879,'none'
'ury_peso_1_1',1880,'none'
'ury_peso_1_1',1881,'none'
'ury_peso_1_1',1882,'none'
'ury_peso_1_1',1883,'none'
'ury_peso_1_1',1884,'none'
'ury_peso_1_1',1885,'none'
'ury_peso_1_1',1886,'none'
'ury_peso_1_1',1887,'none'
'ury_peso_1_1',1888,'none'
'ury_peso_1_1',1889,'none'
'ury_peso_1_1',1890,'none'
'ury_peso_1_1',1891,'none'
'ury_peso_1_1',1892,'none'
'ury_peso_1_1',1893,'none'
'ury_peso_1_1',1894,'none'
'ury_peso_1_1',1895,'none'
'ury_peso_1_1',1896,'none'
'ury_peso_1_1',1897,'none'
'ury_peso_1_1',1898,'none'
'ury_peso_1_1',1899,'none'
'ury_peso_1_1',1900,'none'
'ury_peso_1_1',1901,'none'
'ury_peso_1_1',1902,'none'
'ury_peso_1_1',1903,'none'
'ury_peso_1_1',1904,'none'
'ury_peso_1_1',1905,'none'
'ury_peso_1_1',1906,'none'
'ury_peso_1_1',1907,'none'
'ury_peso_1_1',1908,'none'
'ury_peso_1_1',1909,'none'
'ury_peso_1_1',1910,'none'
'ury_peso_1_1',1911,'none'
'ury_peso_1_1',1912,'none'
'ury_peso_1_1',1913,'none'
'ury_peso_1_1',1914,'none'
'ury_peso_1_1',1915,'none'
'ury_peso_1_1',1916,'none'
'ury_peso_1_1',1917,'none'
'ury_peso_1_2',1942,'none'
'ury_peso_1_2',1943,'none'
'ury_peso_1_2',1944,'none'
'ury_peso_1_2',1945,'none'
'ury_peso_1_2',1946,'none'
'ury_peso_1_2',1947,'none'
'ury_peso_1_2',1948,'none'
'ury_peso_1_2',1949,'none'
'ury_peso_1_2',1950,'none'
'ury_peso_1_2',1951,'none'
'ury_peso_1_2',1952,'none'
'ury_peso_1_2',1953,'none'
'ury_peso_1_2',1954,'none'
'ury_peso_5_1',1930,'none'
'usa_cent_10_1',1892,'none'
'usa_cent_10_1',1893,'none'
'usa_cent_10_1',1894,'none'
'usa_cent_10_1',1895,'none'
'usa_cent_10_1',1896,'none'
'usa_cent_10_1',1897,'none'
'usa_cent_10_1',1898,'none'
'usa_cent_10_1',1899,'none'
'usa_cent_10_1',1900,'none'
'usa_cent_10_1',1901,'none'
'usa_cent_10_1',1902,'none'
'usa_cent_10_1',1903,'none'
'usa_cent_10_1',1904,'none'
'usa_cent_10_1',1905,'none'
'usa_cent_10_1',1906,'none'
'usa_cent_10_1',1907,'none'
'usa_cent_10_1',1908,'none'
'usa_cent_10_1',1909,'none'
'usa_cent_10_1',1910,'none'
'usa_cent_10_1',1911,'none'
'usa_cent_10_1',1912,'none'
'usa_cent_10_1',1913,'none'
'usa_cent_10_1',1914,'none'
'usa_cent_10_1',1915,'none'
'usa_cent_10_1',1916,'none'
'usa_cent_10_2',1916,'none'
'usa_cent_10_2',1917,'none'
'usa_cent_10_2',1918,'none'
'usa_cent_10_2',1919,'none'
'usa_cent_10_2',1920,'none'
'usa_cent_10_2',1921,'none'
'usa_cent_10_2',1923,'none'
'usa_cent_10_2',1924,'none'
'usa_cent_10_2',1925,'none'
'usa_cent_10_2',1926,'none'
'usa_cent_10_2',1927,'none'
'usa_cent_10_2',1928,'none'
'usa_cent_10_2',1929,'none'
'usa_cent_10_2',1930,'none'
'usa_cent_10_2',1931,'none'
'usa_cent_10_2',1934,'none'
'usa_cent_10_2',1935,'none'
'usa_cent_10_2',1936,'none'
'usa_cent_10_2',1937,'none'
'usa_cent_10_2',1938,'none'
'usa_cent_10_2',1939,'none'
'usa_cent_10_2',1940,'none'
'usa_cent_10_2',1941,'none'
'usa_cent_10_2',1942,'none'
'usa_cent_10_2',1943,'none'
'usa_cent_10_2',1944,'none'
'usa_cent_10_2',1945,'none'
'usa_cent_10_3',1946,'none'
'usa_cent_10_3',1947,'none'
'usa_cent_10_3',1948,'none'
'usa_cent_10_3',1949,'none'
'usa_cent_10_3',1950,'none'
'usa_cent_10_3',1951,'none'
'usa_cent_10_3',1952,'none'
'usa_cent_10_3',1953,'none'
'usa_cent_10_3',1954,'none'
'usa_cent_10_3',1955,'none'
'usa_cent_10_3',1956,'none'
'usa_cent_10_3',1957,'none'
'usa_cent_10_3',1958,'none'
'usa_cent_10_3',1959,'none'
'usa_cent_10_3',1960,'none'
'usa_cent_10_3',1961,'none'
'usa_cent_10_3',1962,'none'
'usa_cent_10_3',1963,'none'
'usa_cent_10_3',1964,'none'
'usa_cent_25_1',1892,'none'
'usa_cent_25_1',1893,'none'
'usa_cent_25_1',1894,'none'
'usa_cent_25_1',1895,'none'
'usa_cent_25_1',1896,'none'
'usa_cent_25_1',1897,'none'
'usa_cent_25_1',1898,'none'
'usa_cent_25_1',1899,'none'
'usa_cent_25_1',1900,'none'
'usa_cent_25_1',1901,'none'
'usa_cent_25_1',1902,'none'
'usa_cent_25_1',1903,'none'
'usa_cent_25_1',1904,'none'
'usa_cent_25_1',1905,'none'
'usa_cent_25_1',1906,'none'
'usa_cent_25_1',1907,'none'
'usa_cent_25_1',1908,'none'
'usa_cent_25_1',1909,'none'
'usa_cent_25_1',1910,'none'
'usa_cent_25_1',1911,'none'
'usa_cent_25_1',1912,'none'
'usa_cent_25_1',1913,'none'
'usa_cent_25_1',1914,'none'
'usa_cent_25_1',1915,'none'
'usa_cent_25_1',1916,'none'
'usa_cent_25_2',1916,'none'
'usa_cent_25_2',1917,'none'
'usa_cent_25_2',1918,'none'
'usa_cent_25_2',1919,'none'
'usa_cent_25_2',1920,'none'
'usa_cent_25_2',1921,'none'
'usa_cent_25_2',1923,'none'
'usa_cent_25_2',1924,'none'
'usa_cent_25_2',1925,'none'
'usa_cent_25_2',1926,'none'
'usa_cent_25_2',1927,'none'
'usa_cent_25_2',1928,'none'
'usa_cent_25_2',1929,'none'
'usa_cent_25_2',1930,'none'
'usa_cent_25_3',1932,'none'
'usa_cent_25_3',1934,'none'
'usa_cent_25_3',1935,'none'
'usa_cent_25_3',1936,'none'
'usa_cent_25_3',1937,'none'
'usa_cent_25_3',1938,'none'
'usa_cent_25_3',1939,'none'
'usa_cent_25_3',1940,'none'
'usa_cent_25_3',1941,'none'
'usa_cent_25_3',1942,'none'
'usa_cent_25_3',1943,'none'
'usa_cent_25_3',1944,'none'
'usa_cent_25_3',1945,'none'
'usa_cent_25_3',1946,'none'
'usa_cent_25_3',1947,'none'
'usa_cent_25_3',1948,'none'
'usa_cent_25_3',1949,'none'
'usa_cent_25_3',1950,'none'
'usa_cent_25_3',1951,'none'
'usa_cent_25_3',1952,'none'
'usa_cent_25_3',1953,'none'
'usa_cent_25_3',1954,'none'
'usa_cent_25_3',1955,'none'
'usa_cent_25_3',1956,'none'
'usa_cent_25_3',1957,'none'
'usa_cent_25_3',1958,'none'
'usa_cent_25_3',1959,'none'
'usa_cent_25_3',1960,'none'
'usa_cent_25_3',1961,'none'
'usa_cent_25_3',1962,'none'
'usa_cent_25_3',1963,'none'
'usa_cent_25_3',1964,'none'
'usa_cent_50_1',1916,'none'
'usa_cent_50_1',1917,'none'
'usa_cent_50_1',1918,'none'
'usa_cent_50_1',1919,'none'
'usa_cent_50_1',1920,'none'
'usa_cent_50_1',1921,'none'
'usa_cent_50_1',1923,'none'
'usa_cent_50_1',1927,'none'
'usa_cent_50_1',1928,'none'
'usa_cent_50_1',1929,'none'
'usa_cent_50_1',1933,'none'
'usa_cent_50_1',1934,'none'
'usa_cent_50_1',1935,'none'
'usa_cent_50_1',1936,'none'
'usa_cent_50_1',1937,'none'
'usa_cent_50_1',1938,'none'
'usa_cent_50_1',1939,'none'
'usa_cent_50_1',1940,'none'
'usa_cent_50_1',1941,'none'
'usa_cent_50_1',1942,'none'
'usa_cent_50_1',1943,'none'
'usa_cent_50_1',1944,'none'
'usa_cent_50_1',1945,'none'
'usa_cent_50_1',1946,'none'
'usa_cent_50_1',1947,'none'
'usa_cent_50_2',1948,'none'
'usa_cent_50_2',1949,'none'
'usa_cent_50_2',1950,'none'
'usa_cent_50_2',1951,'none'
'usa_cent_50_2',1952,'none'
'usa_cent_50_2',1953,'none'
'usa_cent_50_2',1954,'none'
'usa_cent_50_2',1955,'none'
'usa_cent_50_2',1956,'none'
'usa_cent_50_2',1957,'none'
'usa_cent_50_2',1958,'none'
'usa_cent_50_2',1959,'none'
'usa_cent_50_2',1960,'none'
'usa_cent_50_2',1961,'none'
'usa_cent_50_2',1962,'none'
'usa_cent_50_2',1963,'none'
'usa_cent_50_3',1964,'none'
'usa_cent_50_4',1965,'none'
'usa_cent_50_4',1966,'none'
'usa_cent_50_4',1967,'none'
'usa_cent_50_4',1968,'none'
'usa_cent_50_4',1969,'none'
'usa_cent_50_4',1970,'none'
'usa_cent_50_5',1892,'none'
'usa_cent_50_5',1893,'none'
'usa_cent_50_5',1894,'none'
'usa_cent_50_5',1895,'none'
'usa_cent_50_5',1896,'none'
'usa_cent_50_5',1897,'none'
'usa_cent_50_5',1898,'none'
'usa_cent_50_5',1899,'none'
'usa_cent_50_5',1900,'none'
'usa_cent_50_5',1901,'none'
'usa_cent_50_5',1902,'none'
'usa_cent_50_5',1903,'none'
'usa_cent_50_5',1904,'none'
'usa_cent_50_5',1905,'none'
'usa_cent_50_5',1906,'none'
'usa_cent_50_5',1907,'none'
'usa_cent_50_5',1908,'none'
'usa_cent_50_5',1909,'none'
'usa_cent_50_5',1910,'none'
'usa_cent_50_5',1911,'none'
'usa_cent_50_5',1912,'none'
'usa_cent_50_5',1913,'none'
'usa_cent_50_5',1914,'none'
'usa_cent_50_5',1915,'none'
'usa_dollar_1_1',1878,'none'
'usa_dollar_1_1',1879,'none'
'usa_dollar_1_1',1880,'none'
'usa_dollar_1_1',1881,'none'
'usa_dollar_1_1',1882,'none'
'usa_dollar_1_1',1883,'none'
'usa_dollar_1_1',1884,'none'
'usa_dollar_1_1',1885,'none'
'usa_dollar_1_1',1886,'none'
'usa_dollar_1_1',1887,'none'
'usa_dollar_1_1',1888,'none'
'usa_dollar_1_1',1889,'none'
'usa_dollar_1_1',1890,'none'
'usa_dollar_1_1',1891,'none'
'usa_dollar_1_1',1892,'none'
'usa_dollar_1_1',1893,'none'
'usa_dollar_1_1',1894,'none'
'usa_dollar_1_1',1895,'none'
'usa_dollar_1_1',1896,'none'
'usa_dollar_1_1',1897,'none'
'usa_dollar_1_1',1898,'none'
'usa_dollar_1_1',1899,'none'
'usa_dollar_1_1',1900,'none'
'usa_dollar_1_1',1901,'none'
'usa_dollar_1_1',1902,'none'
'usa_dollar_1_1',1903,'none'
'usa_dollar_1_1',1904,'none'
'usa_dollar_1_1',1921,'none'
'usa_dollar_1_2',1921,'none'
'usa_dollar_1_2',1922,'none'
'usa_dollar_1_2',1923,'none'
'usa_dollar_1_2',1924,'none'
'usa_dollar_1_2',1925,'none'
'usa_dollar_1_2',1926,'none'
'usa_dollar_1_2',1927,'none'
'usa_dollar_1_2',1928,'none'
'usa_dollar_1_2',1934,'none'
'usa_dollar_1_2',1935,'none'
'ven_bolivar_100_1',1879,'none'
'ven_bolivar_100_1',1880,'none'
'ven_bolivar_100_1',1881,'none'
'ven_bolivar_100_1',1882,'none'
'ven_bolivar_100_1',1883,'none'
'ven_bolivar_100_1',1884,'none'
'ven_bolivar_100_1',1885,'none'
'ven_bolivar_100_1',1886,'none'
'ven_bolivar_100_1',1887,'none'
'ven_bolivar_100_1',1888,'none'
'ven_bolivar_100_1',1889,'none'
'ven_bolivar_100_1',1890,'none'
'ven_bolivar_100_1',1891,'none'
'ven_bolivar_100_1',1892,'none'
'ven_bolivar_100_1',1893,'none'
'ven_bolivar_100_1',1894,'none'
'ven_bolivar_100_1',1895,'none'
'ven_bolivar_100_1',1896,'none'
'ven_bolivar_100_1',1897,'none'
'ven_bolivar_100_1',1898,'none'
'ven_bolivar_100_1',1899,'none'
'ven_bolivar_100_1',1900,'none'
'ven_bolivar_100_1',1901,'none'
'ven_bolivar_100_1',1902,'none'
'ven_bolivar_100_1',1903,'none'
'ven_bolivar_100_1',1904,'none'
'ven_bolivar_100_1',1905,'none'
'ven_bolivar_100_1',1906,'none'
'ven_bolivar_100_1',1907,'none'
'ven_bolivar_100_1',1908,'none'
'ven_bolivar_100_1',1909,'none'
'ven_bolivar_100_1',1910,'none'
'ven_bolivar_100_1',1911,'none'
'ven_bolivar_100_1',1912,'none'
'ven_bolivar_100_1',1913,'none'
'ven_bolivar_100_1',1914,'none'
'ven_bolivar_100_1',1915,'none'
'ven_bolivar_100_1',1916,'none'
'ven_bolivar_100_1',1917,'none'
'ven_bolivar_100_1',1918,'none'
'ven_bolivar_100_1',1919,'none'
'ven_bolivar_100_1',1920,'none'
'ven_bolivar_100_1',1921,'none'
'ven_bolivar_100_1',1922,'none'
'ven_bolivar_100_1',1923,'none'
'ven_bolivar_100_1',1924,'none'
'ven_bolivar_100_1',1925,'none'
'ven_bolivar_100_1',1926,'none'
'ven_bolivar_100_1',1927,'none'
'ven_bolivar_100_1',1928,'none'
'ven_bolivar_100_1',1929,'none'
'ven_bolivar_100_1',1930,'none'
'ven_bolivar_10_1',1879,'none'
'ven_bolivar_10_1',1880,'none'
'ven_bolivar_10_1',1881,'none'
'ven_bolivar_10_1',1882,'none'
'ven_bolivar_10_1',1883,'none'
'ven_bolivar_10_1',1884,'none'
'ven_bolivar_10_1',1885,'none'
'ven_bolivar_10_1',1886,'none'
'ven_bolivar_10_1',1887,'none'
'ven_bolivar_10_1',1888,'none'
'ven_bolivar_10_1',1889,'none'
'ven_bolivar_10_1',1890,'none'
'ven_bolivar_10_1',1891,'none'
'ven_bolivar_10_1',1892,'none'
'ven_bolivar_10_1',1893,'none'
'ven_bolivar_10_1',1894,'none'
'ven_bolivar_10_1',1895,'none'
'ven_bolivar_10_1',1896,'none'
'ven_bolivar_10_1',1897,'none'
'ven_bolivar_10_1',1898,'none'
'ven_bolivar_10_1',1899,'none'
'ven_bolivar_10_1',1900,'none'
'ven_bolivar_10_1',1901,'none'
'ven_bolivar_10_1',1902,'none'
'ven_bolivar_10_1',1903,'none'
'ven_bolivar_10_1',1904,'none'
'ven_bolivar_10_1',1905,'none'
'ven_bolivar_10_1',1906,'none'
'ven_bolivar_10_1',1907,'none'
'ven_bolivar_10_1',1908,'none'
'ven_bolivar_10_1',1909,'none'
'ven_bolivar_10_1',1910,'none'
'ven_bolivar_10_1',1911,'none'
'ven_bolivar_10_1',1912,'none'
'ven_bolivar_10_1',1913,'none'
'ven_bolivar_10_1',1914,'none'
'ven_bolivar_10_1',1915,'none'
'ven_bolivar_10_1',1916,'none'
'ven_bolivar_10_1',1917,'none'
'ven_bolivar_10_1',1918,'none'
'ven_bolivar_10_1',1919,'none'
'ven_bolivar_10_1',1920,'none'
'ven_bolivar_10_1',1921,'none'
'ven_bolivar_10_1',1922,'none'
'ven_bolivar_10_1',1923,'none'
'ven_bolivar_10_1',1924,'none'
'ven_bolivar_10_1',1925,'none'
'ven_bolivar_10_1',1926,'none'
'ven_bolivar_10_1',1927,'none'
'ven_bolivar_10_1',1928,'none'
'ven_bolivar_10_1',1929,'none'
'ven_bolivar_10_1',1930,'none'
'ven_bolivar_1_1',1873,'none'
'ven_bolivar_1_1',1874,'none'
'ven_bolivar_1_1',1875,'none'
'ven_bolivar_1_1',1876,'none'
'ven_bolivar_1_1',1877,'none'
'ven_bolivar_1_1',1878,'none'
'ven_bolivar_1_1',1879,'none'
'ven_bolivar_1_1',1880,'none'
'ven_bolivar_1_1',1881,'none'
'ven_bolivar_1_1',1882,'none'
'ven_bolivar_1_1',1883,'none'
'ven_bolivar_1_1',1884,'none'
'ven_bolivar_1_1',1885,'none'
'ven_bolivar_1_1',1886,'none'
'ven_bolivar_1_1',1887,'none'
'ven_bolivar_1_1',1888,'none'
'ven_bolivar_1_1',1889,'none'
'ven_bolivar_1_1',1890,'none'
'ven_bolivar_1_1',1891,'none'
'ven_bolivar_1_1',1892,'none'
'ven_bolivar_1_1',1893,'none'
'ven_bolivar_1_1',1894,'none'
'ven_bolivar_1_1',1895,'none'
'ven_bolivar_1_1',1896,'none'
'ven_bolivar_1_1',1897,'none'
'ven_bolivar_1_1',1898,'none'
'ven_bolivar_1_1',1899,'none'
'ven_bolivar_1_1',1900,'none'
'ven_bolivar_1_1',1901,'none'
'ven_bolivar_1_1',1902,'none'
'ven_bolivar_1_1',1903,'none'
'ven_bolivar_1_1',1904,'none'
'ven_bolivar_1_1',1905,'none'
'ven_bolivar_1_1',1906,'none'
'ven_bolivar_1_1',1907,'none'
'ven_bolivar_1_1',1908,'none'
'ven_bolivar_1_1',1909,'none'
'ven_bolivar_1_1',1910,'none'
'ven_bolivar_1_1',1911,'none'
'ven_bolivar_1_1',1912,'none'
'ven_bolivar_1_1',1913,'none'
'ven_bolivar_1_1',1914,'none'
'ven_bolivar_1_1',1915,'none'
'ven_bolivar_1_1',1916,'none'
'ven_bolivar_1_1',1917,'none'
'ven_bolivar_1_1',1918,'none'
'ven_bolivar_1_1',1919,'none'
'ven_bolivar_1_1',1920,'none'
'ven_bolivar_1_1',1921,'none'
'ven_bolivar_1_1',1922,'none'
'ven_bolivar_1_1',1923,'none'
'ven_bolivar_1_1',1924,'none'
'ven_bolivar_1_1',1925,'none'
'ven_bolivar_1_1',1926,'none'
'ven_bolivar_1_1',1927,'none'
'ven_bolivar_1_1',1928,'none'
'ven_bolivar_1_1',1929,'none'
'ven_bolivar_1_1',1930,'none'
'ven_bolivar_1_1',1931,'none'
'ven_bolivar_1_1',1932,'none'
'ven_bolivar_1_1',1933,'none'
'ven_bolivar_1_1',1934,'none'
'ven_bolivar_1_1',1935,'none'
'ven_bolivar_1_1',1936,'none'
'ven_bolivar_1_1',1937,'none'
'ven_bolivar_1_1',1938,'none'
'ven_bolivar_1_1',1939,'none'
'ven_bolivar_1_1',1940,'none'
'ven_bolivar_1_1',1941,'none'
'ven_bolivar_1_1',1942,'none'
'ven_bolivar_1_1',1943,'none'
'ven_bolivar_1_1',1944,'none'
'ven_bolivar_1_1',1945,'none'
'ven_bolivar_1_2',1954,'none'
'ven_bolivar_1_2',1955,'none'
'ven_bolivar_1_2',1956,'none'
'ven_bolivar_1_2',1957,'none'
'ven_bolivar_1_2',1958,'none'
'ven_bolivar_1_2',1959,'none'
'ven_bolivar_1_2',1960,'none'
'ven_bolivar_1_2',1961,'none'
'ven_bolivar_1_2',1962,'none'
'ven_bolivar_1_2',1963,'none'
'ven_bolivar_1_2',1964,'none'
'ven_bolivar_1_2',1965,'none'
'ven_bolivar_20_1',1879,'none'
'ven_bolivar_20_1',1880,'none'
'ven_bolivar_20_1',1881,'none'
'ven_bolivar_20_1',1882,'none'
'ven_bolivar_20_1',1883,'none'
'ven_bolivar_20_1',1884,'none'
'ven_bolivar_20_1',1885,'none'
'ven_bolivar_20_1',1886,'none'
'ven_bolivar_20_1',1887,'none'
'ven_bolivar_20_1',1888,'none'
'ven_bolivar_20_1',1889,'none'
'ven_bolivar_20_1',1890,'none'
'ven_bolivar_20_1',1891,'none'
'ven_bolivar_20_1',1892,'none'
'ven_bolivar_20_1',1893,'none'
'ven_bolivar_20_1',1894,'none'
'ven_bolivar_20_1',1895,'none'
'ven_bolivar_20_1',1896,'none'
'ven_bolivar_20_1',1897,'none'
'ven_bolivar_20_1',1898,'none'
'ven_bolivar_20_1',1899,'none'
'ven_bolivar_20_1',1900,'none'
'ven_bolivar_20_1',1901,'none'
'ven_bolivar_20_1',1902,'none'
'ven_bolivar_20_1',1903,'none'
'ven_bolivar_20_1',1904,'none'
'ven_bolivar_20_1',1905,'none'
'ven_bolivar_20_1',1906,'none'
'ven_bolivar_20_1',1907,'none'
'ven_bolivar_20_1',1908,'none'
'ven_bolivar_20_1',1909,'none'
'ven_bolivar_20_1',1910,'none'
'ven_bolivar_20_1',1911,'none'
'ven_bolivar_20_1',1912,'none'
'ven_bolivar_20_1',1913,'none'
'ven_bolivar_20_1',1914,'none'
'ven_bolivar_20_1',1915,'none'
'ven_bolivar_20_1',1916,'none'
'ven_bolivar_20_1',1917,'none'
'ven_bolivar_20_1',1918,'none'
'ven_bolivar_20_1',1919,'none'
'ven_bolivar_20_1',1920,'none'
'ven_bolivar_20_1',1921,'none'
'ven_bolivar_20_1',1922,'none'
'ven_bolivar_20_1',1923,'none'
'ven_bolivar_20_1',1924,'none'
'ven_bolivar_20_1',1925,'none'
'ven_bolivar_20_1',1926,'none'
'ven_bolivar_20_1',1927,'none'
'ven_bolivar_20_1',1928,'none'
'ven_bolivar_20_1',1929,'none'
'ven_bolivar_20_1',1930,'none'
'ven_bolivar_2_1',1873,'none'
'ven_bolivar_2_1',1874,'none'
'ven_bolivar_2_1',1875,'none'
'ven_bolivar_2_1',1876,'none'
'ven_bolivar_2_1',1877,'none'
'ven_bolivar_2_1',1878,'none'
'ven_bolivar_2_1',1879,'none'
'ven_bolivar_2_1',1880,'none'
'ven_bolivar_2_1',1881,'none'
'ven_bolivar_2_1',1882,'none'
'ven_bolivar_2_1',1883,'none'
'ven_bolivar_2_1',1884,'none'
'ven_bolivar_2_1',1885,'none'
'ven_bolivar_2_1',1886,'none'
'ven_bolivar_2_1',1887,'none'
'ven_bolivar_2_1',1888,'none'
'ven_bolivar_2_1',1889,'none'
'ven_bolivar_2_1',1890,'none'
'ven_bolivar_2_1',1891,'none'
'ven_bolivar_2_1',1892,'none'
'ven_bolivar_2_1',1893,'none'
'ven_bolivar_2_1',1894,'none'
'ven_bolivar_2_1',1895,'none'
'ven_bolivar_2_1',1896,'none'
'ven_bolivar_2_1',1897,'none'
'ven_bolivar_2_1',1898,'none'
'ven_bolivar_2_1',1899,'none'
'ven_bolivar_2_1',1900,'none'
'ven_bolivar_2_1',1901,'none'
'ven_bolivar_2_1',1902,'none'
'ven_bolivar_2_1',1903,'none'
'ven_bolivar_2_1',1904,'none'
'ven_bolivar_2_1',1905,'none'
'ven_bolivar_2_1',1906,'none'
'ven_bolivar_2_1',1907,'none'
'ven_bolivar_2_1',1908,'none'
'ven_bolivar_2_1',1909,'none'
'ven_bolivar_2_1',1910,'none'
'ven_bolivar_2_1',1911,'none'
'ven_bolivar_2_1',1912,'none'
'ven_bolivar_2_1',1913,'none'
'ven_bolivar_2_1',1914,'none'
'ven_bolivar_2_1',1915,'none'
'ven_bolivar_2_1',1916,'none'
'ven_bolivar_2_1',1917,'none'
'ven_bolivar_2_1',1918,'none'
'ven_bolivar_2_1',1919,'none'
'ven_bolivar_2_1',1920,'none'
'ven_bolivar_2_1',1921,'none'
'ven_bolivar_2_1',1922,'none'
'ven_bolivar_2_1',1923,'none'
'ven_bolivar_2_1',1924,'none'
'ven_bolivar_2_1',1925,'none'
'ven_bolivar_2_1',1926,'none'
'ven_bolivar_2_1',1927,'none'
'ven_bolivar_2_1',1928,'none'
'ven_bolivar_2_1',1929,'none'
'ven_bolivar_2_1',1930,'none'
'ven_bolivar_2_1',1931,'none'
'ven_bolivar_2_1',1932,'none'
'ven_bolivar_2_1',1933,'none'
'ven_bolivar_2_1',1934,'none'
'ven_bolivar_2_1',1935,'none'
'ven_bolivar_2_1',1936,'none'
'ven_bolivar_2_1',1937,'none'
'ven_bolivar_2_1',1938,'none'
'ven_bolivar_2_1',1939,'none'
'ven_bolivar_2_1',1940,'none'
'ven_bolivar_2_1',1941,'none'
'ven_bolivar_2_1',1942,'none'
'ven_bolivar_2_1',1943,'none'
'ven_bolivar_2_1',1944,'none'
'ven_bolivar_2_1',1945,'none'
'ven_bolivar_2_2',1954,'none'
'ven_bolivar_2_2',1955,'none'
'ven_bolivar_2_2',1956,'none'
'ven_bolivar_2_2',1957,'none'
'ven_bolivar_2_2',1958,'none'
'ven_bolivar_2_2',1959,'none'
'ven_bolivar_2_2',1960,'none'
'ven_bolivar_2_2',1961,'none'
'ven_bolivar_2_2',1962,'none'
'ven_bolivar_2_2',1963,'none'
'ven_bolivar_2_2',1964,'none'
'ven_bolivar_2_2',1965,'none'
'ven_bolivar_5_1',1873,'none'
'ven_bolivar_5_1',1874,'none'
'ven_bolivar_5_1',1875,'none'
'ven_bolivar_5_1',1876,'none'
'ven_bolivar_5_1',1877,'none'
'ven_bolivar_5_1',1878,'none'
'ven_bolivar_5_1',1879,'none'
'ven_bolivar_5_1',1880,'none'
'ven_bolivar_5_1',1881,'none'
'ven_bolivar_5_1',1882,'none'
'ven_bolivar_5_1',1883,'none'
'ven_bolivar_5_1',1884,'none'
'ven_bolivar_5_1',1885,'none'
'ven_bolivar_5_1',1886,'none'
'ven_bolivar_5_1',1887,'none'
'ven_bolivar_5_1',1888,'none'
'ven_bolivar_5_1',1889,'none'
'ven_bolivar_5_1',1890,'none'
'ven_bolivar_5_1',1891,'none'
'ven_bolivar_5_1',1892,'none'
'ven_bolivar_5_1',1893,'none'
'ven_bolivar_5_1',1894,'none'
'ven_bolivar_5_1',1895,'none'
'ven_bolivar_5_1',1896,'none'
'ven_bolivar_5_1',1897,'none'
'ven_bolivar_5_1',1898,'none'
'ven_bolivar_5_1',1899,'none'
'ven_bolivar_5_1',1900,'none'
'ven_bolivar_5_1',1901,'none'
'ven_bolivar_5_1',1902,'none'
'ven_bolivar_5_1',1903,'none'
'ven_bolivar_5_1',1904,'none'
'ven_bolivar_5_1',1905,'none'
'ven_bolivar_5_1',1906,'none'
'ven_bolivar_5_1',1907,'none'
'ven_bolivar_5_1',1908,'none'
'ven_bolivar_5_1',1909,'none'
'ven_bolivar_5_1',1910,'none'
'ven_bolivar_5_1',1911,'none'
'ven_bolivar_5_1',1912,'none'
'ven_bolivar_5_1',1913,'none'
'ven_bolivar_5_1',1914,'none'
'ven_bolivar_5_1',1915,'none'
'ven_bolivar_5_1',1916,'none'
'ven_bolivar_5_1',1917,'none'
'ven_bolivar_5_1',1918,'none'
'ven_bolivar_5_1',1919,'none'
'ven_bolivar_5_1',1920,'none'
'ven_bolivar_5_1',1921,'none'
'ven_bolivar_5_1',1922,'none'
'ven_bolivar_5_1',1923,'none'
'ven_bolivar_5_1',1924,'none'
'ven_bolivar_5_1',1925,'none'
'ven_bolivar_5_1',1926,'none'
'ven_bolivar_5_1',1927,'none'
'ven_bolivar_5_1',1928,'none'
'ven_bolivar_5_1',1929,'none'
'ven_bolivar_5_1',1930,'none'
'ven_bolivar_5_1',1931,'none'
'ven_bolivar_5_1',1932,'none'
'ven_bolivar_5_1',1933,'none'
'ven_bolivar_5_1',1934,'none'
'ven_bolivar_5_1',1935,'none'
'ven_bolivar_5_1',1936,'none'
'ven_bolivar_5_1',1937,'none'
'ven_bolivar_5_1',1938,'none'
'ven_bolivar_5_1',1939,'none'
'ven_bolivar_5_1',1940,'none'
'ven_bolivar_5_1',1941,'none'
'ven_bolivar_5_1',1942,'none'
'ven_bolivar_5_1',1943,'none'
'ven_bolivar_5_1',1944,'none'
'ven_bolivar_5_1',1945,'none'
'ven_bolivar_fractional_1_2_1',1873,'none'
'ven_bolivar_fractional_1_2_1',1874,'none'
'ven_bolivar_fractional_1_2_1',1875,'none'
'ven_bolivar_fractional_1_2_1',1876,'none'
'ven_bolivar_fractional_1_2_1',1877,'none'
'ven_bolivar_fractional_1_2_1',1878,'none'
'ven_bolivar_fractional_1_2_1',1879,'none'
'ven_bolivar_fractional_1_2_1',1880,'none'
'ven_bolivar_fractional_1_2_1',1881,'none'
'ven_bolivar_fractional_1_2_1',1882,'none'
'ven_bolivar_fractional_1_2_1',1883,'none'
'ven_bolivar_fractional_1_2_1',1884,'none'
'ven_bolivar_fractional_1_2_1',1885,'none'
'ven_bolivar_fractional_1_2_1',1886,'none'
'ven_bolivar_fractional_1_2_1',1887,'none'
'ven_bolivar_fractional_1_2_1',1888,'none'
'ven_bolivar_fractional_1_2_1',1889,'none'
'ven_bolivar_fractional_1_2_1',1890,'none'
'ven_bolivar_fractional_1_2_1',1891,'none'
'ven_bolivar_fractional_1_2_1',1892,'none'
'ven_bolivar_fractional_1_2_1',1893,'none'
'ven_bolivar_fractional_1_2_1',1894,'none'
'ven_bolivar_fractional_1_2_1',1895,'none'
'ven_bolivar_fractional_1_2_1',1896,'none'
'ven_bolivar_fractional_1_2_1',1897,'none'
'ven_bolivar_fractional_1_2_1',1898,'none'
'ven_bolivar_fractional_1_2_1',1899,'none'
'ven_bolivar_fractional_1_2_1',1900,'none'
'ven_bolivar_fractional_1_2_1',1901,'none'
'ven_bolivar_fractional_1_2_1',1902,'none'
'ven_bolivar_fractional_1_2_1',1903,'none'
'ven_bolivar_fractional_1_2_1',1904,'none'
'ven_bolivar_fractional_1_2_1',1905,'none'
'ven_bolivar_fractional_1_2_1',1906,'none'
'ven_bolivar_fractional_1_2_1',1907,'none'
'ven_bolivar_fractional_1_2_1',1908,'none'
'ven_bolivar_fractional_1_2_1',1909,'none'
'ven_bolivar_fractional_1_2_1',1910,'none'
'ven_bolivar_fractional_1_2_1',1911,'none'
'ven_bolivar_fractional_1_2_1',1912,'none'
'ven_bolivar_fractional_1_2_1',1913,'none'
'ven_bolivar_fractional_1_2_1',1914,'none'
'ven_bolivar_fractional_1_2_1',1915,'none'
'ven_bolivar_fractional_1_2_1',1916,'none'
'ven_bolivar_fractional_1_2_1',1917,'none'
'ven_bolivar_fractional_1_2_1',1918,'none'
'ven_bolivar_fractional_1_2_1',1919,'none'
'ven_bolivar_fractional_1_2_1',1920,'none'
'ven_bolivar_fractional_1_2_1',1921,'none'
'ven_bolivar_fractional_1_2_1',1922,'none'
'ven_bolivar_fractional_1_2_1',1923,'none'
'ven_bolivar_fractional_1_2_1',1924,'none'
'ven_bolivar_fractional_1_2_1',1925,'none'
'ven_bolivar_fractional_1_2_1',1926,'none'
'ven_bolivar_fractional_1_2_1',1927,'none'
'ven_bolivar_fractional_1_2_1',1928,'none'
'ven_bolivar_fractional_1_2_1',1929,'none'
'ven_bolivar_fractional_1_2_1',1930,'none'
'ven_bolivar_fractional_1_2_1',1931,'none'
'ven_bolivar_fractional_1_2_1',1932,'none'
'ven_bolivar_fractional_1_2_1',1933,'none'
'ven_bolivar_fractional_1_2_1',1934,'none'
'ven_bolivar_fractional_1_2_1',1935,'none'
'ven_bolivar_fractional_1_2_1',1936,'none'
'ven_bolivar_fractional_1_2_1',1937,'none'
'ven_bolivar_fractional_1_2_1',1938,'none'
'ven_bolivar_fractional_1_2_1',1939,'none'
'ven_bolivar_fractional_1_2_1',1940,'none'
'ven_bolivar_fractional_1_2_1',1941,'none'
'ven_bolivar_fractional_1_2_1',1942,'none'
'ven_bolivar_fractional_1_2_1',1943,'none'
'ven_bolivar_fractional_1_2_1',1944,'none'
'ven_bolivar_fractional_1_2_1',1945,'none'
'ven_bolivar_fractional_1_4_1',1873,'none'
'ven_bolivar_fractional_1_4_1',1874,'none'
'ven_bolivar_fractional_1_4_1',1875,'none'
'ven_bolivar_fractional_1_4_1',1876,'none'
'ven_bolivar_fractional_1_4_1',1877,'none'
'ven_bolivar_fractional_1_4_1',1878,'none'
'ven_bolivar_fractional_1_4_1',1879,'none'
'ven_bolivar_fractional_1_4_1',1880,'none'
'ven_bolivar_fractional_1_4_1',1881,'none'
'ven_bolivar_fractional_1_4_1',1882,'none'
'ven_bolivar_fractional_1_4_1',1883,'none'
'ven_bolivar_fractional_1_4_1',1884,'none'
'ven_bolivar_fractional_1_4_1',1885,'none'
'ven_bolivar_fractional_1_4_1',1886,'none'
'ven_bolivar_fractional_1_4_1',1887,'none'
'ven_bolivar_fractional_1_4_1',1888,'none'
'ven_bolivar_fractional_1_4_1',1889,'none'
'ven_bolivar_fractional_1_4_1',1890,'none'
'ven_bolivar_fractional_1_4_1',1891,'none'
'ven_bolivar_fractional_1_4_1',1892,'none'
'ven_bolivar_fractional_1_4_1',1893,'none'
'ven_bolivar_fractional_1_4_1',1894,'none'
'ven_bolivar_fractional_1_4_1',1895,'none'
'ven_bolivar_fractional_1_4_1',1896,'none'
'ven_bolivar_fractional_1_4_1',1897,'none'
'ven_bolivar_fractional_1_4_1',1898,'none'
'ven_bolivar_fractional_1_4_1',1899,'none'
'ven_bolivar_fractional_1_4_1',1900,'none'
'ven_bolivar_fractional_1_4_1',1901,'none'
'ven_bolivar_fractional_1_4_1',1902,'none'
'ven_bolivar_fractional_1_4_1',1903,'none'
'ven_bolivar_fractional_1_4_1',1904,'none'
'ven_bolivar_fractional_1_4_1',1905,'none'
'ven_bolivar_fractional_1_4_1',1906,'none'
'ven_bolivar_fractional_1_4_1',1907,'none'
'ven_bolivar_fractional_1_4_1',1908,'none'
'ven_bolivar_fractional_1_4_1',1909,'none'
'ven_bolivar_fractional_1_4_1',1910,'none'
'ven_bolivar_fractional_1_4_1',1911,'none'
'ven_bolivar_fractional_1_4_1',1912,'none'
'ven_bolivar_fractional_1_4_1',1913,'none'
'ven_bolivar_fractional_1_4_1',1914,'none'
'ven_bolivar_fractional_1_4_1',1915,'none'
'ven_bolivar_fractional_1_4_1',1916,'none'
'ven_bolivar_fractional_1_4_1',1917,'none'
'ven_bolivar_fractional_1_4_1',1918,'none'
'ven_bolivar_fractional_1_4_1',1919,'none'
'ven_bolivar_fractional_1_4_1',1920,'none'
'ven_bolivar_fractional_1_4_1',1921,'none'
'ven_bolivar_fractional_1_4_1',1922,'none'
'ven_bolivar_fractional_1_4_1',1923,'none'
'ven_bolivar_fractional_1_4_1',1924,'none'
'ven_bolivar_fractional_1_4_1',1925,'none'
'ven_bolivar_fractional_1_4_1',1926,'none'
'ven_bolivar_fractional_1_4_1',1927,'none'
'ven_bolivar_fractional_1_4_1',1928,'none'
'ven_bolivar_fractional_1_4_1',1929,'none'
'ven_bolivar_fractional_1_4_1',1930,'none'
'ven_bolivar_fractional_1_4_1',1931,'none'
'ven_bolivar_fractional_1_4_1',1932,'none'
'ven_bolivar_fractional_1_4_1',1933,'none'
'ven_bolivar_fractional_1_4_1',1934,'none'
'ven_bolivar_fractional_1_4_1',1935,'none'
'ven_bolivar_fractional_1_4_1',1936,'none'
'ven_bolivar_fractional_1_4_1',1937,'none'
'ven_bolivar_fractional_1_4_1',1938,'none'
'ven_bolivar_fractional_1_4_1',1939,'none'
'ven_bolivar_fractional_1_4_1',1940,'none'
'ven_bolivar_fractional_1_4_1',1941,'none'
'ven_bolivar_fractional_1_4_1',1942,'none'
'ven_bolivar_fractional_1_4_1',1943,'none'
'ven_bolivar_fractional_1_4_1',1944,'none'
'ven_bolivar_fractional_1_4_1',1945,'none'
'ven_bolivar_fractional_1_5_1',1873,'none'
'ven_bolivar_fractional_1_5_1',1874,'none'
'ven_bolivar_fractional_1_5_1',1875,'none'
'ven_bolivar_fractional_1_5_1',1876,'none'
'ven_bolivar_fractional_1_5_1',1877,'none'
'ven_bolivar_fractional_1_5_1',1878,'none'
'ven_bolivar_fractional_1_5_1',1879,'none'
'ven_bolivar_fractional_1_5_1',1880,'none'
'ven_bolivar_fractional_1_5_1',1881,'none'
'ven_bolivar_fractional_1_5_1',1882,'none'
'ven_bolivar_fractional_1_5_1',1883,'none'
'ven_bolivar_fractional_1_5_1',1884,'none'
'ven_bolivar_fractional_1_5_1',1885,'none'
'ven_bolivar_fractional_1_5_1',1886,'none'
'ven_bolivar_fractional_1_5_1',1887,'none'
'ven_bolivar_fractional_1_5_1',1888,'none'
'ven_bolivar_fractional_1_5_1',1889,'none'
'ven_bolivar_fractional_1_5_1',1890,'none'
'ven_bolivar_fractional_1_5_1',1891,'none'
'ven_bolivar_fractional_1_5_1',1892,'none'
'ven_bolivar_fractional_1_5_1',1893,'none'
'ven_bolivar_fractional_1_5_1',1894,'none'
'ven_bolivar_fractional_1_5_1',1895,'none'
'ven_bolivar_fractional_1_5_1',1896,'none'
'ven_bolivar_fractional_1_5_1',1897,'none'
'ven_bolivar_fractional_1_5_1',1898,'none'
'ven_bolivar_fractional_1_5_1',1899,'none'
'ven_bolivar_fractional_1_5_1',1900,'none'
'ven_bolivar_fractional_1_5_1',1901,'none'
'ven_bolivar_fractional_1_5_1',1902,'none'
'ven_bolivar_fractional_1_5_1',1903,'none'
'ven_bolivar_fractional_1_5_1',1904,'none'
'ven_bolivar_fractional_1_5_1',1905,'none'
'ven_bolivar_fractional_1_5_1',1906,'none'
'ven_bolivar_fractional_1_5_1',1907,'none'
'ven_bolivar_fractional_1_5_1',1908,'none'
'ven_bolivar_fractional_1_5_1',1909,'none'
'ven_bolivar_fractional_1_5_1',1910,'none'
'ven_bolivar_fractional_1_5_1',1911,'none'
'ven_bolivar_fractional_1_5_1',1912,'none'
'ven_bolivar_fractional_1_5_1',1913,'none'
'ven_bolivar_fractional_1_5_1',1914,'none'
'ven_bolivar_fractional_1_5_1',1915,'none'
'ven_bolivar_fractional_1_5_1',1916,'none'
'ven_bolivar_fractional_1_5_1',1917,'none'
'ven_bolivar_fractional_1_5_1',1918,'none'
'ven_bolivar_fractional_1_5_1',1919,'none'
'ven_bolivar_fractional_1_5_1',1920,'none'
'ven_bolivar_fractional_1_5_1',1921,'none'
'ven_bolivar_fractional_1_5_1',1922,'none'
'ven_bolivar_fractional_1_5_1',1923,'none'
'ven_bolivar_fractional_1_5_1',1924,'none'
'ven_bolivar_fractional_1_5_1',1925,'none'
'ven_bolivar_fractional_1_5_1',1926,'none'
'ven_bolivar_fractional_1_5_1',1927,'none'
'ven_bolivar_fractional_1_5_1',1928,'none'
'ven_bolivar_fractional_1_5_1',1929,'none'
'ven_bolivar_fractional_1_5_1',1930,'none'
'ven_bolivar_fractional_1_5_1',1931,'none'
'ven_bolivar_fractional_1_5_1',1932,'none'
'ven_bolivar_fractional_1_5_1',1933,'none'
'ven_bolivar_fractional_1_5_1',1934,'none'
'ven_bolivar_fractional_1_5_1',1935,'none'
'ven_bolivar_fractional_1_5_1',1936,'none'
'ven_bolivar_fractional_1_5_1',1937,'none'
'ven_bolivar_fractional_1_5_1',1938,'none'
'ven_bolivar_fractional_1_5_1',1939,'none'
'ven_bolivar_fractional_1_5_1',1940,'none'
'ven_bolivar_fractional_1_5_1',1941,'none'
'ven_bolivar_fractional_1_5_1',1942,'none'
'ven_bolivar_fractional_1_5_1',1943,'none'
'ven_bolivar_fractional_1_5_1',1944,'none'
'ven_bolivar_fractional_1_5_1',1945,'none'
'ven_centavo_50_1',1873,'none'
'ven_centavo_50_1',1874,'none'
'ven_centavo_50_1',1875,'none'
'ven_centavo_50_1',1876,'none'
'ven_centavo_50_1',1877,'none'
'ven_centavo_50_1',1878,'none'
'ven_centavo_50_1',1879,'none'
'ven_centavo_50_1',1880,'none'
'ven_centavo_50_1',1881,'none'
'ven_centavo_50_1',1882,'none'
'ven_centavo_50_1',1883,'none'
'ven_centavo_50_1',1884,'none'
'ven_centavo_50_1',1885,'none'
'ven_centavo_50_1',1886,'none'
'ven_centavo_50_1',1887,'none'
'ven_centavo_50_1',1888,'none'
'ven_centavo_50_1',1889,'none'
'ven_centavo_50_1',1890,'none'
'ven_centavo_50_1',1891,'none'
'ven_centavo_50_1',1892,'none'
'ven_centavo_50_1',1893,'none'
'ven_centavo_50_1',1894,'none'
'ven_centavo_50_1',1895,'none'
'ven_centavo_50_1',1896,'none'
'ven_centavo_50_1',1897,'none'
'ven_centavo_50_1',1898,'none'
'ven_centavo_50_1',1899,'none'
'ven_centavo_50_1',1900,'none'
'ven_centavo_50_1',1901,'none'
'ven_centavo_50_1',1902,'none'
'ven_centavo_50_1',1903,'none'
'ven_centavo_50_1',1904,'none'
'ven_centavo_50_1',1905,'none'
'ven_centavo_50_1',1906,'none'
'ven_centavo_50_1',1907,'none'
'ven_centavo_50_1',1908,'none'
'ven_centavo_50_1',1909,'none'
'ven_centavo_50_1',1910,'none'
'ven_centavo_50_1',1911,'none'
'ven_centavo_50_1',1912,'none'
'ven_centavo_50_1',1913,'none'
'ven_centavo_50_1',1914,'none'
'ven_centavo_50_1',1915,'none'
'ven_centavo_50_1',1916,'none'
'ven_centavo_50_1',1917,'none'
'ven_centavo_50_1',1918,'none'
'ven_centavo_50_1',1919,'none'
'ven_centavo_50_1',1920,'none'
'ven_centavo_50_1',1921,'none'
'ven_centavo_50_1',1922,'none'
'ven_centavo_50_1',1923,'none'
'ven_centavo_50_1',1924,'none'
'ven_centavo_50_1',1925,'none'
'ven_centavo_50_1',1926,'none'
'ven_centavo_50_1',1927,'none'
'ven_centavo_50_1',1928,'none'
'ven_centavo_50_1',1929,'none'
'ven_centavo_50_1',1930,'none'
'ven_centavo_50_1',1931,'none'
'ven_centavo_50_1',1932,'none'
'ven_centavo_50_1',1933,'none'
'ven_centavo_50_1',1934,'none'
'ven_centavo_50_1',1935,'none'
'ven_centavo_50_1',1936,'none'
'ven_centavo_50_1',1937,'none'
'ven_centavo_50_1',1938,'none'
'ven_centavo_50_1',1939,'none'
'ven_centavo_50_1',1940,'none'
'ven_centavo_50_1',1941,'none'
'ven_centavo_50_1',1942,'none'
'ven_centavo_50_1',1943,'none'
'ven_centavo_50_1',1944,'none'
'ven_centavo_50_1',1945,'none'
'ven_centimo_25_1',1954,'none'
'ven_centimo_25_1',1955,'none'
'ven_centimo_25_1',1956,'none'
'ven_centimo_25_1',1957,'none'
'ven_centimo_25_1',1958,'none'
'ven_centimo_25_1',1959,'none'
'ven_centimo_25_1',1960,'none'
'ven_centimo_25_1',1961,'none'
'ven_centimo_25_1',1962,'none'
'ven_centimo_25_1',1963,'none'
'ven_centimo_25_1',1964,'none'
'ven_centimo_50_1',1954,'none'
'ven_centimo_50_1',1955,'none'
'ven_centimo_50_1',1956,'none'
'ven_centimo_50_1',1957,'none'
'ven_centimo_50_1',1958,'none'
'ven_centimo_50_1',1959,'none'
'ven_centimo_50_1',1960,'none'
'ven_centimo_50_1',1961,'none'
'ven_centimo_50_1',1962,'none'
'ven_centimo_50_1',1963,'none'
'ven_centimo_50_1',1964,'none'
'ven_real_1_1',1858,'none'
'ven_real_2_1',1858,'none'
'ven_real_5_1',1858,'none'
'ven_real_fractional_1_2_1',1858,'none'
'ven_venezolano_5_1',1875,'none'
'zaf_cent_10_1',1961,'none'
'zaf_cent_10_1',1962,'none'
'zaf_cent_10_1',1963,'none'
'zaf_cent_10_1',1964,'none'
'zaf_cent_20_1',1961,'none'
'zaf_cent_20_1',1962,'none'
'zaf_cent_20_1',1963,'none'
'zaf_cent_20_1',1964,'none'
'zaf_cent_50_1',1961,'none'
'zaf_cent_50_1',1962,'none'
'zaf_cent_50_1',1963,'none'
'zaf_cent_50_1',1964,'none'
'zaf_cent_5_1',1961,'none'
'zaf_cent_5_1',1962,'none'
'zaf_cent_5_1',1963,'none'
'zaf_cent_5_1',1964,'none'
'zaf_cent_fractional_2_1_2_1',1961,'none'
'zaf_cent_fractional_2_1_2_1',1962,'none'
'zaf_cent_fractional_2_1_2_1',1963,'none'
'zaf_cent_fractional_2_1_2_1',1964,'none'
'zaf_florin_1_1',1923,'none'
'zaf_florin_1_1',1924,'none'
'zaf_florin_1_1',1925,'none'
'zaf_florin_1_1',1926,'none'
'zaf_florin_1_1',1927,'none'
'zaf_florin_1_1',1928,'none'
'zaf_florin_1_1',1929,'none'
'zaf_florin_1_1',1930,'none'
'zaf_florin_1_1',1931,'none'
'zaf_florin_1_1',1932,'none'
'zaf_florin_1_1',1933,'none'
'zaf_florin_1_1',1934,'none'
'zaf_florin_1_1',1935,'none'
'zaf_florin_1_1',1936,'none'
'zaf_florin_1_1',1937,'none'
'zaf_florin_1_1',1938,'none'
'zaf_florin_1_1',1939,'none'
'zaf_florin_1_1',1940,'none'
'zaf_florin_1_1',1941,'none'
'zaf_florin_1_1',1942,'none'
'zaf_florin_1_1',1943,'none'
'zaf_florin_1_1',1944,'none'
'zaf_florin_1_1',1945,'none'
'zaf_florin_1_1',1946,'none'
'zaf_florin_1_1',1947,'none'
'zaf_florin_1_1',1948,'none'
'zaf_florin_1_1',1949,'none'
'zaf_florin_1_1',1950,'none'
'zaf_florin_1_1',1951,'none'
'zaf_penny_3_1',1892,'none'
'zaf_penny_3_1',1893,'none'
'zaf_penny_3_1',1894,'none'
'zaf_penny_3_1',1895,'none'
'zaf_penny_3_1',1896,'none'
'zaf_penny_3_1',1897,'none'
'zaf_penny_3_2',1923,'none'
'zaf_penny_3_2',1924,'none'
'zaf_penny_3_2',1925,'none'
'zaf_penny_3_2',1926,'none'
'zaf_penny_3_2',1927,'none'
'zaf_penny_3_2',1928,'none'
'zaf_penny_3_2',1929,'none'
'zaf_penny_3_2',1930,'none'
'zaf_penny_3_2',1931,'none'
'zaf_penny_3_2',1932,'none'
'zaf_penny_3_2',1933,'none'
'zaf_penny_3_2',1934,'none'
'zaf_penny_3_2',1935,'none'
'zaf_penny_3_2',1936,'none'
'zaf_penny_3_2',1937,'none'
'zaf_penny_3_2',1938,'none'
'zaf_penny_3_2',1939,'none'
'zaf_penny_3_2',1940,'none'
'zaf_penny_3_2',1941,'none'
'zaf_penny_3_2',1942,'none'
'zaf_penny_3_2',1943,'none'
'zaf_penny_3_2',1944,'none'
'zaf_penny_3_2',1945,'none'
'zaf_penny_3_2',1946,'none'
'zaf_penny_3_2',1947,'none'
'zaf_penny_3_2',1948,'none'
'zaf_penny_3_2',1949,'none'
'zaf_penny_3_2',1950,'none'
'zaf_penny_3_2',1951,'none'
'zaf_penny_3_3',1951,'none'
'zaf_penny_3_3',1952,'none'
'zaf_penny_3_3',1953,'none'
'zaf_penny_3_3',1954,'none'
'zaf_penny_3_3',1955,'none'
'zaf_penny_3_3',1956,'none'
'zaf_penny_3_3',1957,'none'
'zaf_penny_3_3',1958,'none'
'zaf_penny_3_3',1959,'none'
'zaf_penny_3_3',1960,'none'
'zaf_penny_6_1',1892,'none'
'zaf_penny_6_1',1893,'none'
'zaf_penny_6_1',1894,'none'
'zaf_penny_6_1',1895,'none'
'zaf_penny_6_1',1896,'none'
'zaf_penny_6_1',1897,'none'
'zaf_penny_6_2',1923,'none'
'zaf_penny_6_2',1924,'none'
'zaf_penny_6_2',1925,'none'
'zaf_penny_6_2',1926,'none'
'zaf_penny_6_2',1927,'none'
'zaf_penny_6_2',1928,'none'
'zaf_penny_6_2',1929,'none'
'zaf_penny_6_2',1930,'none'
'zaf_penny_6_2',1931,'none'
'zaf_penny_6_2',1932,'none'
'zaf_penny_6_2',1933,'none'
'zaf_penny_6_2',1934,'none'
'zaf_penny_6_2',1935,'none'
'zaf_penny_6_2',1936,'none'
'zaf_penny_6_2',1937,'none'
'zaf_penny_6_2',1938,'none'
'zaf_penny_6_2',1939,'none'
'zaf_penny_6_2',1940,'none'
'zaf_penny_6_2',1941,'none'
'zaf_penny_6_2',1942,'none'
'zaf_penny_6_2',1943,'none'
'zaf_penny_6_2',1944,'none'
'zaf_penny_6_2',1945,'none'
'zaf_penny_6_2',1946,'none'
'zaf_penny_6_2',1947,'none'
'zaf_penny_6_2',1948,'none'
'zaf_penny_6_2',1949,'none'
'zaf_penny_6_2',1950,'none'
'zaf_penny_6_2',1951,'none'
'zaf_penny_6_3',1951,'none'
'zaf_penny_6_3',1952,'none'
'zaf_penny_6_3',1953,'none'
'zaf_penny_6_3',1954,'none'
'zaf_penny_6_3',1955,'none'
'zaf_penny_6_3',1956,'none'
'zaf_penny_6_3',1957,'none'
'zaf_penny_6_3',1958,'none'
'zaf_penny_6_3',1959,'none'
'zaf_penny_6_3',1960,'none'
'zaf_pond_1_1',1874,'none'
'zaf_pond_1_1',1875,'none'
'zaf_pond_1_1',1876,'none'
'zaf_pond_1_1',1877,'none'
'zaf_pond_1_1',1878,'none'
'zaf_pond_1_1',1879,'none'
'zaf_pond_1_1',1880,'none'
'zaf_pond_1_1',1881,'none'
'zaf_pond_1_1',1882,'none'
'zaf_pond_1_1',1883,'none'
'zaf_pond_1_1',1884,'none'
'zaf_pond_1_1',1885,'none'
'zaf_pond_1_1',1886,'none'
'zaf_pond_1_1',1887,'none'
'zaf_pond_1_1',1888,'none'
'zaf_pond_1_1',1889,'none'
'zaf_pond_1_1',1890,'none'
'zaf_pond_1_1',1891,'none'
'zaf_pond_1_1',1892,'none'
'zaf_pond_1_1',1893,'none'
'zaf_pond_1_1',1894,'none'
'zaf_pond_1_1',1895,'none'
'zaf_pond_1_1',1896,'none'
'zaf_pond_1_1',1897,'none'
'zaf_pond_1_1',1898,'none'
'zaf_pond_1_1',1899,'none'
'zaf_pond_1_1',1900,'none'
'zaf_pond_1_1',1901,'none'
'zaf_pond_1_1',1902,'none'
'zaf_pond_fractional_1_2_1',1874,'none'
'zaf_pond_fractional_1_2_1',1875,'none'
'zaf_pond_fractional_1_2_1',1876,'none'
'zaf_pond_fractional_1_2_1',1877,'none'
'zaf_pond_fractional_1_2_1',1878,'none'
'zaf_pond_fractional_1_2_1',1879,'none'
'zaf_pond_fractional_1_2_1',1880,'none'
'zaf_pond_fractional_1_2_1',1881,'none'
'zaf_pond_fractional_1_2_1',1882,'none'
'zaf_pond_fractional_1_2_1',1883,'none'
'zaf_pond_fractional_1_2_1',1884,'none'
'zaf_pond_fractional_1_2_1',1885,'none'
'zaf_pond_fractional_1_2_1',1886,'none'
'zaf_pond_fractional_1_2_1',1887,'none'
'zaf_pond_fractional_1_2_1',1888,'none'
'zaf_pond_fractional_1_2_1',1889,'none'
'zaf_pond_fractional_1_2_1',1890,'none'
'zaf_pond_fractional_1_2_1',1891,'none'
'zaf_pond_fractional_1_2_1',1892,'none'
'zaf_pond_fractional_1_2_1',1893,'none'
'zaf_pond_fractional_1_2_1',1894,'none'
'zaf_pond_fractional_1_2_1',1895,'none'
'zaf_pond_fractional_1_2_1',1896,'none'
'zaf_pond_fractional_1_2_1',1897,'none'
'zaf_pond_fractional_1_2_1',1898,'none'
'zaf_pond_fractional_1_2_1',1899,'none'
'zaf_pond_fractional_1_2_1',1900,'none'
'zaf_pond_fractional_1_2_1',1901,'none'
'zaf_pond_fractional_1_2_1',1902,'none'
'zaf_pound_1_1',1952,'none'
'zaf_pound_1_1',1953,'none'
'zaf_pound_1_1',1954,'none'
'zaf_pound_1_1',1955,'none'
'zaf_pound_1_1',1956,'none'
'zaf_pound_1_1',1957,'none'
'zaf_pound_1_1',1958,'none'
'zaf_pound_1_1',1959,'none'
'zaf_pound_1_1',1960,'none'
'zaf_pound_fractional_1_2_1',1952,'none'
'zaf_pound_fractional_1_2_1',1953,'none'
'zaf_pound_fractional_1_2_1',1954,'none'
'zaf_pound_fractional_1_2_1',1955,'none'
'zaf_pound_fractional_1_2_1',1956,'none'
'zaf_pound_fractional_1_2_1',1957,'none'
'zaf_pound_fractional_1_2_1',1958,'none'
'zaf_pound_fractional_1_2_1',1959,'none'
'zaf_pound_fractional_1_2_1',1960,'none'
'zaf_rand_1_1',1961,'none'
'zaf_rand_1_1',1962,'none'
'zaf_rand_1_1',1963,'none'
'zaf_rand_1_1',1964,'none'
'zaf_rand_2_1',1961,'none'
'zaf_rand_2_1',1962,'none'
'zaf_rand_2_1',1963,'none'
'zaf_rand_2_1',1964,'none'
'zaf_shilling_1_1',1892,'none'
'zaf_shilling_1_1',1893,'none'
'zaf_shilling_1_1',1894,'none'
'zaf_shilling_1_1',1895,'none'
'zaf_shilling_1_1',1896,'none'
'zaf_shilling_1_1',1897,'none'
'zaf_shilling_1_2',1923,'none'
'zaf_shilling_1_2',1924,'none'
'zaf_shilling_1_2',1925,'none'
'zaf_shilling_1_2',1926,'none'
'zaf_shilling_1_2',1927,'none'
'zaf_shilling_1_2',1928,'none'
'zaf_shilling_1_2',1929,'none'
'zaf_shilling_1_2',1930,'none'
'zaf_shilling_1_2',1931,'none'
'zaf_shilling_1_2',1932,'none'
'zaf_shilling_1_2',1933,'none'
'zaf_shilling_1_2',1934,'none'
'zaf_shilling_1_2',1935,'none'
'zaf_shilling_1_2',1936,'none'
'zaf_shilling_1_2',1937,'none'
'zaf_shilling_1_2',1938,'none'
'zaf_shilling_1_2',1939,'none'
'zaf_shilling_1_2',1940,'none'
'zaf_shilling_1_2',1941,'none'
'zaf_shilling_1_2',1942,'none'
'zaf_shilling_1_2',1943,'none'
'zaf_shilling_1_2',1944,'none'
'zaf_shilling_1_2',1945,'none'
'zaf_shilling_1_2',1946,'none'
'zaf_shilling_1_2',1947,'none'
'zaf_shilling_1_2',1948,'none'
'zaf_shilling_1_2',1949,'none'
'zaf_shilling_1_2',1950,'none'
'zaf_shilling_1_2',1951,'none'
'zaf_shilling_1_3',1951,'none'
'zaf_shilling_1_3',1952,'none'
'zaf_shilling_1_3',1953,'none'
'zaf_shilling_1_3',1954,'none'
'zaf_shilling_1_3',1955,'none'
'zaf_shilling_1_3',1956,'none'
'zaf_shilling_1_3',1957,'none'
'zaf_shilling_1_3',1958,'none'
'zaf_shilling_1_3',1959,'none'
'zaf_shilling_1_3',1960,'none'
'zaf_shilling_2_1',1892,'none'
'zaf_shilling_2_1',1893,'none'
'zaf_shilling_2_1',1894,'none'
'zaf_shilling_2_1',1895,'none'
'zaf_shilling_2_1',1896,'none'
'zaf_shilling_2_1',1897,'none'
'zaf_shilling_2_2',1951,'none'
'zaf_shilling_2_2',1952,'none'
'zaf_shilling_2_2',1953,'none'
'zaf_shilling_2_2',1954,'none'
'zaf_shilling_2_2',1955,'none'
'zaf_shilling_2_2',1956,'none'
'zaf_shilling_2_2',1957,'none'
'zaf_shilling_2_2',1958,'none'
'zaf_shilling_2_2',1959,'none'
'zaf_shilling_2_2',1960,'none'
'zaf_shilling_5_1',1892,'none'
'zaf_shilling_5_1',1893,'none'
'zaf_shilling_5_1',1894,'none'
'zaf_shilling_5_1',1895,'none'
'zaf_shilling_5_1',1896,'none'
'zaf_shilling_5_1',1897,'none'
'zaf_shilling_5_2',1923,'none'
'zaf_shilling_5_2',1924,'none'
'zaf_shilling_5_2',1925,'none'
'zaf_shilling_5_2',1926,'none'
'zaf_shilling_5_2',1927,'none'
'zaf_shilling_5_2',1928,'none'
'zaf_shilling_5_2',1929,'none'
'zaf_shilling_5_2',1930,'none'
'zaf_shilling_5_2',1931,'none'
'zaf_shilling_5_2',1932,'none'
'zaf_shilling_5_2',1933,'none'
'zaf_shilling_5_2',1934,'none'
'zaf_shilling_5_2',1935,'none'
'zaf_shilling_5_2',1936,'none'
'zaf_shilling_5_2',1937,'none'
'zaf_shilling_5_2',1938,'none'
'zaf_shilling_5_2',1939,'none'
'zaf_shilling_5_2',1940,'none'
'zaf_shilling_5_2',1941,'none'
'zaf_shilling_5_2',1942,'none'
'zaf_shilling_5_2',1943,'none'
'zaf_shilling_5_2',1944,'none'
'zaf_shilling_5_2',1945,'none'
'zaf_shilling_5_2',1946,'none'
'zaf_shilling_5_2',1947,'none'
'zaf_shilling_5_2',1948,'none'
'zaf_shilling_5_2',1949,'none'
'zaf_shilling_5_2',1950,'none'
'zaf_shilling_5_2',1951,'none'
'zaf_shilling_5_3',1951,'none'
'zaf_shilling_5_3',1952,'none'
'zaf_shilling_5_3',1953,'none'
'zaf_shilling_5_3',1954,'none'
'zaf_shilling_5_3',1955,'none'
'zaf_shilling_5_3',1956,'none'
'zaf_shilling_5_3',1957,'none'
'zaf_shilling_5_3',1958,'none'
'zaf_shilling_5_3',1959,'none'
'zaf_shilling_5_3',1960,'none'
'zaf_shilling_fractional_2_1_2_1',1892,'none'
'zaf_shilling_fractional_2_1_2_1',1893,'none'
'zaf_shilling_fractional_2_1_2_1',1894,'none'
'zaf_shilling_fractional_2_1_2_1',1895,'none'
'zaf_shilling_fractional_2_1_2_1',1896,'none'
'zaf_shilling_fractional_2_1_2_1',1897,'none'
'zaf_shilling_fractional_2_1_2_2',1923,'none'
'zaf_shilling_fractional_2_1_2_2',1924,'none'
'zaf_shilling_fractional_2_1_2_2',1925,'none'
'zaf_shilling_fractional_2_1_2_2',1926,'none'
'zaf_shilling_fractional_2_1_2_2',1927,'none'
'zaf_shilling_fractional_2_1_2_2',1928,'none'
'zaf_shilling_fractional_2_1_2_2',1929,'none'
'zaf_shilling_fractional_2_1_2_2',1930,'none'
'zaf_shilling_fractional_2_1_2_2',1931,'none'
'zaf_shilling_fractional_2_1_2_2',1932,'none'
'zaf_shilling_fractional_2_1_2_2',1933,'none'
'zaf_shilling_fractional_2_1_2_2',1934,'none'
'zaf_shilling_fractional_2_1_2_2',1935,'none'
'zaf_shilling_fractional_2_1_2_2',1936,'none'
'zaf_shilling_fractional_2_1_2_2',1937,'none'
'zaf_shilling_fractional_2_1_2_2',1938,'none'
'zaf_shilling_fractional_2_1_2_2',1939,'none'
'zaf_shilling_fractional_2_1_2_2',1940,'none'
'zaf_shilling_fractional_2_1_2_2',1941,'none'
'zaf_shilling_fractional_2_1_2_2',1942,'none'
'zaf_shilling_fractional_2_1_2_2',1943,'none'
'zaf_shilling_fractional_2_1_2_2',1944,'none'
'zaf_shilling_fractional_2_1_2_2',1945,'none'
'zaf_shilling_fractional_2_1_2_2',1946,'none'
'zaf_shilling_fractional_2_1_2_2',1947,'none'
'zaf_shilling_fractional_2_1_2_2',1948,'none'
'zaf_shilling_fractional_2_1_2_2',1949,'none'
'zaf_shilling_fractional_2_1_2_2',1950,'none'
'zaf_shilling_fractional_2_1_2_2',1951,'none'
'zaf_shilling_fractional_2_1_2_3',1951,'none'
'zaf_shilling_fractional_2_1_2_3',1952,'none'
'zaf_shilling_fractional_2_1_2_3',1953,'none'
'zaf_shilling_fractional_2_1_2_3',1954,'none'
'zaf_shilling_fractional_2_1_2_3',1955,'none'
'zaf_shilling_fractional_2_1_2_3',1956,'none'
'zaf_shilling_fractional_2_1_2_3',1957,'none'
'zaf_shilling_fractional_2_1_2_3',1958,'none'
'zaf_shilling_fractional_2_1_2_3',1959,'none'
'zaf_shilling_fractional_2_1_2_3',1960,'none'
'zaf_sovereign_1_1',1923,'none'
'zaf_sovereign_1_1',1924,'none'
'zaf_sovereign_1_1',1925,'none'
'zaf_sovereign_1_1',1926,'none'
'zaf_sovereign_1_1',1927,'none'
'zaf_sovereign_1_1',1928,'none'
'zaf_sovereign_1_1',1929,'none'
'zaf_sovereign_1_1',1930,'none'
'zaf_sovereign_1_1',1931,'none'
'zaf_sovereign_1_1',1932,'none'
'zaf_sovereign_fractional_1_2_1',1923,'none'
'zaf_sovereign_fractional_1_2_1',1924,'none'
'zaf_sovereign_fractional_1_2_1',1925,'none'
'zaf_sovereign_fractional_1_2_1',1926,'none'
'zaf_sovereign_fractional_1_2_1',1927,'none'
'zaf_sovereign_fractional_1_2_1',1928,'none'
'zaf_sovereign_fractional_1_2_1',1929,'none'
'zaf_sovereign_fractional_1_2_1',1930,'none'
'zaf_sovereign_fractional_1_2_1',1931,'none'
'zaf_sovereign_fractional_1_2_1',1932,'none'
